Resolving dependencies...
Downloading packages...
  _flutterfire_internals 1.3.59 (1.3.77 available)
  archive 4.0.7 (4.3.0 available)
  async 2.13.0 (2.13.1 available)
  bloc 8.1.4 (9.2.1 available)
  camera 0.12.0+1 (0.12.1 available)
  camera_android_camerax 0.7.2 (0.7.5+1 available)
! camera_avfoundation 0.10.1 from path packages/camera_avfoundation_fullrange (overridden)
  camera_platform_interface 2.13.0 (2.14.0 available)
  camera_web 0.3.5+3 (0.3.5+6 available)
  characters 1.4.0 (1.4.1 available)
  cli_util 0.4.2 (0.6.0 available)
  clock 1.1.2 (1.1.3 available)
  cloud_firestore 5.6.12 (6.10.0 available)
  cloud_firestore_platform_interface 6.6.12 (8.0.7 available)
  cloud_firestore_web 4.4.12 (5.7.3 available)
  code_assets 1.2.1 (2.1.0 available)
  cross_file 0.3.4+2 (0.4.0 available)
  crypto 3.0.6 (3.0.7 available)
  cupertino_icons 1.0.8 (2.0.0 available)
  dio 5.9.2 (5.11.1 available)
  dio_web_adapter 2.1.2 (2.2.2 available)
  equatable 2.0.7 (3.0.0 available)
  ffi 2.1.4 (2.2.0 available)
  firebase_auth 5.7.0 (6.7.0 available)
  firebase_auth_platform_interface 7.7.3 (9.1.0 available)
  firebase_auth_web 5.15.3 (6.3.0 available)
  firebase_core 3.15.2 (4.15.0 available)
  firebase_core_platform_interface 6.0.3 (8.1.1 available)
  firebase_core_web 2.24.1 (3.12.0 available)
  firebase_storage 12.4.10 (13.6.0 available)
  firebase_storage_platform_interface 5.2.10 (6.0.7 available)
  firebase_storage_web 3.10.17 (3.11.13 available)
  flutter_bloc 8.1.6 (9.1.1 available)
  flutter_launcher_icons 0.13.1 (0.14.4 available)
  flutter_lints 5.0.0 (6.0.0 available)
  flutter_plugin_android_lifecycle 2.0.28 (2.0.35 available)
  flutter_riverpod 2.6.1 (3.4.3 available)
  flutter_svg 2.1.0 (2.3.0 available)
  google_mlkit_commons 0.11.1 (0.13.0 available)
  google_mlkit_face_detection 0.13.2 (0.15.1 available)
  google_mlkit_pose_detection 0.14.1 (0.16.1 available)
  hooks 2.0.2 (2.2.0 available)
  http 1.4.0 (1.6.0 available)
  image 4.8.0 (4.10.1 available)
  image_picker 0.8.7 (1.2.3 available)
  image_picker_android 0.8.12+23 (0.8.13+25 available)
  image_picker_for_web 2.2.0 (3.1.1 available)
  image_picker_ios 0.8.12+2 (0.8.13+9 available)
  image_picker_platform_interface 2.10.1 (2.11.1 available)
  intl 0.20.2 (0.20.3 available)
  jni 1.0.3 (1.1.0 available)
  json_annotation 4.9.0 (4.12.0 available)
  lints 5.1.1 (6.1.0 available)
  logger 2.5.0 (2.8.0 available)
  matcher 0.12.17 (0.12.20 available)
  material_color_utilities 0.11.1 (0.13.1 available)
  mediapipe_face_mesh 1.8.0 (3.2.1 available)
  meta 1.17.0 (1.19.0 available)
  mime 1.0.6 (2.1.0 available)
  objective_c 9.5.0 (9.6.2 available)
  package_config 2.2.0 (3.0.0 available)
  path_provider_linux 2.2.1 (2.2.2 available)
  path_provider_platform_interface 2.1.2 (2.1.3 available)
  petitparser 6.1.0 (7.1.0 available)
  platform 3.1.6 (3.2.0 available)
  posix 6.0.3 (6.5.2 available)
  provider 6.1.5 (6.1.5+1 available)
  record_use 0.6.0 (1.1.1 available)
  riverpod 2.6.1 (3.4.3 available)
  share_plus 10.1.4 (13.3.1 available)
  share_plus_platform_interface 5.0.2 (7.2.0 available)
  shared_preferences_android 2.4.23 (2.4.28 available)
  shared_preferences_foundation 2.5.6 (2.5.7 available)
  source_span 1.10.1 (1.10.2 available)
  stack_trace 1.12.1 (1.12.2 available)
  stream_transform 2.1.1 (2.1.2 available)
  test_api 0.7.7 (0.7.14 available)
  url_launcher 6.3.2 (6.3.3 available)
  url_launcher_android 6.3.30 (6.3.33 available)
  url_launcher_ios 6.4.1 (6.4.2 available)
  url_launcher_linux 3.2.2 (3.2.3 available)
  url_launcher_macos 3.2.5 (3.2.6 available)
  url_launcher_windows 3.1.5 (3.1.6 available)
  vector_graphics 1.1.18 (1.2.3 available)
  vector_graphics_compiler 1.1.17 (1.3.0 available)
  vector_math 2.2.0 (2.4.3 available)
  video_player 2.11.1 (2.14.1 available)
  video_player_android 2.9.5 (2.12.2 available)
  vm_service 15.0.0 (15.3.0 available)
  win32 5.15.0 (6.4.0 available)
  xml 6.5.0 (7.1.0 available)
  yaml 3.1.3 (3.1.4 available)
Got dependencies!
91 packages have newer versions incompatible with dependency constraints.
Try `flutter pub outdated` for more information.
Analyzing mira...                                               

  error • Target of URI doesn't exist: '../../domain/face_map_session_provenance.dart' • docs/governance/MIRA_FACE_EXPLORER_FOUR_FIXES/source/lib/features/results_experience/presentation/face_explorer/face_explorer_image_loader.dart:6:8 • uri_does_not_exist
  error • Target of URI doesn't exist: '../../domain/perfect_mask_session.dart' • docs/governance/MIRA_FACE_EXPLORER_FOUR_FIXES/source/lib/features/results_experience/presentation/face_explorer/face_explorer_image_loader.dart:7:8 • uri_does_not_exist
  error • Target of URI doesn't exist: '../poc/apple_person_matting_poc_bridge.dart' • docs/governance/MIRA_FACE_EXPLORER_FOUR_FIXES/source/lib/features/results_experience/presentation/face_explorer/face_explorer_image_loader.dart:8:8 • uri_does_not_exist
  error • Undefined class 'PerfectMaskSession' • docs/governance/MIRA_FACE_EXPLORER_FOUR_FIXES/source/lib/features/results_experience/presentation/face_explorer/face_explorer_image_loader.dart:75:5 • undefined_class
  error • Undefined name 'FaceMapSessionProvenanceProbe' • docs/governance/MIRA_FACE_EXPLORER_FOUR_FIXES/source/lib/features/results_experience/presentation/face_explorer/face_explorer_image_loader.dart:96:13 • undefined_identifier
  error • Undefined class 'PerfectMaskSession' • docs/governance/MIRA_FACE_EXPLORER_FOUR_FIXES/source/lib/features/results_experience/presentation/face_explorer/face_explorer_image_loader.dart:114:5 • undefined_class
  error • Undefined name 'ApplePersonMattingPocBridge' • docs/governance/MIRA_FACE_EXPLORER_FOUR_FIXES/source/lib/features/results_experience/presentation/face_explorer/face_explorer_image_loader.dart:123:19 • undefined_identifier
  error • Undefined name 'PerfectMaskSession' • docs/governance/MIRA_FACE_EXPLORER_FOUR_FIXES/source/lib/features/results_experience/presentation/face_explorer/face_explorer_image_loader.dart:140:17 • undefined_identifier
  error • Target of URI doesn't exist: '../../../../shared/theme/colors.dart' • docs/governance/MIRA_FACE_EXPLORER_FOUR_FIXES/source/lib/features/results_experience/presentation/face_explorer/face_explorer_lens_panel.dart:5:8 • uri_does_not_exist
  error • Target of URI doesn't exist: '../../../../shared/theme/typography.dart' • docs/governance/MIRA_FACE_EXPLORER_FOUR_FIXES/source/lib/features/results_experience/presentation/face_explorer/face_explorer_lens_panel.dart:6:8 • uri_does_not_exist
  error • Target of URI doesn't exist: '../geometry/skin_face_map_visual_tokens.dart' • docs/governance/MIRA_FACE_EXPLORER_FOUR_FIXES/source/lib/features/results_experience/presentation/face_explorer/face_explorer_lens_panel.dart:8:8 • uri_does_not_exist
  error • Target of URI doesn't exist: '../widgets/perfect_mask_overlay.dart' • docs/governance/MIRA_FACE_EXPLORER_FOUR_FIXES/source/lib/features/results_experience/presentation/face_explorer/face_explorer_lens_panel.dart:9:8 • uri_does_not_exist
  error • Target of URI doesn't exist: 'face_explorer_controller.dart' • docs/governance/MIRA_FACE_EXPLORER_FOUR_FIXES/source/lib/features/results_experience/presentation/face_explorer/face_explorer_lens_panel.dart:10:8 • uri_does_not_exist
  error • Undefined name 'AppColors' • docs/governance/MIRA_FACE_EXPLORER_FOUR_FIXES/source/lib/features/results_experience/presentation/face_explorer/face_explorer_lens_panel.dart:56:16 • undefined_identifier
  error • Undefined name 'AppColors' • docs/governance/MIRA_FACE_EXPLORER_FOUR_FIXES/source/lib/features/results_experience/presentation/face_explorer/face_explorer_lens_panel.dart:58:35 • undefined_identifier
  error • Undefined name 'AppTypography' • docs/governance/MIRA_FACE_EXPLORER_FOUR_FIXES/source/lib/features/results_experience/presentation/face_explorer/face_explorer_lens_panel.dart:68:26 • undefined_identifier
  error • Undefined name 'SkinFaceMapVisualTokens' • docs/governance/MIRA_FACE_EXPLORER_FOUR_FIXES/source/lib/features/results_experience/presentation/face_explorer/face_explorer_lens_panel.dart:70:28 • undefined_identifier
  error • Undefined name 'AppColors' • docs/governance/MIRA_FACE_EXPLORER_FOUR_FIXES/source/lib/features/results_experience/presentation/face_explorer/face_explorer_lens_panel.dart:77:36 • undefined_identifier
  error • Undefined name 'AppTypography' • docs/governance/MIRA_FACE_EXPLORER_FOUR_FIXES/source/lib/features/results_experience/presentation/face_explorer/face_explorer_lens_panel.dart:83:26 • undefined_identifier
  error • Undefined name 'AppColors' • docs/governance/MIRA_FACE_EXPLORER_FOUR_FIXES/source/lib/features/results_experience/presentation/face_explorer/face_explorer_lens_panel.dart:85:28 • undefined_identifier
  error • Invalid constant value • docs/governance/MIRA_FACE_EXPLORER_FOUR_FIXES/source/lib/features/results_experience/presentation/face_explorer/face_explorer_lens_panel.dart:100:30 • invalid_constant
  error • Undefined name 'SkinFaceMapVisualTokens' • docs/governance/MIRA_FACE_EXPLORER_FOUR_FIXES/source/lib/features/results_experience/presentation/face_explorer/face_explorer_lens_panel.dart:100:30 • undefined_identifier
  error • Undefined name 'SkinFaceMapVisualTokens' • docs/governance/MIRA_FACE_EXPLORER_FOUR_FIXES/source/lib/features/results_experience/presentation/face_explorer/face_explorer_lens_panel.dart:118:28 • undefined_identifier
  error • The method 'PerfectMaskOverlay' isn't defined for the type 'FaceExplorerLensPanel' • docs/governance/MIRA_FACE_EXPLORER_FOUR_FIXES/source/lib/features/results_experience/presentation/face_explorer/face_explorer_lens_panel.dart:126:36 • undefined_method
  error • Undefined name 'AppTypography' • docs/governance/MIRA_FACE_EXPLORER_FOUR_FIXES/source/lib/features/results_experience/presentation/face_explorer/face_explorer_lens_panel.dart:185:22 • undefined_identifier
  error • Undefined name 'SkinFaceMapVisualTokens' • docs/governance/MIRA_FACE_EXPLORER_FOUR_FIXES/source/lib/features/results_experience/presentation/face_explorer/face_explorer_lens_panel.dart:187:24 • undefined_identifier
  error • Undefined name 'AppColors' • docs/governance/MIRA_FACE_EXPLORER_FOUR_FIXES/source/lib/features/results_experience/presentation/face_explorer/face_explorer_lens_panel.dart:202:30 • undefined_identifier
  error • The name 'FaceExplorerFocusShortcut' isn't a type, so it can't be used as a type argument • docs/governance/MIRA_FACE_EXPLORER_FOUR_FIXES/source/lib/features/results_experience/presentation/face_explorer/face_explorer_lens_panel.dart:265:22 • non_type_as_type_argument
  error • Undefined name 'AppTypography' • docs/governance/MIRA_FACE_EXPLORER_FOUR_FIXES/source/lib/features/results_experience/presentation/face_explorer/face_explorer_lens_panel.dart:274:18 • undefined_identifier
  error • Undefined name 'SkinFaceMapVisualTokens' • docs/governance/MIRA_FACE_EXPLORER_FOUR_FIXES/source/lib/features/results_experience/presentation/face_explorer/face_explorer_lens_panel.dart:276:20 • undefined_identifier
  error • Undefined name 'FaceExplorerController' • docs/governance/MIRA_FACE_EXPLORER_FOUR_FIXES/source/lib/features/results_experience/presentation/face_explorer/face_explorer_lens_panel.dart:281:21 • undefined_identifier
  error • Undefined name 'AppColors' • docs/governance/MIRA_FACE_EXPLORER_FOUR_FIXES/source/lib/features/results_experience/presentation/face_explorer/face_explorer_lens_panel.dart:288:25 • undefined_identifier
  error • Undefined name 'AppColors' • docs/governance/MIRA_FACE_EXPLORER_FOUR_FIXES/source/lib/features/results_experience/presentation/face_explorer/face_explorer_lens_panel.dart:289:25 • undefined_identifier
  error • Undefined name 'AppColors' • docs/governance/MIRA_FACE_EXPLORER_FOUR_FIXES/source/lib/features/results_experience/presentation/face_explorer/face_explorer_lens_panel.dart:301:33 • undefined_identifier
  error • Undefined name 'AppColors' • docs/governance/MIRA_FACE_EXPLORER_FOUR_FIXES/source/lib/features/results_experience/presentation/face_explorer/face_explorer_lens_panel.dart:302:33 • undefined_identifier
  error • Undefined name 'AppTypography' • docs/governance/MIRA_FACE_EXPLORER_FOUR_FIXES/source/lib/features/results_experience/presentation/face_explorer/face_explorer_lens_panel.dart:307:32 • undefined_identifier
  error • Undefined name 'AppColors' • docs/governance/MIRA_FACE_EXPLORER_FOUR_FIXES/source/lib/features/results_experience/presentation/face_explorer/face_explorer_lens_panel.dart:310:33 • undefined_identifier
  error • Undefined name 'AppColors' • docs/governance/MIRA_FACE_EXPLORER_FOUR_FIXES/source/lib/features/results_experience/presentation/face_explorer/face_explorer_lens_panel.dart:311:33 • undefined_identifier
  error • Undefined name 'AppTypography' • docs/governance/MIRA_FACE_EXPLORER_FOUR_FIXES/source/lib/features/results_experience/presentation/face_explorer/face_explorer_lens_panel.dart:325:20 • undefined_identifier
  error • Undefined name 'SkinFaceMapVisualTokens' • docs/governance/MIRA_FACE_EXPLORER_FOUR_FIXES/source/lib/features/results_experience/presentation/face_explorer/face_explorer_lens_panel.dart:326:22 • undefined_identifier
  error • Undefined name 'AppColors' • docs/governance/MIRA_FACE_EXPLORER_FOUR_FIXES/source/lib/features/results_experience/presentation/face_explorer/face_explorer_lens_panel.dart:360:15 • undefined_identifier
  error • Undefined name 'AppColors' • docs/governance/MIRA_FACE_EXPLORER_FOUR_FIXES/source/lib/features/results_experience/presentation/face_explorer/face_explorer_lens_panel.dart:361:15 • undefined_identifier
  error • Undefined name 'AppColors' • docs/governance/MIRA_FACE_EXPLORER_FOUR_FIXES/source/lib/features/results_experience/presentation/face_explorer/face_explorer_lens_panel.dart:365:17 • undefined_identifier
  error • Undefined name 'AppColors' • docs/governance/MIRA_FACE_EXPLORER_FOUR_FIXES/source/lib/features/results_experience/presentation/face_explorer/face_explorer_lens_panel.dart:366:17 • undefined_identifier
  error • Undefined name 'AppColors' • docs/governance/MIRA_FACE_EXPLORER_FOUR_FIXES/source/lib/features/results_experience/presentation/face_explorer/face_explorer_lens_panel.dart:372:39 • undefined_identifier
  error • Undefined name 'AppTypography' • docs/governance/MIRA_FACE_EXPLORER_FOUR_FIXES/source/lib/features/results_experience/presentation/face_explorer/face_explorer_lens_panel.dart:378:22 • undefined_identifier
  error • Undefined name 'SkinFaceMapVisualTokens' • docs/governance/MIRA_FACE_EXPLORER_FOUR_FIXES/source/lib/features/results_experience/presentation/face_explorer/face_explorer_lens_panel.dart:381:24 • undefined_identifier
  error • Target of URI doesn't exist: '../geometry/skin_face_map_visual_tokens.dart' • docs/governance/MIRA_FACE_EXPLORER_FOUR_FIXES/source/lib/features/results_experience/presentation/face_explorer/face_explorer_mask_presentation.dart:6:8 • uri_does_not_exist
  error • Undefined class 'PerfectMaskPresentationProfile' • docs/governance/MIRA_FACE_EXPLORER_FOUR_FIXES/source/lib/features/results_experience/presentation/face_explorer/face_explorer_mask_presentation.dart:18:14 • undefined_class
  error • Undefined class 'PerfectMaskPresentationProfile' • docs/governance/MIRA_FACE_EXPLORER_FOUR_FIXES/source/lib/features/results_experience/presentation/face_explorer/face_explorer_mask_presentation.dart:43:9 • undefined_class
  error • Undefined class 'PerfectMaskPresentationProfile' • docs/governance/MIRA_FACE_EXPLORER_FOUR_FIXES/source/lib/features/results_experience/presentation/face_explorer/face_explorer_mask_presentation.dart:48:10 • undefined_class
  error • Undefined name 'SkinFaceMapVisualTokens' • docs/governance/MIRA_FACE_EXPLORER_FOUR_FIXES/source/lib/features/results_experience/presentation/face_explorer/face_explorer_mask_presentation.dart:49:18 • undefined_identifier
  error • Undefined name 'PerfectMaskPresentationProfile' • docs/governance/MIRA_FACE_EXPLORER_FOUR_FIXES/source/lib/features/results_experience/presentation/face_explorer/face_explorer_mask_presentation.dart:50:36 • undefined_identifier
  error • Undefined name 'PerfectMaskPresentationProfile' • docs/governance/MIRA_FACE_EXPLORER_FOUR_FIXES/source/lib/features/results_experience/presentation/face_explorer/face_explorer_mask_presentation.dart:51:37 • undefined_identifier
  error • Undefined name 'PerfectMaskPresentationProfile' • docs/governance/MIRA_FACE_EXPLORER_FOUR_FIXES/source/lib/features/results_experience/presentation/face_explorer/face_explorer_mask_presentation.dart:52:25 • undefined_identifier
  error • Undefined name 'PerfectMaskPresentationProfile' • docs/governance/MIRA_FACE_EXPLORER_FOUR_FIXES/source/lib/features/results_experience/presentation/face_explorer/face_explorer_mask_presentation.dart:53:25 • undefined_identifier
  error • Undefined name 'PerfectMaskPresentationProfile' • docs/governance/MIRA_FACE_EXPLORER_FOUR_FIXES/source/lib/features/results_experience/presentation/face_explorer/face_explorer_mask_presentation.dart:54:35 • undefined_identifier
  error • The method 'PerfectMaskPresentationProfile' isn't defined for the type 'FaceExplorerMaskPresentation' • docs/governance/MIRA_FACE_EXPLORER_FOUR_FIXES/source/lib/features/results_experience/presentation/face_explorer/face_explorer_mask_presentation.dart:57:12 • undefined_method
  error • Target of URI doesn't exist: '../../../../shared/theme/colors.dart' • docs/governance/MIRA_FACE_EXPLORER_FOUR_FIXES/source/lib/features/results_experience/presentation/face_explorer/face_explorer_metrics.dart:3:8 • uri_does_not_exist
  error • Target of URI doesn't exist: '../../../../shared/theme/typography.dart' • docs/governance/MIRA_FACE_EXPLORER_FOUR_FIXES/source/lib/features/results_experience/presentation/face_explorer/face_explorer_metrics.dart:4:8 • uri_does_not_exist
  error • Target of URI doesn't exist: '../../contracts/result_presentation_vms.dart' • docs/governance/MIRA_FACE_EXPLORER_FOUR_FIXES/source/lib/features/results_experience/presentation/face_explorer/face_explorer_metrics.dart:5:8 • uri_does_not_exist
  error • Target of URI doesn't exist: '../../semantics/metric_presentation_policy.dart' • docs/governance/MIRA_FACE_EXPLORER_FOUR_FIXES/source/lib/features/results_experience/presentation/face_explorer/face_explorer_metrics.dart:6:8 • uri_does_not_exist
  error • Target of URI doesn't exist: '../geometry/skin_face_map_visual_tokens.dart' • docs/governance/MIRA_FACE_EXPLORER_FOUR_FIXES/source/lib/features/results_experience/presentation/face_explorer/face_explorer_metrics.dart:7:8 • uri_does_not_exist
  error • Target of URI doesn't exist: 'face_explorer_controller.dart' • docs/governance/MIRA_FACE_EXPLORER_FOUR_FIXES/source/lib/features/results_experience/presentation/face_explorer/face_explorer_metrics.dart:8:8 • uri_does_not_exist
  error • The name 'ResultMapConcernVM' isn't a type, so it can't be used as a type argument • docs/governance/MIRA_FACE_EXPLORER_FOUR_FIXES/source/lib/features/results_experience/presentation/face_explorer/face_explorer_metrics.dart:45:14 • non_type_as_type_argument
  error • Undefined name 'AppTypography' • docs/governance/MIRA_FACE_EXPLORER_FOUR_FIXES/source/lib/features/results_experience/presentation/face_explorer/face_explorer_metrics.dart:61:24 • undefined_identifier
  error • Undefined name 'SkinFaceMapVisualTokens' • docs/governance/MIRA_FACE_EXPLORER_FOUR_FIXES/source/lib/features/results_experience/presentation/face_explorer/face_explorer_metrics.dart:63:26 • undefined_identifier
  error • Undefined name 'AppColors' • docs/governance/MIRA_FACE_EXPLORER_FOUR_FIXES/source/lib/features/results_experience/presentation/face_explorer/face_explorer_metrics.dart:70:34 • undefined_identifier
  error • Undefined name 'AppTypography' • docs/governance/MIRA_FACE_EXPLORER_FOUR_FIXES/source/lib/features/results_experience/presentation/face_explorer/face_explorer_metrics.dart:76:24 • undefined_identifier
  error • Undefined name 'AppColors' • docs/governance/MIRA_FACE_EXPLORER_FOUR_FIXES/source/lib/features/results_experience/presentation/face_explorer/face_explorer_metrics.dart:78:26 • undefined_identifier
  error • Undefined name 'FaceExplorerController' • docs/governance/MIRA_FACE_EXPLORER_FOUR_FIXES/source/lib/features/results_experience/presentation/face_explorer/face_explorer_metrics.dart:88:23 • undefined_identifier
  error • Undefined name 'MetricPresentationPolicy' • docs/governance/MIRA_FACE_EXPLORER_FOUR_FIXES/source/lib/features/results_experience/presentation/face_explorer/face_explorer_metrics.dart:114:19 • undefined_identifier
  error • Undefined name 'MetricPresentationPolicy' • docs/governance/MIRA_FACE_EXPLORER_FOUR_FIXES/source/lib/features/results_experience/presentation/face_explorer/face_explorer_metrics.dart:117:11 • undefined_identifier
  error • Undefined name 'MetricPresentationPolicy' • docs/governance/MIRA_FACE_EXPLORER_FOUR_FIXES/source/lib/features/results_experience/presentation/face_explorer/face_explorer_metrics.dart:124:11 • undefined_identifier
  error • Undefined name 'AppTypography' • docs/governance/MIRA_FACE_EXPLORER_FOUR_FIXES/source/lib/features/results_experience/presentation/face_explorer/face_explorer_metrics.dart:147:26 • undefined_identifier
  error • Undefined name 'AppTypography' • docs/governance/MIRA_FACE_EXPLORER_FOUR_FIXES/source/lib/features/results_experience/presentation/face_explorer/face_explorer_metrics.dart:155:26 • undefined_identifier
  error • Undefined name 'SkinFaceMapVisualTokens' • docs/governance/MIRA_FACE_EXPLORER_FOUR_FIXES/source/lib/features/results_experience/presentation/face_explorer/face_explorer_metrics.dart:156:28 • undefined_identifier
  error • Undefined name 'AppTypography' • docs/governance/MIRA_FACE_EXPLORER_FOUR_FIXES/source/lib/features/results_experience/presentation/face_explorer/face_explorer_metrics.dart:171:26 • undefined_identifier
  error • Undefined name 'SkinFaceMapVisualTokens' • docs/governance/MIRA_FACE_EXPLORER_FOUR_FIXES/source/lib/features/results_experience/presentation/face_explorer/face_explorer_metrics.dart:175:28 • undefined_identifier
  error • Undefined name 'AppTypography' • docs/governance/MIRA_FACE_EXPLORER_FOUR_FIXES/source/lib/features/results_experience/presentation/face_explorer/face_explorer_metrics.dart:180:26 • undefined_identifier
  error • Undefined name 'SkinFaceMapVisualTokens' • docs/governance/MIRA_FACE_EXPLORER_FOUR_FIXES/source/lib/features/results_experience/presentation/face_explorer/face_explorer_metrics.dart:181:28 • undefined_identifier
  error • Undefined name 'AppTypography' • docs/governance/MIRA_FACE_EXPLORER_FOUR_FIXES/source/lib/features/results_experience/presentation/face_explorer/face_explorer_metrics.dart:195:28 • undefined_identifier
  error • Undefined name 'SkinFaceMapVisualTokens' • docs/governance/MIRA_FACE_EXPLORER_FOUR_FIXES/source/lib/features/results_experience/presentation/face_explorer/face_explorer_metrics.dart:197:30 • undefined_identifier
  error • Undefined name 'AppTypography' • docs/governance/MIRA_FACE_EXPLORER_FOUR_FIXES/source/lib/features/results_experience/presentation/face_explorer/face_explorer_metrics.dart:202:26 • undefined_identifier
  error • Undefined name 'SkinFaceMapVisualTokens' • docs/governance/MIRA_FACE_EXPLORER_FOUR_FIXES/source/lib/features/results_experience/presentation/face_explorer/face_explorer_metrics.dart:203:28 • undefined_identifier
  error • The name 'ResultMapConcernVM' isn't a type, so it can't be used as a type argument • docs/governance/MIRA_FACE_EXPLORER_FOUR_FIXES/source/lib/features/results_experience/presentation/face_explorer/face_explorer_metrics.dart:226:14 • non_type_as_type_argument
  error • Undefined class 'ResultMapConcernVM' • docs/governance/MIRA_FACE_EXPLORER_FOUR_FIXES/source/lib/features/results_experience/presentation/face_explorer/face_explorer_metrics.dart:232:19 • undefined_class
  error • The name 'ResultMapConcernVM' isn't a type, so it can't be used as a type argument • docs/governance/MIRA_FACE_EXPLORER_FOUR_FIXES/source/lib/features/results_experience/presentation/face_explorer/face_explorer_metrics.dart:238:8 • non_type_as_type_argument
  error • The name 'ResultMapConcernVM' isn't a type, so it can't be used as a type argument • docs/governance/MIRA_FACE_EXPLORER_FOUR_FIXES/source/lib/features/results_experience/presentation/face_explorer/face_explorer_metrics.dart:239:18 • non_type_as_type_argument
  error • Undefined class 'ResultMapConcernVM' • docs/governance/MIRA_FACE_EXPLORER_FOUR_FIXES/source/lib/features/results_experience/presentation/face_explorer/face_explorer_metrics.dart:242:7 • undefined_class
  error • The property 'id' can't be unconditionally accessed because the receiver can be 'null' • docs/governance/MIRA_FACE_EXPLORER_FOUR_FIXES/source/lib/features/results_experience/presentation/face_explorer/face_explorer_metrics.dart:269:36 • unchecked_use_of_nullable_value
  error • Undefined name 'MetricPresentationPolicy' • docs/governance/MIRA_FACE_EXPLORER_FOUR_FIXES/source/lib/features/results_experience/presentation/face_explorer/face_explorer_metrics.dart:270:23 • undefined_identifier
  error • The property 'id' can't be unconditionally accessed because the receiver can be 'null' • docs/governance/MIRA_FACE_EXPLORER_FOUR_FIXES/source/lib/features/results_experience/presentation/face_explorer/face_explorer_metrics.dart:270:64 • unchecked_use_of_nullable_value
  error • Undefined name 'SkinFaceMapVisualTokens' • docs/governance/MIRA_FACE_EXPLORER_FOUR_FIXES/source/lib/features/results_experience/presentation/face_explorer/face_explorer_metrics.dart:271:24 • undefined_identifier
  error • The property 'id' can't be unconditionally accessed because the receiver can be 'null' • docs/governance/MIRA_FACE_EXPLORER_FOUR_FIXES/source/lib/features/results_experience/presentation/face_explorer/face_explorer_metrics.dart:271:67 • unchecked_use_of_nullable_value
  error • Undefined name 'AppColors' • docs/governance/MIRA_FACE_EXPLORER_FOUR_FIXES/source/lib/features/results_experience/presentation/face_explorer/face_explorer_metrics.dart:277:58 • undefined_identifier
  error • The property 'id' can't be unconditionally accessed because the receiver can be 'null' • docs/governance/MIRA_FACE_EXPLORER_FOUR_FIXES/source/lib/features/results_experience/presentation/face_explorer/face_explorer_metrics.dart:281:39 • unchecked_use_of_nullable_value
  error • Undefined name 'AppColors' • docs/governance/MIRA_FACE_EXPLORER_FOUR_FIXES/source/lib/features/results_experience/presentation/face_explorer/face_explorer_metrics.dart:291:27 • undefined_identifier
  error • The property 'id' can't be unconditionally accessed because the receiver can be 'null' • docs/governance/MIRA_FACE_EXPLORER_FOUR_FIXES/source/lib/features/results_experience/presentation/face_explorer/face_explorer_metrics.dart:299:48 • unchecked_use_of_nullable_value
  error • Undefined name 'AppColors' • docs/governance/MIRA_FACE_EXPLORER_FOUR_FIXES/source/lib/features/results_experience/presentation/face_explorer/face_explorer_metrics.dart:301:44 • undefined_identifier
  error • Undefined name 'AppTypography' • docs/governance/MIRA_FACE_EXPLORER_FOUR_FIXES/source/lib/features/results_experience/presentation/face_explorer/face_explorer_metrics.dart:309:32 • undefined_identifier
  error • Undefined name 'AppColors' • docs/governance/MIRA_FACE_EXPLORER_FOUR_FIXES/source/lib/features/results_experience/presentation/face_explorer/face_explorer_metrics.dart:312:48 • undefined_identifier
  error • Target of URI doesn't exist: '../../../../shared/theme/colors.dart' • docs/governance/MIRA_FACE_EXPLORER_FOUR_FIXES/source/lib/features/results_experience/presentation/face_explorer/face_explorer_stage.dart:4:8 • uri_does_not_exist
  error • Target of URI doesn't exist: '../../../../shared/theme/spacing.dart' • docs/governance/MIRA_FACE_EXPLORER_FOUR_FIXES/source/lib/features/results_experience/presentation/face_explorer/face_explorer_stage.dart:5:8 • uri_does_not_exist
  error • Target of URI doesn't exist: '../../../../shared/theme/typography.dart' • docs/governance/MIRA_FACE_EXPLORER_FOUR_FIXES/source/lib/features/results_experience/presentation/face_explorer/face_explorer_stage.dart:6:8 • uri_does_not_exist
  error • Target of URI doesn't exist: '../../domain/face_map_overlay_decision.dart' • docs/governance/MIRA_FACE_EXPLORER_FOUR_FIXES/source/lib/features/results_experience/presentation/face_explorer/face_explorer_stage.dart:7:8 • uri_does_not_exist
  error • Target of URI doesn't exist: '../../semantics/metric_presentation_policy.dart' • docs/governance/MIRA_FACE_EXPLORER_FOUR_FIXES/source/lib/features/results_experience/presentation/face_explorer/face_explorer_stage.dart:8:8 • uri_does_not_exist
  error • Target of URI doesn't exist: '../geometry/shared_image_mask_fit.dart' • docs/governance/MIRA_FACE_EXPLORER_FOUR_FIXES/source/lib/features/results_experience/presentation/face_explorer/face_explorer_stage.dart:10:8 • uri_does_not_exist
  error • Target of URI doesn't exist: '../geometry/skin_face_explorer_layer_isolation.dart' • docs/governance/MIRA_FACE_EXPLORER_FOUR_FIXES/source/lib/features/results_experience/presentation/face_explorer/face_explorer_stage.dart:11:8 • uri_does_not_exist
  error • Target of URI doesn't exist: '../geometry/skin_face_map_visual_tokens.dart' • docs/governance/MIRA_FACE_EXPLORER_FOUR_FIXES/source/lib/features/results_experience/presentation/face_explorer/face_explorer_stage.dart:12:8 • uri_does_not_exist
  error • Target of URI doesn't exist: '../widgets/perfect_mask_overlay.dart' • docs/governance/MIRA_FACE_EXPLORER_FOUR_FIXES/source/lib/features/results_experience/presentation/face_explorer/face_explorer_stage.dart:13:8 • uri_does_not_exist
  error • Target of URI doesn't exist: '../widgets/perfect_mask_region_callout.dart' • docs/governance/MIRA_FACE_EXPLORER_FOUR_FIXES/source/lib/features/results_experience/presentation/face_explorer/face_explorer_stage.dart:14:8 • uri_does_not_exist
  error • Undefined class 'FaceMapOverlayDecision' • docs/governance/MIRA_FACE_EXPLORER_FOUR_FIXES/source/lib/features/results_experience/presentation/face_explorer/face_explorer_stage.dart:40:9 • undefined_class
  error • Undefined name 'SharedImageMaskFit' • docs/governance/MIRA_FACE_EXPLORER_FOUR_FIXES/source/lib/features/results_experience/presentation/face_explorer/face_explorer_stage.dart:64:18 • undefined_identifier
  error • Undefined name 'SkinFaceMapVisualTokens' • docs/governance/MIRA_FACE_EXPLORER_FOUR_FIXES/source/lib/features/results_experience/presentation/face_explorer/face_explorer_stage.dart:82:18 • undefined_identifier
  error • Undefined name 'SkinFaceMapVisualTokens' • docs/governance/MIRA_FACE_EXPLORER_FOUR_FIXES/source/lib/features/results_experience/presentation/face_explorer/face_explorer_stage.dart:88:9 • undefined_identifier
  error • Undefined name 'MetricPresentationPolicy' • docs/governance/MIRA_FACE_EXPLORER_FOUR_FIXES/source/lib/features/results_experience/presentation/face_explorer/face_explorer_stage.dart:91:11 • undefined_identifier
  error • Undefined name 'SkinFaceExplorerLayerIsolation' • docs/governance/MIRA_FACE_EXPLORER_FOUR_FIXES/source/lib/features/results_experience/presentation/face_explorer/face_explorer_stage.dart:96:25 • undefined_identifier
warning • The '!' will have no effect because the receiver can't be null • docs/governance/MIRA_FACE_EXPLORER_FOUR_FIXES/source/lib/features/results_experience/presentation/face_explorer/face_explorer_stage.dart:141:48 • unnecessary_non_null_assertion
  error • Undefined name 'SkinFaceMapVisualTokens' • docs/governance/MIRA_FACE_EXPLORER_FOUR_FIXES/source/lib/features/results_experience/presentation/face_explorer/face_explorer_stage.dart:149:32 • undefined_identifier
  error • The method 'PerfectMaskOverlay' isn't defined for the type '_FaceExplorerStageState' • docs/governance/MIRA_FACE_EXPLORER_FOUR_FIXES/source/lib/features/results_experience/presentation/face_explorer/face_explorer_stage.dart:155:31 • undefined_method
  error • Undefined name 'SkinFaceMapVisualTokens' • docs/governance/MIRA_FACE_EXPLORER_FOUR_FIXES/source/lib/features/results_experience/presentation/face_explorer/face_explorer_stage.dart:183:39 • undefined_identifier
  error • Undefined name 'SkinFaceMapVisualTokens' • docs/governance/MIRA_FACE_EXPLORER_FOUR_FIXES/source/lib/features/results_experience/presentation/face_explorer/face_explorer_stage.dart:184:39 • undefined_identifier
  error • Undefined name 'SkinFaceExplorerLayerIsolation' • docs/governance/MIRA_FACE_EXPLORER_FOUR_FIXES/source/lib/features/results_experience/presentation/face_explorer/face_explorer_stage.dart:189:35 • undefined_identifier
  error • The method 'PerfectMaskCalloutConnector' isn't defined for the type '_FaceExplorerStageState' • docs/governance/MIRA_FACE_EXPLORER_FOUR_FIXES/source/lib/features/results_experience/presentation/face_explorer/face_explorer_stage.dart:200:43 • undefined_method
  error • The method 'PerfectMaskRegionCallout' isn't defined for the type '_FaceExplorerStageState' • docs/governance/MIRA_FACE_EXPLORER_FOUR_FIXES/source/lib/features/results_experience/presentation/face_explorer/face_explorer_stage.dart:203:43 • undefined_method
  error • Undefined name 'MetricPresentationPolicy' • docs/governance/MIRA_FACE_EXPLORER_FOUR_FIXES/source/lib/features/results_experience/presentation/face_explorer/face_explorer_stage.dart:205:49 • undefined_identifier
  error • Undefined name 'MetricPresentationPolicy' • docs/governance/MIRA_FACE_EXPLORER_FOUR_FIXES/source/lib/features/results_experience/presentation/face_explorer/face_explorer_stage.dart:208:49 • undefined_identifier
  error • Invalid constant value • docs/governance/MIRA_FACE_EXPLORER_FOUR_FIXES/source/lib/features/results_experience/presentation/face_explorer/face_explorer_stage.dart:223:45 • invalid_constant
  error • Undefined name 'AppColors' • docs/governance/MIRA_FACE_EXPLORER_FOUR_FIXES/source/lib/features/results_experience/presentation/face_explorer/face_explorer_stage.dart:223:45 • undefined_identifier
  error • Invalid constant value • docs/governance/MIRA_FACE_EXPLORER_FOUR_FIXES/source/lib/features/results_experience/presentation/face_explorer/face_explorer_stage.dart:278:36 • invalid_constant
  error • Undefined name 'AppSpacing' • docs/governance/MIRA_FACE_EXPLORER_FOUR_FIXES/source/lib/features/results_experience/presentation/face_explorer/face_explorer_stage.dart:278:36 • undefined_identifier
  error • Undefined name 'AppTypography' • docs/governance/MIRA_FACE_EXPLORER_FOUR_FIXES/source/lib/features/results_experience/presentation/face_explorer/face_explorer_stage.dart:281:22 • undefined_identifier
  error • Undefined name 'AppColors' • docs/governance/MIRA_FACE_EXPLORER_FOUR_FIXES/source/lib/features/results_experience/presentation/face_explorer/face_explorer_stage.dart:282:24 • undefined_identifier
  error • Invalid constant value • docs/governance/MIRA_FACE_EXPLORER_FOUR_FIXES/source/lib/features/results_experience/presentation/face_explorer/face_explorer_stage.dart:288:36 • invalid_constant
  error • Undefined name 'AppSpacing' • docs/governance/MIRA_FACE_EXPLORER_FOUR_FIXES/source/lib/features/results_experience/presentation/face_explorer/face_explorer_stage.dart:288:36 • undefined_identifier
  error • Undefined name 'AppTypography' • docs/governance/MIRA_FACE_EXPLORER_FOUR_FIXES/source/lib/features/results_experience/presentation/face_explorer/face_explorer_stage.dart:293:22 • undefined_identifier
  error • Undefined name 'SkinFaceMapVisualTokens' • docs/governance/MIRA_FACE_EXPLORER_FOUR_FIXES/source/lib/features/results_experience/presentation/face_explorer/face_explorer_stage.dart:294:24 • undefined_identifier
  error • Invalid constant value • docs/governance/MIRA_FACE_EXPLORER_FOUR_FIXES/source/lib/features/results_experience/presentation/face_explorer/face_explorer_stage.dart:300:36 • invalid_constant
  error • Undefined name 'AppSpacing' • docs/governance/MIRA_FACE_EXPLORER_FOUR_FIXES/source/lib/features/results_experience/presentation/face_explorer/face_explorer_stage.dart:300:36 • undefined_identifier
  error • Undefined name 'AppTypography' • docs/governance/MIRA_FACE_EXPLORER_FOUR_FIXES/source/lib/features/results_experience/presentation/face_explorer/face_explorer_stage.dart:303:22 • undefined_identifier
  error • Undefined name 'SkinFaceMapVisualTokens' • docs/governance/MIRA_FACE_EXPLORER_FOUR_FIXES/source/lib/features/results_experience/presentation/face_explorer/face_explorer_stage.dart:304:24 • undefined_identifier
  error • Undefined name 'AppColors' • docs/governance/MIRA_FACE_EXPLORER_FOUR_FIXES/source/lib/features/results_experience/presentation/face_explorer/face_explorer_stage.dart:326:16 • undefined_identifier
  error • Undefined name 'AppTypography' • docs/governance/MIRA_FACE_EXPLORER_FOUR_FIXES/source/lib/features/results_experience/presentation/face_explorer/face_explorer_stage.dart:331:16 • undefined_identifier
  error • Target of URI doesn't exist: 'shared_image_mask_fit.dart' • docs/governance/MIRA_FACE_EXPLORER_FOUR_FIXES/source/lib/features/results_experience/presentation/geometry/face_explorer_lens_geometry.dart:3:8 • uri_does_not_exist
  error • Undefined name 'SharedImageMaskFit' • docs/governance/MIRA_FACE_EXPLORER_FOUR_FIXES/source/lib/features/results_experience/presentation/geometry/face_explorer_lens_geometry.dart:23:24 • undefined_identifier
  error • Undefined name 'SharedImageMaskFit' • docs/governance/MIRA_FACE_EXPLORER_FOUR_FIXES/source/lib/features/results_experience/presentation/geometry/face_explorer_lens_geometry.dart:46:19 • undefined_identifier
  error • Target of URI doesn't exist: '../../../../shared/theme/colors.dart' • docs/governance/MIRA_FACE_EXPLORER_FOUR_FIXES/source/lib/features/results_experience/presentation/widgets/results_skin_map_panel.dart:4:8 • uri_does_not_exist
  error • Target of URI doesn't exist: '../../../../shared/theme/spacing.dart' • docs/governance/MIRA_FACE_EXPLORER_FOUR_FIXES/source/lib/features/results_experience/presentation/widgets/results_skin_map_panel.dart:5:8 • uri_does_not_exist
  error • Target of URI doesn't exist: '../../../../shared/theme/typography.dart' • docs/governance/MIRA_FACE_EXPLORER_FOUR_FIXES/source/lib/features/results_experience/presentation/widgets/results_skin_map_panel.dart:6:8 • uri_does_not_exist
  error • Target of URI doesn't exist: '../../contracts/result_enums.dart' • docs/governance/MIRA_FACE_EXPLORER_FOUR_FIXES/source/lib/features/results_experience/presentation/widgets/results_skin_map_panel.dart:7:8 • uri_does_not_exist
  error • Target of URI doesn't exist: '../../contracts/result_presentation_vms.dart' • docs/governance/MIRA_FACE_EXPLORER_FOUR_FIXES/source/lib/features/results_experience/presentation/widgets/results_skin_map_panel.dart:8:8 • uri_does_not_exist
  error • Target of URI doesn't exist: '../../domain/face_map_overlay_decision.dart' • docs/governance/MIRA_FACE_EXPLORER_FOUR_FIXES/source/lib/features/results_experience/presentation/widgets/results_skin_map_panel.dart:9:8 • uri_does_not_exist
  error • Target of URI doesn't exist: '../../domain/face_map_session_evidence_exporter.dart' • docs/governance/MIRA_FACE_EXPLORER_FOUR_FIXES/source/lib/features/results_experience/presentation/widgets/results_skin_map_panel.dart:10:8 • uri_does_not_exist
  error • Target of URI doesn't exist: '../../domain/perfect_mask_session.dart' • docs/governance/MIRA_FACE_EXPLORER_FOUR_FIXES/source/lib/features/results_experience/presentation/widgets/results_skin_map_panel.dart:11:8 • uri_does_not_exist
  error • Target of URI doesn't exist: '../../domain/perfect_spatial_skin_concern_contract.dart' • docs/governance/MIRA_FACE_EXPLORER_FOUR_FIXES/source/lib/features/results_experience/presentation/widgets/results_skin_map_panel.dart:12:8 • uri_does_not_exist
  error • Target of URI doesn't exist: '../../truth/skin_claim_policy.dart' • docs/governance/MIRA_FACE_EXPLORER_FOUR_FIXES/source/lib/features/results_experience/presentation/widgets/results_skin_map_panel.dart:13:8 • uri_does_not_exist
  error • Target of URI doesn't exist: '../../visibility/visibility_policy.dart' • docs/governance/MIRA_FACE_EXPLORER_FOUR_FIXES/source/lib/features/results_experience/presentation/widgets/results_skin_map_panel.dart:14:8 • uri_does_not_exist
  error • Target of URI doesn't exist: '../face_explorer/face_explorer_controller.dart' • docs/governance/MIRA_FACE_EXPLORER_FOUR_FIXES/source/lib/features/results_experience/presentation/widgets/results_skin_map_panel.dart:15:8 • uri_does_not_exist
  error • Target of URI doesn't exist: '../face_explorer/face_explorer_details.dart' • docs/governance/MIRA_FACE_EXPLORER_FOUR_FIXES/source/lib/features/results_experience/presentation/widgets/results_skin_map_panel.dart:16:8 • uri_does_not_exist
  error • Target of URI doesn't exist: '../geometry/skin_face_explorer_layer_isolation.dart' • docs/governance/MIRA_FACE_EXPLORER_FOUR_FIXES/source/lib/features/results_experience/presentation/widgets/results_skin_map_panel.dart:22:8 • uri_does_not_exist
  error • Target of URI doesn't exist: '../geometry/skin_face_map_visual_tokens.dart' • docs/governance/MIRA_FACE_EXPLORER_FOUR_FIXES/source/lib/features/results_experience/presentation/widgets/results_skin_map_panel.dart:23:8 • uri_does_not_exist
  error • Undefined class 'ResultMapVM' • docs/governance/MIRA_FACE_EXPLORER_FOUR_FIXES/source/lib/features/results_experience/presentation/widgets/results_skin_map_panel.dart:48:9 • undefined_class
  error • The name 'ResultMetricVM' isn't a type, so it can't be used as a type argument • docs/governance/MIRA_FACE_EXPLORER_FOUR_FIXES/source/lib/features/results_experience/presentation/widgets/results_skin_map_panel.dart:49:14 • non_type_as_type_argument
  error • Undefined class 'PerfectMaskSession' • docs/governance/MIRA_FACE_EXPLORER_FOUR_FIXES/source/lib/features/results_experience/presentation/widgets/results_skin_map_panel.dart:61:9 • undefined_class
  error • Undefined class 'FaceExplorerController' • docs/governance/MIRA_FACE_EXPLORER_FOUR_FIXES/source/lib/features/results_experience/presentation/widgets/results_skin_map_panel.dart:68:14 • undefined_class
  error • The name 'ResultMapConcernVM' isn't a type, so it can't be used as a type argument • docs/governance/MIRA_FACE_EXPLORER_FOUR_FIXES/source/lib/features/results_experience/presentation/widgets/results_skin_map_panel.dart:98:8 • non_type_as_type_argument
  error • Undefined name 'VisibilityPolicy' • docs/governance/MIRA_FACE_EXPLORER_FOUR_FIXES/source/lib/features/results_experience/presentation/widgets/results_skin_map_panel.dart:99:21 • undefined_identifier
  error • The method 'FaceExplorerController' isn't defined for the type 'ResultsSkinMapPanelState' • docs/governance/MIRA_FACE_EXPLORER_FOUR_FIXES/source/lib/features/results_experience/presentation/widgets/results_skin_map_panel.dart:105:13 • undefined_method
  error • The property 'id' can't be unconditionally accessed because the receiver can be 'null' • docs/governance/MIRA_FACE_EXPLORER_FOUR_FIXES/source/lib/features/results_experience/presentation/widgets/results_skin_map_panel.dart:147:58 • unchecked_use_of_nullable_value
  error • The method 'nextSelectedMaskKey' isn't defined for the type 'ResultsSkinMapPanelState' • docs/governance/MIRA_FACE_EXPLORER_FOUR_FIXES/source/lib/features/results_experience/presentation/widgets/results_skin_map_panel.dart:148:18 • undefined_method
  error • Undefined name 'PerfectMaskSession' • docs/governance/MIRA_FACE_EXPLORER_FOUR_FIXES/source/lib/features/results_experience/presentation/widgets/results_skin_map_panel.dart:172:11 • undefined_identifier
  error • The name 'ResultMapConcernVM' isn't a type, so it can't be used as a type argument • docs/governance/MIRA_FACE_EXPLORER_FOUR_FIXES/source/lib/features/results_experience/presentation/widgets/results_skin_map_panel.dart:183:8 • non_type_as_type_argument
  error • The name 'ResultMapConcernVM' isn't a type, so it can't be used as a type argument • docs/governance/MIRA_FACE_EXPLORER_FOUR_FIXES/source/lib/features/results_experience/presentation/widgets/results_skin_map_panel.dart:184:27 • non_type_as_type_argument
  error • The name 'ResultMapConcernVM' isn't a type, so it can't be used as a type argument • docs/governance/MIRA_FACE_EXPLORER_FOUR_FIXES/source/lib/features/results_experience/presentation/widgets/results_skin_map_panel.dart:188:21 • non_type_as_type_argument
  error • The property 'id' can't be unconditionally accessed because the receiver can be 'null' • docs/governance/MIRA_FACE_EXPLORER_FOUR_FIXES/source/lib/features/results_experience/presentation/widgets/results_skin_map_panel.dart:203:31 • unchecked_use_of_nullable_value
  error • The name 'ResultMapConcernVM' isn't a type, so it can't be used as a type argument • docs/governance/MIRA_FACE_EXPLORER_FOUR_FIXES/source/lib/features/results_experience/presentation/widgets/results_skin_map_panel.dart:213:18 • non_type_as_type_argument
  error • Undefined name 'PerfectMaskSession' • docs/governance/MIRA_FACE_EXPLORER_FOUR_FIXES/source/lib/features/results_experience/presentation/widgets/results_skin_map_panel.dart:215:17 • undefined_identifier
  error • Undefined class 'PerfectMaskArtifact' • docs/governance/MIRA_FACE_EXPLORER_FOUR_FIXES/source/lib/features/results_experience/presentation/widgets/results_skin_map_panel.dart:222:14 • undefined_class
  error • Undefined name 'PerfectMaskMagnifierFocus' • docs/governance/MIRA_FACE_EXPLORER_FOUR_FIXES/source/lib/features/results_experience/presentation/widgets/results_skin_map_panel.dart:242:24 • undefined_identifier
  error • Undefined name 'FaceMapSessionEvidenceExporter' • docs/governance/MIRA_FACE_EXPLORER_FOUR_FIXES/source/lib/features/results_experience/presentation/widgets/results_skin_map_panel.dart:262:19 • undefined_identifier
  error • Undefined name 'FaceMapSessionEvidenceExporter' • docs/governance/MIRA_FACE_EXPLORER_FOUR_FIXES/source/lib/features/results_experience/presentation/widgets/results_skin_map_panel.dart:267:26 • undefined_identifier
  error • Const variables must be initialized with a constant value • docs/governance/MIRA_FACE_EXPLORER_FOUR_FIXES/source/lib/features/results_experience/presentation/widgets/results_skin_map_panel.dart:307:24 • const_initialized_with_non_constant_value
  error • Undefined name 'SkinFaceMapVisualTokens' • docs/governance/MIRA_FACE_EXPLORER_FOUR_FIXES/source/lib/features/results_experience/presentation/widgets/results_skin_map_panel.dart:307:24 • undefined_identifier
  error • Undefined name 'VisibilityState' • docs/governance/MIRA_FACE_EXPLORER_FOUR_FIXES/source/lib/features/results_experience/presentation/widgets/results_skin_map_panel.dart:309:34 • undefined_identifier
  error • Invalid constant value • docs/governance/MIRA_FACE_EXPLORER_FOUR_FIXES/source/lib/features/results_experience/presentation/widgets/results_skin_map_panel.dart:312:39 • invalid_constant
  error • Undefined name 'AppSpacing' • docs/governance/MIRA_FACE_EXPLORER_FOUR_FIXES/source/lib/features/results_experience/presentation/widgets/results_skin_map_panel.dart:312:39 • undefined_identifier
  error • Undefined name 'AppTypography' • docs/governance/MIRA_FACE_EXPLORER_FOUR_FIXES/source/lib/features/results_experience/presentation/widgets/results_skin_map_panel.dart:317:18 • undefined_identifier
  error • Undefined name 'SkinFaceMapVisualTokens' • docs/governance/MIRA_FACE_EXPLORER_FOUR_FIXES/source/lib/features/results_experience/presentation/widgets/results_skin_map_panel.dart:318:20 • undefined_identifier
  error • Undefined class 'FaceMapOverlayDecision' • docs/governance/MIRA_FACE_EXPLORER_FOUR_FIXES/source/lib/features/results_experience/presentation/widgets/results_skin_map_panel.dart:325:5 • undefined_class
  error • Undefined class 'PerfectMaskArtifact' • docs/governance/MIRA_FACE_EXPLORER_FOUR_FIXES/source/lib/features/results_experience/presentation/widgets/results_skin_map_panel.dart:326:5 • undefined_class
  error • Undefined name 'FaceMapOverlayDecision' • docs/governance/MIRA_FACE_EXPLORER_FOUR_FIXES/source/lib/features/results_experience/presentation/widgets/results_skin_map_panel.dart:328:25 • undefined_identifier
  error • Undefined name 'SkinFaceExplorerLayerIsolation' • docs/governance/MIRA_FACE_EXPLORER_FOUR_FIXES/source/lib/features/results_experience/presentation/widgets/results_skin_map_panel.dart:335:31 • undefined_identifier
  error • Undefined name 'AppColors' • docs/governance/MIRA_FACE_EXPLORER_FOUR_FIXES/source/lib/features/results_experience/presentation/widgets/results_skin_map_panel.dart:350:11 • undefined_identifier
  error • Undefined name 'SkinFaceMapVisualTokens' • docs/governance/MIRA_FACE_EXPLORER_FOUR_FIXES/source/lib/features/results_experience/presentation/widgets/results_skin_map_panel.dart:351:11 • undefined_identifier
  error • Undefined name 'SkinFaceMapVisualTokens' • docs/governance/MIRA_FACE_EXPLORER_FOUR_FIXES/source/lib/features/results_experience/presentation/widgets/results_skin_map_panel.dart:377:17 • undefined_identifier
  error • Invalid constant value • docs/governance/MIRA_FACE_EXPLORER_FOUR_FIXES/source/lib/features/results_experience/presentation/widgets/results_skin_map_panel.dart:384:20 • invalid_constant
  error • Undefined name 'AppColors' • docs/governance/MIRA_FACE_EXPLORER_FOUR_FIXES/source/lib/features/results_experience/presentation/widgets/results_skin_map_panel.dart:384:20 • undefined_identifier
  error • Undefined name 'AppTypography' • docs/governance/MIRA_FACE_EXPLORER_FOUR_FIXES/source/lib/features/results_experience/presentation/widgets/results_skin_map_panel.dart:418:24 • undefined_identifier
  error • Undefined name 'SkinFaceMapVisualTokens' • docs/governance/MIRA_FACE_EXPLORER_FOUR_FIXES/source/lib/features/results_experience/presentation/widgets/results_skin_map_panel.dart:419:26 • undefined_identifier
  error • Undefined name 'AppTypography' • docs/governance/MIRA_FACE_EXPLORER_FOUR_FIXES/source/lib/features/results_experience/presentation/widgets/results_skin_map_panel.dart:429:24 • undefined_identifier
  error • Undefined name 'AppColors' • docs/governance/MIRA_FACE_EXPLORER_FOUR_FIXES/source/lib/features/results_experience/presentation/widgets/results_skin_map_panel.dart:430:26 • undefined_identifier
  error • Undefined name 'SkinFaceMapVisualTokens' • docs/governance/MIRA_FACE_EXPLORER_FOUR_FIXES/source/lib/features/results_experience/presentation/widgets/results_skin_map_panel.dart:444:26 • undefined_identifier
  error • Undefined name 'AppTypography' • docs/governance/MIRA_FACE_EXPLORER_FOUR_FIXES/source/lib/features/results_experience/presentation/widgets/results_skin_map_panel.dart:451:26 • undefined_identifier
  error • Undefined name 'SkinFaceMapVisualTokens' • docs/governance/MIRA_FACE_EXPLORER_FOUR_FIXES/source/lib/features/results_experience/presentation/widgets/results_skin_map_panel.dart:452:28 • undefined_identifier
  error • Undefined name 'FaceMapOverlayDecision' • docs/governance/MIRA_FACE_EXPLORER_FOUR_FIXES/source/lib/features/results_experience/presentation/widgets/results_skin_map_panel.dart:466:19 • undefined_identifier
  error • The method 'FaceExplorerDetailsSection' isn't defined for the type 'ResultsSkinMapPanelState' • docs/governance/MIRA_FACE_EXPLORER_FOUR_FIXES/source/lib/features/results_experience/presentation/widgets/results_skin_map_panel.dart:565:13 • undefined_method
  error • Invalid constant value • docs/governance/MIRA_FACE_EXPLORER_FOUR_FIXES/source/lib/features/results_experience/presentation/widgets/results_skin_map_panel.dart:578:36 • invalid_constant
  error • Undefined name 'AppSpacing' • docs/governance/MIRA_FACE_EXPLORER_FOUR_FIXES/source/lib/features/results_experience/presentation/widgets/results_skin_map_panel.dart:578:36 • undefined_identifier
  error • Undefined name 'SkinClaimPolicy' • docs/governance/MIRA_FACE_EXPLORER_FOUR_FIXES/source/lib/features/results_experience/presentation/widgets/results_skin_map_panel.dart:580:15 • undefined_identifier
  error • Undefined name 'AppTypography' • docs/governance/MIRA_FACE_EXPLORER_FOUR_FIXES/source/lib/features/results_experience/presentation/widgets/results_skin_map_panel.dart:581:22 • undefined_identifier
  error • Undefined name 'SkinFaceMapVisualTokens' • docs/governance/MIRA_FACE_EXPLORER_FOUR_FIXES/source/lib/features/results_experience/presentation/widgets/results_skin_map_panel.dart:582:24 • undefined_identifier
  error • Undefined name 'FaceMapSessionEvidenceExporter' • docs/governance/MIRA_FACE_EXPLORER_FOUR_FIXES/source/lib/features/results_experience/presentation/widgets/results_skin_map_panel.dart:587:15 • undefined_identifier
  error • Invalid constant value • docs/governance/MIRA_FACE_EXPLORER_FOUR_FIXES/source/lib/features/results_experience/presentation/widgets/results_skin_map_panel.dart:590:36 • invalid_constant
  error • Undefined name 'AppSpacing' • docs/governance/MIRA_FACE_EXPLORER_FOUR_FIXES/source/lib/features/results_experience/presentation/widgets/results_skin_map_panel.dart:590:36 • undefined_identifier
  error • Undefined name 'AppTypography' • docs/governance/MIRA_FACE_EXPLORER_FOUR_FIXES/source/lib/features/results_experience/presentation/widgets/results_skin_map_panel.dart:608:26 • undefined_identifier
  error • Undefined name 'SkinFaceMapVisualTokens' • docs/governance/MIRA_FACE_EXPLORER_FOUR_FIXES/source/lib/features/results_experience/presentation/widgets/results_skin_map_panel.dart:613:36 • undefined_identifier
  error • Undefined name 'AppTypography' • docs/governance/MIRA_FACE_EXPLORER_FOUR_FIXES/source/lib/features/results_experience/presentation/widgets/results_skin_map_panel.dart:623:26 • undefined_identifier
  error • Undefined name 'AppColors' • docs/governance/MIRA_FACE_EXPLORER_FOUR_FIXES/source/lib/features/results_experience/presentation/widgets/results_skin_map_panel.dart:625:27 • undefined_identifier
  error • Undefined name 'SkinFaceMapVisualTokens' • docs/governance/MIRA_FACE_EXPLORER_FOUR_FIXES/source/lib/features/results_experience/presentation/widgets/results_skin_map_panel.dart:626:27 • undefined_identifier
  error • Target of URI doesn't exist: '../../domain/face_map_session_evidence_exporter.dart' • docs/governance/MIRA_FACE_EXPLORER_FOUR_FIXES_DEVICE_REVIEW/source_snapshots/face_explorer/face_explorer_controller.dart:4:8 • uri_does_not_exist
  error • Target of URI doesn't exist: '../../domain/perfect_mask_session.dart' • docs/governance/MIRA_FACE_EXPLORER_FOUR_FIXES_DEVICE_REVIEW/source_snapshots/face_explorer/face_explorer_controller.dart:5:8 • uri_does_not_exist
  error • Target of URI doesn't exist: '../geometry/magnifier_focus_binder.dart' • docs/governance/MIRA_FACE_EXPLORER_FOUR_FIXES_DEVICE_REVIEW/source_snapshots/face_explorer/face_explorer_controller.dart:6:8 • uri_does_not_exist
  error • Target of URI doesn't exist: '../geometry/skin_face_map_visual_tokens.dart' • docs/governance/MIRA_FACE_EXPLORER_FOUR_FIXES_DEVICE_REVIEW/source_snapshots/face_explorer/face_explorer_controller.dart:7:8 • uri_does_not_exist
  error • Undefined class 'MagnifierFocusBinder' • docs/governance/MIRA_FACE_EXPLORER_FOUR_FIXES_DEVICE_REVIEW/source_snapshots/face_explorer/face_explorer_controller.dart:44:9 • undefined_class
  error • The method 'MagnifierFocusBinder' isn't defined for the type 'FaceExplorerController' • docs/governance/MIRA_FACE_EXPLORER_FOUR_FIXES_DEVICE_REVIEW/source_snapshots/face_explorer/face_explorer_controller.dart:44:48 • undefined_method
  error • Undefined class 'PerfectMaskArtifact' • docs/governance/MIRA_FACE_EXPLORER_FOUR_FIXES_DEVICE_REVIEW/source_snapshots/face_explorer/face_explorer_controller.dart:81:3 • undefined_class
  error • Undefined class 'PerfectMaskSession' • docs/governance/MIRA_FACE_EXPLORER_FOUR_FIXES_DEVICE_REVIEW/source_snapshots/face_explorer/face_explorer_controller.dart:82:5 • undefined_class
  error • Undefined class 'PerfectMaskArtifact' • docs/governance/MIRA_FACE_EXPLORER_FOUR_FIXES_DEVICE_REVIEW/source_snapshots/face_explorer/face_explorer_controller.dart:95:14 • undefined_class
  error • Undefined class 'PerfectMaskPresentationProfile' • docs/governance/MIRA_FACE_EXPLORER_FOUR_FIXES_DEVICE_REVIEW/source_snapshots/face_explorer/face_explorer_controller.dart:96:14 • undefined_class
  error • Undefined name 'FaceMapSessionEvidenceExporter' • docs/governance/MIRA_FACE_EXPLORER_FOUR_FIXES_DEVICE_REVIEW/source_snapshots/face_explorer/face_explorer_controller.dart:99:19 • undefined_identifier
  error • Undefined class 'PerfectMaskArtifact' • docs/governance/MIRA_FACE_EXPLORER_FOUR_FIXES_DEVICE_REVIEW/source_snapshots/face_explorer/face_explorer_controller.dart:105:14 • undefined_class
  error • Undefined class 'PerfectMaskPresentationProfile' • docs/governance/MIRA_FACE_EXPLORER_FOUR_FIXES_DEVICE_REVIEW/source_snapshots/face_explorer/face_explorer_controller.dart:106:14 • undefined_class
  error • Undefined class 'PerfectMaskArtifact' • docs/governance/MIRA_FACE_EXPLORER_FOUR_FIXES_DEVICE_REVIEW/source_snapshots/face_explorer/face_explorer_controller.dart:164:14 • undefined_class
  error • Undefined class 'PerfectMaskPresentationProfile' • docs/governance/MIRA_FACE_EXPLORER_FOUR_FIXES_DEVICE_REVIEW/source_snapshots/face_explorer/face_explorer_controller.dart:165:14 • undefined_class
  error • Undefined class 'PerfectMaskSession' • docs/governance/MIRA_FACE_EXPLORER_FOUR_FIXES_DEVICE_REVIEW/source_snapshots/face_explorer/face_explorer_controller.dart:186:14 • undefined_class
  error • Undefined name 'SkinFaceMapVisualTokens' • docs/governance/MIRA_FACE_EXPLORER_FOUR_FIXES_DEVICE_REVIEW/source_snapshots/face_explorer/face_explorer_controller.dart:192:21 • undefined_identifier
  error • Undefined class 'PerfectMaskSession' • docs/governance/MIRA_FACE_EXPLORER_FOUR_FIXES_DEVICE_REVIEW/source_snapshots/face_explorer/face_explorer_controller.dart:216:14 • undefined_class
  error • Undefined name 'SkinFaceMapVisualTokens' • docs/governance/MIRA_FACE_EXPLORER_FOUR_FIXES_DEVICE_REVIEW/source_snapshots/face_explorer/face_explorer_controller.dart:222:21 • undefined_identifier
  error • Target of URI doesn't exist: '../../../../shared/theme/colors.dart' • docs/governance/MIRA_FACE_EXPLORER_FOUR_FIXES_DEVICE_REVIEW/source_snapshots/face_explorer/face_explorer_details.dart:4:8 • uri_does_not_exist
  error • Target of URI doesn't exist: '../../../../shared/theme/spacing.dart' • docs/governance/MIRA_FACE_EXPLORER_FOUR_FIXES_DEVICE_REVIEW/source_snapshots/face_explorer/face_explorer_details.dart:5:8 • uri_does_not_exist
  error • Target of URI doesn't exist: '../../../../shared/theme/typography.dart' • docs/governance/MIRA_FACE_EXPLORER_FOUR_FIXES_DEVICE_REVIEW/source_snapshots/face_explorer/face_explorer_details.dart:6:8 • uri_does_not_exist
  error • Target of URI doesn't exist: '../../domain/face_map_overlay_decision.dart' • docs/governance/MIRA_FACE_EXPLORER_FOUR_FIXES_DEVICE_REVIEW/source_snapshots/face_explorer/face_explorer_details.dart:7:8 • uri_does_not_exist
  error • Target of URI doesn't exist: '../../domain/perfect_mask_session.dart' • docs/governance/MIRA_FACE_EXPLORER_FOUR_FIXES_DEVICE_REVIEW/source_snapshots/face_explorer/face_explorer_details.dart:8:8 • uri_does_not_exist
  error • Target of URI doesn't exist: '../../semantics/metric_presentation_policy.dart' • docs/governance/MIRA_FACE_EXPLORER_FOUR_FIXES_DEVICE_REVIEW/source_snapshots/face_explorer/face_explorer_details.dart:9:8 • uri_does_not_exist
  error • Target of URI doesn't exist: '../geometry/skin_face_map_visual_tokens.dart' • docs/governance/MIRA_FACE_EXPLORER_FOUR_FIXES_DEVICE_REVIEW/source_snapshots/face_explorer/face_explorer_details.dart:10:8 • uri_does_not_exist
  error • Undefined class 'FaceMapOverlayDecision' • docs/governance/MIRA_FACE_EXPLORER_FOUR_FIXES_DEVICE_REVIEW/source_snapshots/face_explorer/face_explorer_details.dart:27:9 • undefined_class
  error • Undefined class 'PerfectMaskSession' • docs/governance/MIRA_FACE_EXPLORER_FOUR_FIXES_DEVICE_REVIEW/source_snapshots/face_explorer/face_explorer_details.dart:29:9 • undefined_class
  error • Undefined name 'SkinFaceMapVisualTokens' • docs/governance/MIRA_FACE_EXPLORER_FOUR_FIXES_DEVICE_REVIEW/source_snapshots/face_explorer/face_explorer_details.dart:37:20 • undefined_identifier
  error • Undefined name 'SkinFaceMapVisualTokens' • docs/governance/MIRA_FACE_EXPLORER_FOUR_FIXES_DEVICE_REVIEW/source_snapshots/face_explorer/face_explorer_details.dart:44:19 • undefined_identifier
  error • Undefined name 'AppTypography' • docs/governance/MIRA_FACE_EXPLORER_FOUR_FIXES_DEVICE_REVIEW/source_snapshots/face_explorer/face_explorer_details.dart:59:22 • undefined_identifier
  error • Undefined name 'SkinFaceMapVisualTokens' • docs/governance/MIRA_FACE_EXPLORER_FOUR_FIXES_DEVICE_REVIEW/source_snapshots/face_explorer/face_explorer_details.dart:61:24 • undefined_identifier
  error • Undefined name 'MetricPresentationPolicy' • docs/governance/MIRA_FACE_EXPLORER_FOUR_FIXES_DEVICE_REVIEW/source_snapshots/face_explorer/face_explorer_details.dart:66:17 • undefined_identifier
  error • Undefined name 'AppTypography' • docs/governance/MIRA_FACE_EXPLORER_FOUR_FIXES_DEVICE_REVIEW/source_snapshots/face_explorer/face_explorer_details.dart:67:24 • undefined_identifier
  error • Undefined name 'SkinFaceMapVisualTokens' • docs/governance/MIRA_FACE_EXPLORER_FOUR_FIXES_DEVICE_REVIEW/source_snapshots/face_explorer/face_explorer_details.dart:68:26 • undefined_identifier
  error • Undefined name 'AppTypography' • docs/governance/MIRA_FACE_EXPLORER_FOUR_FIXES_DEVICE_REVIEW/source_snapshots/face_explorer/face_explorer_details.dart:75:24 • undefined_identifier
  error • Undefined name 'SkinFaceMapVisualTokens' • docs/governance/MIRA_FACE_EXPLORER_FOUR_FIXES_DEVICE_REVIEW/source_snapshots/face_explorer/face_explorer_details.dart:76:26 • undefined_identifier
  error • Undefined name 'PerfectMaskSession' • docs/governance/MIRA_FACE_EXPLORER_FOUR_FIXES_DEVICE_REVIEW/source_snapshots/face_explorer/face_explorer_details.dart:94:9 • undefined_identifier
  error • Invalid constant value • docs/governance/MIRA_FACE_EXPLORER_FOUR_FIXES_DEVICE_REVIEW/source_snapshots/face_explorer/face_explorer_details.dart:99:30 • invalid_constant
  error • Undefined name 'AppSpacing' • docs/governance/MIRA_FACE_EXPLORER_FOUR_FIXES_DEVICE_REVIEW/source_snapshots/face_explorer/face_explorer_details.dart:99:30 • undefined_identifier
  error • Undefined name 'SkinFaceMapVisualTokens' • docs/governance/MIRA_FACE_EXPLORER_FOUR_FIXES_DEVICE_REVIEW/source_snapshots/face_explorer/face_explorer_details.dart:107:30 • undefined_identifier
  error • Undefined name 'AppTypography' • docs/governance/MIRA_FACE_EXPLORER_FOUR_FIXES_DEVICE_REVIEW/source_snapshots/face_explorer/face_explorer_details.dart:112:20 • undefined_identifier
  error • Undefined name 'SkinFaceMapVisualTokens' • docs/governance/MIRA_FACE_EXPLORER_FOUR_FIXES_DEVICE_REVIEW/source_snapshots/face_explorer/face_explorer_details.dart:114:22 • undefined_identifier
  error • Undefined name 'AppTypography' • docs/governance/MIRA_FACE_EXPLORER_FOUR_FIXES_DEVICE_REVIEW/source_snapshots/face_explorer/face_explorer_details.dart:124:20 • undefined_identifier
  error • Undefined name 'SkinFaceMapVisualTokens' • docs/governance/MIRA_FACE_EXPLORER_FOUR_FIXES_DEVICE_REVIEW/source_snapshots/face_explorer/face_explorer_details.dart:125:22 • undefined_identifier
  error • Undefined name 'SkinFaceMapVisualTokens' • docs/governance/MIRA_FACE_EXPLORER_FOUR_FIXES_DEVICE_REVIEW/source_snapshots/face_explorer/face_explorer_details.dart:132:21 • undefined_identifier
  error • Undefined name 'AppColors' • docs/governance/MIRA_FACE_EXPLORER_FOUR_FIXES_DEVICE_REVIEW/source_snapshots/face_explorer/face_explorer_details.dart:136:20 • undefined_identifier
  error • Undefined name 'MetricPresentationPolicy' • docs/governance/MIRA_FACE_EXPLORER_FOUR_FIXES_DEVICE_REVIEW/source_snapshots/face_explorer/face_explorer_details.dart:145:29 • undefined_identifier
  error • Undefined name 'SkinFaceMapVisualTokens' • docs/governance/MIRA_FACE_EXPLORER_FOUR_FIXES_DEVICE_REVIEW/source_snapshots/face_explorer/face_explorer_details.dart:146:30 • undefined_identifier
  error • Undefined name 'AppColors' • docs/governance/MIRA_FACE_EXPLORER_FOUR_FIXES_DEVICE_REVIEW/source_snapshots/face_explorer/face_explorer_details.dart:156:25 • undefined_identifier
  error • Undefined name 'AppTypography' • docs/governance/MIRA_FACE_EXPLORER_FOUR_FIXES_DEVICE_REVIEW/source_snapshots/face_explorer/face_explorer_details.dart:168:32 • undefined_identifier
  error • Undefined name 'AppColors' • docs/governance/MIRA_FACE_EXPLORER_FOUR_FIXES_DEVICE_REVIEW/source_snapshots/face_explorer/face_explorer_details.dart:171:33 • undefined_identifier
  error • Undefined name 'AppColors' • docs/governance/MIRA_FACE_EXPLORER_FOUR_FIXES_DEVICE_REVIEW/source_snapshots/face_explorer/face_explorer_details.dart:172:33 • undefined_identifier
  error • Undefined name 'AppTypography' • docs/governance/MIRA_FACE_EXPLORER_FOUR_FIXES_DEVICE_REVIEW/source_snapshots/face_explorer/face_explorer_details.dart:215:20 • undefined_identifier
  error • Undefined name 'SkinFaceMapVisualTokens' • docs/governance/MIRA_FACE_EXPLORER_FOUR_FIXES_DEVICE_REVIEW/source_snapshots/face_explorer/face_explorer_details.dart:216:22 • undefined_identifier
  error • Target of URI doesn't exist: '../../domain/face_map_session_provenance.dart' • docs/governance/MIRA_FACE_EXPLORER_FOUR_FIXES_DEVICE_REVIEW/source_snapshots/face_explorer/face_explorer_image_loader.dart:6:8 • uri_does_not_exist
  error • Target of URI doesn't exist: '../../domain/perfect_mask_session.dart' • docs/governance/MIRA_FACE_EXPLORER_FOUR_FIXES_DEVICE_REVIEW/source_snapshots/face_explorer/face_explorer_image_loader.dart:7:8 • uri_does_not_exist
  error • Target of URI doesn't exist: '../poc/apple_person_matting_poc_bridge.dart' • docs/governance/MIRA_FACE_EXPLORER_FOUR_FIXES_DEVICE_REVIEW/source_snapshots/face_explorer/face_explorer_image_loader.dart:8:8 • uri_does_not_exist
  error • Undefined class 'PerfectMaskSession' • docs/governance/MIRA_FACE_EXPLORER_FOUR_FIXES_DEVICE_REVIEW/source_snapshots/face_explorer/face_explorer_image_loader.dart:72:5 • undefined_class
  error • Undefined name 'FaceMapSessionProvenanceProbe' • docs/governance/MIRA_FACE_EXPLORER_FOUR_FIXES_DEVICE_REVIEW/source_snapshots/face_explorer/face_explorer_image_loader.dart:93:13 • undefined_identifier
  error • Undefined class 'PerfectMaskSession' • docs/governance/MIRA_FACE_EXPLORER_FOUR_FIXES_DEVICE_REVIEW/source_snapshots/face_explorer/face_explorer_image_loader.dart:111:5 • undefined_class
  error • Undefined name 'ApplePersonMattingPocBridge' • docs/governance/MIRA_FACE_EXPLORER_FOUR_FIXES_DEVICE_REVIEW/source_snapshots/face_explorer/face_explorer_image_loader.dart:119:29 • undefined_identifier
  error • Undefined name 'PerfectMaskSession' • docs/governance/MIRA_FACE_EXPLORER_FOUR_FIXES_DEVICE_REVIEW/source_snapshots/face_explorer/face_explorer_image_loader.dart:138:28 • undefined_identifier
  error • Target of URI doesn't exist: '../../../../shared/theme/colors.dart' • docs/governance/MIRA_FACE_EXPLORER_FOUR_FIXES_DEVICE_REVIEW/source_snapshots/face_explorer/face_explorer_lens_panel.dart:5:8 • uri_does_not_exist
  error • Target of URI doesn't exist: '../../../../shared/theme/typography.dart' • docs/governance/MIRA_FACE_EXPLORER_FOUR_FIXES_DEVICE_REVIEW/source_snapshots/face_explorer/face_explorer_lens_panel.dart:6:8 • uri_does_not_exist
  error • Target of URI doesn't exist: '../geometry/face_explorer_lens_geometry.dart' • docs/governance/MIRA_FACE_EXPLORER_FOUR_FIXES_DEVICE_REVIEW/source_snapshots/face_explorer/face_explorer_lens_panel.dart:7:8 • uri_does_not_exist
  error • Target of URI doesn't exist: '../geometry/skin_face_map_visual_tokens.dart' • docs/governance/MIRA_FACE_EXPLORER_FOUR_FIXES_DEVICE_REVIEW/source_snapshots/face_explorer/face_explorer_lens_panel.dart:8:8 • uri_does_not_exist
  error • Target of URI doesn't exist: '../widgets/perfect_mask_overlay.dart' • docs/governance/MIRA_FACE_EXPLORER_FOUR_FIXES_DEVICE_REVIEW/source_snapshots/face_explorer/face_explorer_lens_panel.dart:9:8 • uri_does_not_exist
  error • Undefined name 'AppColors' • docs/governance/MIRA_FACE_EXPLORER_FOUR_FIXES_DEVICE_REVIEW/source_snapshots/face_explorer/face_explorer_lens_panel.dart:57:16 • undefined_identifier
  error • Undefined name 'AppColors' • docs/governance/MIRA_FACE_EXPLORER_FOUR_FIXES_DEVICE_REVIEW/source_snapshots/face_explorer/face_explorer_lens_panel.dart:59:35 • undefined_identifier
  error • Undefined name 'AppTypography' • docs/governance/MIRA_FACE_EXPLORER_FOUR_FIXES_DEVICE_REVIEW/source_snapshots/face_explorer/face_explorer_lens_panel.dart:69:26 • undefined_identifier
  error • Undefined name 'SkinFaceMapVisualTokens' • docs/governance/MIRA_FACE_EXPLORER_FOUR_FIXES_DEVICE_REVIEW/source_snapshots/face_explorer/face_explorer_lens_panel.dart:71:28 • undefined_identifier
  error • Undefined name 'AppColors' • docs/governance/MIRA_FACE_EXPLORER_FOUR_FIXES_DEVICE_REVIEW/source_snapshots/face_explorer/face_explorer_lens_panel.dart:78:36 • undefined_identifier
  error • Undefined name 'AppTypography' • docs/governance/MIRA_FACE_EXPLORER_FOUR_FIXES_DEVICE_REVIEW/source_snapshots/face_explorer/face_explorer_lens_panel.dart:84:26 • undefined_identifier
  error • Undefined name 'AppColors' • docs/governance/MIRA_FACE_EXPLORER_FOUR_FIXES_DEVICE_REVIEW/source_snapshots/face_explorer/face_explorer_lens_panel.dart:86:28 • undefined_identifier
  error • Invalid constant value • docs/governance/MIRA_FACE_EXPLORER_FOUR_FIXES_DEVICE_REVIEW/source_snapshots/face_explorer/face_explorer_lens_panel.dart:101:30 • invalid_constant
  error • Undefined name 'SkinFaceMapVisualTokens' • docs/governance/MIRA_FACE_EXPLORER_FOUR_FIXES_DEVICE_REVIEW/source_snapshots/face_explorer/face_explorer_lens_panel.dart:101:30 • undefined_identifier
  error • Undefined name 'FaceExplorerLensGeometry' • docs/governance/MIRA_FACE_EXPLORER_FOUR_FIXES_DEVICE_REVIEW/source_snapshots/face_explorer/face_explorer_lens_panel.dart:104:37 • undefined_identifier
  error • Undefined name 'SkinFaceMapVisualTokens' • docs/governance/MIRA_FACE_EXPLORER_FOUR_FIXES_DEVICE_REVIEW/source_snapshots/face_explorer/face_explorer_lens_panel.dart:119:28 • undefined_identifier
  error • The method 'PerfectMaskOverlay' isn't defined for the type 'FaceExplorerLensPanel' • docs/governance/MIRA_FACE_EXPLORER_FOUR_FIXES_DEVICE_REVIEW/source_snapshots/face_explorer/face_explorer_lens_panel.dart:127:36 • undefined_method
  error • Undefined name 'AppTypography' • docs/governance/MIRA_FACE_EXPLORER_FOUR_FIXES_DEVICE_REVIEW/source_snapshots/face_explorer/face_explorer_lens_panel.dart:186:22 • undefined_identifier
  error • Undefined name 'SkinFaceMapVisualTokens' • docs/governance/MIRA_FACE_EXPLORER_FOUR_FIXES_DEVICE_REVIEW/source_snapshots/face_explorer/face_explorer_lens_panel.dart:188:24 • undefined_identifier
  error • Undefined name 'AppColors' • docs/governance/MIRA_FACE_EXPLORER_FOUR_FIXES_DEVICE_REVIEW/source_snapshots/face_explorer/face_explorer_lens_panel.dart:203:30 • undefined_identifier
  error • Undefined name 'AppTypography' • docs/governance/MIRA_FACE_EXPLORER_FOUR_FIXES_DEVICE_REVIEW/source_snapshots/face_explorer/face_explorer_lens_panel.dart:275:18 • undefined_identifier
  error • Undefined name 'SkinFaceMapVisualTokens' • docs/governance/MIRA_FACE_EXPLORER_FOUR_FIXES_DEVICE_REVIEW/source_snapshots/face_explorer/face_explorer_lens_panel.dart:277:20 • undefined_identifier
  error • Undefined name 'AppColors' • docs/governance/MIRA_FACE_EXPLORER_FOUR_FIXES_DEVICE_REVIEW/source_snapshots/face_explorer/face_explorer_lens_panel.dart:289:25 • undefined_identifier
  error • Undefined name 'AppColors' • docs/governance/MIRA_FACE_EXPLORER_FOUR_FIXES_DEVICE_REVIEW/source_snapshots/face_explorer/face_explorer_lens_panel.dart:290:25 • undefined_identifier
  error • Undefined name 'AppColors' • docs/governance/MIRA_FACE_EXPLORER_FOUR_FIXES_DEVICE_REVIEW/source_snapshots/face_explorer/face_explorer_lens_panel.dart:302:33 • undefined_identifier
  error • Undefined name 'AppColors' • docs/governance/MIRA_FACE_EXPLORER_FOUR_FIXES_DEVICE_REVIEW/source_snapshots/face_explorer/face_explorer_lens_panel.dart:303:33 • undefined_identifier
  error • Undefined name 'AppTypography' • docs/governance/MIRA_FACE_EXPLORER_FOUR_FIXES_DEVICE_REVIEW/source_snapshots/face_explorer/face_explorer_lens_panel.dart:308:32 • undefined_identifier
  error • Undefined name 'AppColors' • docs/governance/MIRA_FACE_EXPLORER_FOUR_FIXES_DEVICE_REVIEW/source_snapshots/face_explorer/face_explorer_lens_panel.dart:311:33 • undefined_identifier
  error • Undefined name 'AppColors' • docs/governance/MIRA_FACE_EXPLORER_FOUR_FIXES_DEVICE_REVIEW/source_snapshots/face_explorer/face_explorer_lens_panel.dart:312:33 • undefined_identifier
  error • Undefined name 'AppTypography' • docs/governance/MIRA_FACE_EXPLORER_FOUR_FIXES_DEVICE_REVIEW/source_snapshots/face_explorer/face_explorer_lens_panel.dart:326:20 • undefined_identifier
  error • Undefined name 'SkinFaceMapVisualTokens' • docs/governance/MIRA_FACE_EXPLORER_FOUR_FIXES_DEVICE_REVIEW/source_snapshots/face_explorer/face_explorer_lens_panel.dart:327:22 • undefined_identifier
  error • Undefined name 'AppColors' • docs/governance/MIRA_FACE_EXPLORER_FOUR_FIXES_DEVICE_REVIEW/source_snapshots/face_explorer/face_explorer_lens_panel.dart:361:15 • undefined_identifier
  error • Undefined name 'AppColors' • docs/governance/MIRA_FACE_EXPLORER_FOUR_FIXES_DEVICE_REVIEW/source_snapshots/face_explorer/face_explorer_lens_panel.dart:362:15 • undefined_identifier
  error • Undefined name 'AppColors' • docs/governance/MIRA_FACE_EXPLORER_FOUR_FIXES_DEVICE_REVIEW/source_snapshots/face_explorer/face_explorer_lens_panel.dart:366:17 • undefined_identifier
  error • Undefined name 'AppColors' • docs/governance/MIRA_FACE_EXPLORER_FOUR_FIXES_DEVICE_REVIEW/source_snapshots/face_explorer/face_explorer_lens_panel.dart:367:17 • undefined_identifier
  error • Undefined name 'AppColors' • docs/governance/MIRA_FACE_EXPLORER_FOUR_FIXES_DEVICE_REVIEW/source_snapshots/face_explorer/face_explorer_lens_panel.dart:373:39 • undefined_identifier
  error • Undefined name 'AppTypography' • docs/governance/MIRA_FACE_EXPLORER_FOUR_FIXES_DEVICE_REVIEW/source_snapshots/face_explorer/face_explorer_lens_panel.dart:379:22 • undefined_identifier
  error • Undefined name 'SkinFaceMapVisualTokens' • docs/governance/MIRA_FACE_EXPLORER_FOUR_FIXES_DEVICE_REVIEW/source_snapshots/face_explorer/face_explorer_lens_panel.dart:382:24 • undefined_identifier
  error • Target of URI doesn't exist: '../geometry/skin_face_map_visual_tokens.dart' • docs/governance/MIRA_FACE_EXPLORER_FOUR_FIXES_DEVICE_REVIEW/source_snapshots/face_explorer/face_explorer_mask_presentation.dart:5:8 • uri_does_not_exist
  error • Undefined class 'PerfectMaskPresentationProfile' • docs/governance/MIRA_FACE_EXPLORER_FOUR_FIXES_DEVICE_REVIEW/source_snapshots/face_explorer/face_explorer_mask_presentation.dart:17:14 • undefined_class
  error • Undefined class 'PerfectMaskPresentationProfile' • docs/governance/MIRA_FACE_EXPLORER_FOUR_FIXES_DEVICE_REVIEW/source_snapshots/face_explorer/face_explorer_mask_presentation.dart:42:9 • undefined_class
  error • Undefined class 'PerfectMaskPresentationProfile' • docs/governance/MIRA_FACE_EXPLORER_FOUR_FIXES_DEVICE_REVIEW/source_snapshots/face_explorer/face_explorer_mask_presentation.dart:47:10 • undefined_class
  error • Undefined name 'SkinFaceMapVisualTokens' • docs/governance/MIRA_FACE_EXPLORER_FOUR_FIXES_DEVICE_REVIEW/source_snapshots/face_explorer/face_explorer_mask_presentation.dart:48:18 • undefined_identifier
  error • Undefined name 'PerfectMaskPresentationProfile' • docs/governance/MIRA_FACE_EXPLORER_FOUR_FIXES_DEVICE_REVIEW/source_snapshots/face_explorer/face_explorer_mask_presentation.dart:51:36 • undefined_identifier
  error • Undefined name 'PerfectMaskPresentationProfile' • docs/governance/MIRA_FACE_EXPLORER_FOUR_FIXES_DEVICE_REVIEW/source_snapshots/face_explorer/face_explorer_mask_presentation.dart:53:25 • undefined_identifier
  error • Undefined name 'PerfectMaskPresentationProfile' • docs/governance/MIRA_FACE_EXPLORER_FOUR_FIXES_DEVICE_REVIEW/source_snapshots/face_explorer/face_explorer_mask_presentation.dart:54:25 • undefined_identifier
  error • Undefined name 'PerfectMaskPresentationProfile' • docs/governance/MIRA_FACE_EXPLORER_FOUR_FIXES_DEVICE_REVIEW/source_snapshots/face_explorer/face_explorer_mask_presentation.dart:55:25 • undefined_identifier
  error • Undefined name 'PerfectMaskPresentationProfile' • docs/governance/MIRA_FACE_EXPLORER_FOUR_FIXES_DEVICE_REVIEW/source_snapshots/face_explorer/face_explorer_mask_presentation.dart:56:35 • undefined_identifier
  error • The method 'PerfectMaskPresentationProfile' isn't defined for the type 'FaceExplorerMaskPresentation' • docs/governance/MIRA_FACE_EXPLORER_FOUR_FIXES_DEVICE_REVIEW/source_snapshots/face_explorer/face_explorer_mask_presentation.dart:59:12 • undefined_method
  error • Target of URI doesn't exist: '../../../../shared/theme/colors.dart' • docs/governance/MIRA_FACE_EXPLORER_FOUR_FIXES_DEVICE_REVIEW/source_snapshots/face_explorer/face_explorer_metrics.dart:3:8 • uri_does_not_exist
  error • Target of URI doesn't exist: '../../../../shared/theme/typography.dart' • docs/governance/MIRA_FACE_EXPLORER_FOUR_FIXES_DEVICE_REVIEW/source_snapshots/face_explorer/face_explorer_metrics.dart:4:8 • uri_does_not_exist
  error • Target of URI doesn't exist: '../../contracts/result_presentation_vms.dart' • docs/governance/MIRA_FACE_EXPLORER_FOUR_FIXES_DEVICE_REVIEW/source_snapshots/face_explorer/face_explorer_metrics.dart:5:8 • uri_does_not_exist
  error • Target of URI doesn't exist: '../../semantics/metric_presentation_policy.dart' • docs/governance/MIRA_FACE_EXPLORER_FOUR_FIXES_DEVICE_REVIEW/source_snapshots/face_explorer/face_explorer_metrics.dart:6:8 • uri_does_not_exist
  error • Target of URI doesn't exist: '../geometry/skin_face_map_visual_tokens.dart' • docs/governance/MIRA_FACE_EXPLORER_FOUR_FIXES_DEVICE_REVIEW/source_snapshots/face_explorer/face_explorer_metrics.dart:7:8 • uri_does_not_exist
  error • The name 'ResultMapConcernVM' isn't a type, so it can't be used as a type argument • docs/governance/MIRA_FACE_EXPLORER_FOUR_FIXES_DEVICE_REVIEW/source_snapshots/face_explorer/face_explorer_metrics.dart:45:14 • non_type_as_type_argument
  error • Undefined name 'AppTypography' • docs/governance/MIRA_FACE_EXPLORER_FOUR_FIXES_DEVICE_REVIEW/source_snapshots/face_explorer/face_explorer_metrics.dart:61:24 • undefined_identifier
  error • Undefined name 'SkinFaceMapVisualTokens' • docs/governance/MIRA_FACE_EXPLORER_FOUR_FIXES_DEVICE_REVIEW/source_snapshots/face_explorer/face_explorer_metrics.dart:63:26 • undefined_identifier
  error • Undefined name 'AppColors' • docs/governance/MIRA_FACE_EXPLORER_FOUR_FIXES_DEVICE_REVIEW/source_snapshots/face_explorer/face_explorer_metrics.dart:70:34 • undefined_identifier
  error • Undefined name 'AppTypography' • docs/governance/MIRA_FACE_EXPLORER_FOUR_FIXES_DEVICE_REVIEW/source_snapshots/face_explorer/face_explorer_metrics.dart:76:24 • undefined_identifier
  error • Undefined name 'AppColors' • docs/governance/MIRA_FACE_EXPLORER_FOUR_FIXES_DEVICE_REVIEW/source_snapshots/face_explorer/face_explorer_metrics.dart:78:26 • undefined_identifier
  error • Undefined name 'MetricPresentationPolicy' • docs/governance/MIRA_FACE_EXPLORER_FOUR_FIXES_DEVICE_REVIEW/source_snapshots/face_explorer/face_explorer_metrics.dart:114:19 • undefined_identifier
  error • Undefined name 'MetricPresentationPolicy' • docs/governance/MIRA_FACE_EXPLORER_FOUR_FIXES_DEVICE_REVIEW/source_snapshots/face_explorer/face_explorer_metrics.dart:117:11 • undefined_identifier
  error • Undefined name 'MetricPresentationPolicy' • docs/governance/MIRA_FACE_EXPLORER_FOUR_FIXES_DEVICE_REVIEW/source_snapshots/face_explorer/face_explorer_metrics.dart:125:11 • undefined_identifier
  error • Undefined name 'AppTypography' • docs/governance/MIRA_FACE_EXPLORER_FOUR_FIXES_DEVICE_REVIEW/source_snapshots/face_explorer/face_explorer_metrics.dart:148:26 • undefined_identifier
  error • Undefined name 'AppTypography' • docs/governance/MIRA_FACE_EXPLORER_FOUR_FIXES_DEVICE_REVIEW/source_snapshots/face_explorer/face_explorer_metrics.dart:156:26 • undefined_identifier
  error • Undefined name 'SkinFaceMapVisualTokens' • docs/governance/MIRA_FACE_EXPLORER_FOUR_FIXES_DEVICE_REVIEW/source_snapshots/face_explorer/face_explorer_metrics.dart:157:28 • undefined_identifier
  error • Undefined name 'AppTypography' • docs/governance/MIRA_FACE_EXPLORER_FOUR_FIXES_DEVICE_REVIEW/source_snapshots/face_explorer/face_explorer_metrics.dart:172:26 • undefined_identifier
  error • Undefined name 'SkinFaceMapVisualTokens' • docs/governance/MIRA_FACE_EXPLORER_FOUR_FIXES_DEVICE_REVIEW/source_snapshots/face_explorer/face_explorer_metrics.dart:176:28 • undefined_identifier
  error • Undefined name 'AppTypography' • docs/governance/MIRA_FACE_EXPLORER_FOUR_FIXES_DEVICE_REVIEW/source_snapshots/face_explorer/face_explorer_metrics.dart:181:26 • undefined_identifier
  error • Undefined name 'SkinFaceMapVisualTokens' • docs/governance/MIRA_FACE_EXPLORER_FOUR_FIXES_DEVICE_REVIEW/source_snapshots/face_explorer/face_explorer_metrics.dart:182:28 • undefined_identifier
  error • Undefined name 'AppTypography' • docs/governance/MIRA_FACE_EXPLORER_FOUR_FIXES_DEVICE_REVIEW/source_snapshots/face_explorer/face_explorer_metrics.dart:196:28 • undefined_identifier
  error • Undefined name 'SkinFaceMapVisualTokens' • docs/governance/MIRA_FACE_EXPLORER_FOUR_FIXES_DEVICE_REVIEW/source_snapshots/face_explorer/face_explorer_metrics.dart:198:30 • undefined_identifier
  error • Undefined name 'AppTypography' • docs/governance/MIRA_FACE_EXPLORER_FOUR_FIXES_DEVICE_REVIEW/source_snapshots/face_explorer/face_explorer_metrics.dart:203:26 • undefined_identifier
  error • Undefined name 'SkinFaceMapVisualTokens' • docs/governance/MIRA_FACE_EXPLORER_FOUR_FIXES_DEVICE_REVIEW/source_snapshots/face_explorer/face_explorer_metrics.dart:204:28 • undefined_identifier
  error • The name 'ResultMapConcernVM' isn't a type, so it can't be used as a type argument • docs/governance/MIRA_FACE_EXPLORER_FOUR_FIXES_DEVICE_REVIEW/source_snapshots/face_explorer/face_explorer_metrics.dart:227:14 • non_type_as_type_argument
  error • Undefined class 'ResultMapConcernVM' • docs/governance/MIRA_FACE_EXPLORER_FOUR_FIXES_DEVICE_REVIEW/source_snapshots/face_explorer/face_explorer_metrics.dart:233:19 • undefined_class
  error • The name 'ResultMapConcernVM' isn't a type, so it can't be used as a type argument • docs/governance/MIRA_FACE_EXPLORER_FOUR_FIXES_DEVICE_REVIEW/source_snapshots/face_explorer/face_explorer_metrics.dart:239:8 • non_type_as_type_argument
  error • The name 'ResultMapConcernVM' isn't a type, so it can't be used as a type argument • docs/governance/MIRA_FACE_EXPLORER_FOUR_FIXES_DEVICE_REVIEW/source_snapshots/face_explorer/face_explorer_metrics.dart:240:18 • non_type_as_type_argument
  error • Undefined class 'ResultMapConcernVM' • docs/governance/MIRA_FACE_EXPLORER_FOUR_FIXES_DEVICE_REVIEW/source_snapshots/face_explorer/face_explorer_metrics.dart:243:7 • undefined_class
  error • The property 'id' can't be unconditionally accessed because the receiver can be 'null' • docs/governance/MIRA_FACE_EXPLORER_FOUR_FIXES_DEVICE_REVIEW/source_snapshots/face_explorer/face_explorer_metrics.dart:270:36 • unchecked_use_of_nullable_value
  error • Undefined name 'MetricPresentationPolicy' • docs/governance/MIRA_FACE_EXPLORER_FOUR_FIXES_DEVICE_REVIEW/source_snapshots/face_explorer/face_explorer_metrics.dart:271:23 • undefined_identifier
  error • The property 'id' can't be unconditionally accessed because the receiver can be 'null' • docs/governance/MIRA_FACE_EXPLORER_FOUR_FIXES_DEVICE_REVIEW/source_snapshots/face_explorer/face_explorer_metrics.dart:271:64 • unchecked_use_of_nullable_value
  error • Undefined name 'SkinFaceMapVisualTokens' • docs/governance/MIRA_FACE_EXPLORER_FOUR_FIXES_DEVICE_REVIEW/source_snapshots/face_explorer/face_explorer_metrics.dart:272:24 • undefined_identifier
  error • The property 'id' can't be unconditionally accessed because the receiver can be 'null' • docs/governance/MIRA_FACE_EXPLORER_FOUR_FIXES_DEVICE_REVIEW/source_snapshots/face_explorer/face_explorer_metrics.dart:272:67 • unchecked_use_of_nullable_value
  error • Undefined name 'AppColors' • docs/governance/MIRA_FACE_EXPLORER_FOUR_FIXES_DEVICE_REVIEW/source_snapshots/face_explorer/face_explorer_metrics.dart:278:58 • undefined_identifier
  error • The property 'id' can't be unconditionally accessed because the receiver can be 'null' • docs/governance/MIRA_FACE_EXPLORER_FOUR_FIXES_DEVICE_REVIEW/source_snapshots/face_explorer/face_explorer_metrics.dart:282:39 • unchecked_use_of_nullable_value
  error • Undefined name 'AppColors' • docs/governance/MIRA_FACE_EXPLORER_FOUR_FIXES_DEVICE_REVIEW/source_snapshots/face_explorer/face_explorer_metrics.dart:291:27 • undefined_identifier
  error • The property 'id' can't be unconditionally accessed because the receiver can be 'null' • docs/governance/MIRA_FACE_EXPLORER_FOUR_FIXES_DEVICE_REVIEW/source_snapshots/face_explorer/face_explorer_metrics.dart:299:48 • unchecked_use_of_nullable_value
  error • Undefined name 'AppColors' • docs/governance/MIRA_FACE_EXPLORER_FOUR_FIXES_DEVICE_REVIEW/source_snapshots/face_explorer/face_explorer_metrics.dart:301:44 • undefined_identifier
  error • Undefined name 'AppTypography' • docs/governance/MIRA_FACE_EXPLORER_FOUR_FIXES_DEVICE_REVIEW/source_snapshots/face_explorer/face_explorer_metrics.dart:309:32 • undefined_identifier
  error • Undefined name 'AppColors' • docs/governance/MIRA_FACE_EXPLORER_FOUR_FIXES_DEVICE_REVIEW/source_snapshots/face_explorer/face_explorer_metrics.dart:312:48 • undefined_identifier
  error • Target of URI doesn't exist: '../../../../shared/theme/colors.dart' • docs/governance/MIRA_FACE_EXPLORER_FOUR_FIXES_DEVICE_REVIEW/source_snapshots/face_explorer/face_explorer_stage.dart:4:8 • uri_does_not_exist
  error • Target of URI doesn't exist: '../../../../shared/theme/spacing.dart' • docs/governance/MIRA_FACE_EXPLORER_FOUR_FIXES_DEVICE_REVIEW/source_snapshots/face_explorer/face_explorer_stage.dart:5:8 • uri_does_not_exist
  error • Target of URI doesn't exist: '../../../../shared/theme/typography.dart' • docs/governance/MIRA_FACE_EXPLORER_FOUR_FIXES_DEVICE_REVIEW/source_snapshots/face_explorer/face_explorer_stage.dart:6:8 • uri_does_not_exist
  error • Target of URI doesn't exist: '../../domain/face_map_overlay_decision.dart' • docs/governance/MIRA_FACE_EXPLORER_FOUR_FIXES_DEVICE_REVIEW/source_snapshots/face_explorer/face_explorer_stage.dart:7:8 • uri_does_not_exist
  error • Target of URI doesn't exist: '../../semantics/metric_presentation_policy.dart' • docs/governance/MIRA_FACE_EXPLORER_FOUR_FIXES_DEVICE_REVIEW/source_snapshots/face_explorer/face_explorer_stage.dart:8:8 • uri_does_not_exist
  error • Target of URI doesn't exist: '../geometry/face_explorer_lens_geometry.dart' • docs/governance/MIRA_FACE_EXPLORER_FOUR_FIXES_DEVICE_REVIEW/source_snapshots/face_explorer/face_explorer_stage.dart:9:8 • uri_does_not_exist
  error • Target of URI doesn't exist: '../geometry/shared_image_mask_fit.dart' • docs/governance/MIRA_FACE_EXPLORER_FOUR_FIXES_DEVICE_REVIEW/source_snapshots/face_explorer/face_explorer_stage.dart:10:8 • uri_does_not_exist
  error • Target of URI doesn't exist: '../geometry/skin_face_explorer_layer_isolation.dart' • docs/governance/MIRA_FACE_EXPLORER_FOUR_FIXES_DEVICE_REVIEW/source_snapshots/face_explorer/face_explorer_stage.dart:11:8 • uri_does_not_exist
  error • Target of URI doesn't exist: '../geometry/skin_face_map_visual_tokens.dart' • docs/governance/MIRA_FACE_EXPLORER_FOUR_FIXES_DEVICE_REVIEW/source_snapshots/face_explorer/face_explorer_stage.dart:12:8 • uri_does_not_exist
  error • Target of URI doesn't exist: '../widgets/perfect_mask_overlay.dart' • docs/governance/MIRA_FACE_EXPLORER_FOUR_FIXES_DEVICE_REVIEW/source_snapshots/face_explorer/face_explorer_stage.dart:13:8 • uri_does_not_exist
  error • Target of URI doesn't exist: '../widgets/perfect_mask_region_callout.dart' • docs/governance/MIRA_FACE_EXPLORER_FOUR_FIXES_DEVICE_REVIEW/source_snapshots/face_explorer/face_explorer_stage.dart:14:8 • uri_does_not_exist
  error • Undefined class 'FaceMapOverlayDecision' • docs/governance/MIRA_FACE_EXPLORER_FOUR_FIXES_DEVICE_REVIEW/source_snapshots/face_explorer/face_explorer_stage.dart:40:9 • undefined_class
  error • Undefined name 'SharedImageMaskFit' • docs/governance/MIRA_FACE_EXPLORER_FOUR_FIXES_DEVICE_REVIEW/source_snapshots/face_explorer/face_explorer_stage.dart:64:18 • undefined_identifier
  error • Undefined name 'SkinFaceMapVisualTokens' • docs/governance/MIRA_FACE_EXPLORER_FOUR_FIXES_DEVICE_REVIEW/source_snapshots/face_explorer/face_explorer_stage.dart:82:18 • undefined_identifier
  error • Undefined name 'SkinFaceMapVisualTokens' • docs/governance/MIRA_FACE_EXPLORER_FOUR_FIXES_DEVICE_REVIEW/source_snapshots/face_explorer/face_explorer_stage.dart:88:26 • undefined_identifier
  error • Undefined name 'MetricPresentationPolicy' • docs/governance/MIRA_FACE_EXPLORER_FOUR_FIXES_DEVICE_REVIEW/source_snapshots/face_explorer/face_explorer_stage.dart:93:11 • undefined_identifier
  error • Undefined name 'SkinFaceExplorerLayerIsolation' • docs/governance/MIRA_FACE_EXPLORER_FOUR_FIXES_DEVICE_REVIEW/source_snapshots/face_explorer/face_explorer_stage.dart:99:25 • undefined_identifier
  error • Undefined name 'FaceExplorerLensGeometry' • docs/governance/MIRA_FACE_EXPLORER_FOUR_FIXES_DEVICE_REVIEW/source_snapshots/face_explorer/face_explorer_stage.dart:142:27 • undefined_identifier
  error • Undefined name 'SkinFaceMapVisualTokens' • docs/governance/MIRA_FACE_EXPLORER_FOUR_FIXES_DEVICE_REVIEW/source_snapshots/face_explorer/face_explorer_stage.dart:151:32 • undefined_identifier
  error • The method 'PerfectMaskOverlay' isn't defined for the type '_FaceExplorerStageState' • docs/governance/MIRA_FACE_EXPLORER_FOUR_FIXES_DEVICE_REVIEW/source_snapshots/face_explorer/face_explorer_stage.dart:157:31 • undefined_method
  error • Undefined name 'SkinFaceMapVisualTokens' • docs/governance/MIRA_FACE_EXPLORER_FOUR_FIXES_DEVICE_REVIEW/source_snapshots/face_explorer/face_explorer_stage.dart:185:39 • undefined_identifier
  error • Undefined name 'SkinFaceMapVisualTokens' • docs/governance/MIRA_FACE_EXPLORER_FOUR_FIXES_DEVICE_REVIEW/source_snapshots/face_explorer/face_explorer_stage.dart:186:39 • undefined_identifier
  error • Undefined name 'SkinFaceExplorerLayerIsolation' • docs/governance/MIRA_FACE_EXPLORER_FOUR_FIXES_DEVICE_REVIEW/source_snapshots/face_explorer/face_explorer_stage.dart:191:35 • undefined_identifier
  error • The method 'PerfectMaskCalloutConnector' isn't defined for the type '_FaceExplorerStageState' • docs/governance/MIRA_FACE_EXPLORER_FOUR_FIXES_DEVICE_REVIEW/source_snapshots/face_explorer/face_explorer_stage.dart:202:43 • undefined_method
  error • The method 'PerfectMaskRegionCallout' isn't defined for the type '_FaceExplorerStageState' • docs/governance/MIRA_FACE_EXPLORER_FOUR_FIXES_DEVICE_REVIEW/source_snapshots/face_explorer/face_explorer_stage.dart:205:43 • undefined_method
  error • Undefined name 'MetricPresentationPolicy' • docs/governance/MIRA_FACE_EXPLORER_FOUR_FIXES_DEVICE_REVIEW/source_snapshots/face_explorer/face_explorer_stage.dart:207:49 • undefined_identifier
  error • Undefined name 'MetricPresentationPolicy' • docs/governance/MIRA_FACE_EXPLORER_FOUR_FIXES_DEVICE_REVIEW/source_snapshots/face_explorer/face_explorer_stage.dart:211:49 • undefined_identifier
  error • Invalid constant value • docs/governance/MIRA_FACE_EXPLORER_FOUR_FIXES_DEVICE_REVIEW/source_snapshots/face_explorer/face_explorer_stage.dart:227:45 • invalid_constant
  error • Undefined name 'AppColors' • docs/governance/MIRA_FACE_EXPLORER_FOUR_FIXES_DEVICE_REVIEW/source_snapshots/face_explorer/face_explorer_stage.dart:227:45 • undefined_identifier
  error • Invalid constant value • docs/governance/MIRA_FACE_EXPLORER_FOUR_FIXES_DEVICE_REVIEW/source_snapshots/face_explorer/face_explorer_stage.dart:282:36 • invalid_constant
  error • Undefined name 'AppSpacing' • docs/governance/MIRA_FACE_EXPLORER_FOUR_FIXES_DEVICE_REVIEW/source_snapshots/face_explorer/face_explorer_stage.dart:282:36 • undefined_identifier
  error • Undefined name 'AppTypography' • docs/governance/MIRA_FACE_EXPLORER_FOUR_FIXES_DEVICE_REVIEW/source_snapshots/face_explorer/face_explorer_stage.dart:285:22 • undefined_identifier
  error • Undefined name 'AppColors' • docs/governance/MIRA_FACE_EXPLORER_FOUR_FIXES_DEVICE_REVIEW/source_snapshots/face_explorer/face_explorer_stage.dart:286:24 • undefined_identifier
  error • Invalid constant value • docs/governance/MIRA_FACE_EXPLORER_FOUR_FIXES_DEVICE_REVIEW/source_snapshots/face_explorer/face_explorer_stage.dart:292:36 • invalid_constant
  error • Undefined name 'AppSpacing' • docs/governance/MIRA_FACE_EXPLORER_FOUR_FIXES_DEVICE_REVIEW/source_snapshots/face_explorer/face_explorer_stage.dart:292:36 • undefined_identifier
  error • Undefined name 'AppTypography' • docs/governance/MIRA_FACE_EXPLORER_FOUR_FIXES_DEVICE_REVIEW/source_snapshots/face_explorer/face_explorer_stage.dart:297:22 • undefined_identifier
  error • Undefined name 'SkinFaceMapVisualTokens' • docs/governance/MIRA_FACE_EXPLORER_FOUR_FIXES_DEVICE_REVIEW/source_snapshots/face_explorer/face_explorer_stage.dart:298:24 • undefined_identifier
  error • Invalid constant value • docs/governance/MIRA_FACE_EXPLORER_FOUR_FIXES_DEVICE_REVIEW/source_snapshots/face_explorer/face_explorer_stage.dart:304:36 • invalid_constant
  error • Undefined name 'AppSpacing' • docs/governance/MIRA_FACE_EXPLORER_FOUR_FIXES_DEVICE_REVIEW/source_snapshots/face_explorer/face_explorer_stage.dart:304:36 • undefined_identifier
  error • Undefined name 'AppTypography' • docs/governance/MIRA_FACE_EXPLORER_FOUR_FIXES_DEVICE_REVIEW/source_snapshots/face_explorer/face_explorer_stage.dart:307:22 • undefined_identifier
  error • Undefined name 'SkinFaceMapVisualTokens' • docs/governance/MIRA_FACE_EXPLORER_FOUR_FIXES_DEVICE_REVIEW/source_snapshots/face_explorer/face_explorer_stage.dart:308:24 • undefined_identifier
  error • Undefined name 'AppColors' • docs/governance/MIRA_FACE_EXPLORER_FOUR_FIXES_DEVICE_REVIEW/source_snapshots/face_explorer/face_explorer_stage.dart:330:16 • undefined_identifier
  error • Undefined name 'AppTypography' • docs/governance/MIRA_FACE_EXPLORER_FOUR_FIXES_DEVICE_REVIEW/source_snapshots/face_explorer/face_explorer_stage.dart:335:16 • undefined_identifier
  error • Target of URI doesn't exist: 'shared_image_mask_fit.dart' • docs/governance/MIRA_FACE_EXPLORER_FOUR_FIXES_DEVICE_REVIEW/source_snapshots/face_explorer_lens_geometry.dart:3:8 • uri_does_not_exist
  error • Undefined name 'SharedImageMaskFit' • docs/governance/MIRA_FACE_EXPLORER_FOUR_FIXES_DEVICE_REVIEW/source_snapshots/face_explorer_lens_geometry.dart:23:24 • undefined_identifier
  error • Undefined name 'SharedImageMaskFit' • docs/governance/MIRA_FACE_EXPLORER_FOUR_FIXES_DEVICE_REVIEW/source_snapshots/face_explorer_lens_geometry.dart:46:19 • undefined_identifier
  error • Target of URI doesn't exist: '../geometry/shared_image_mask_fit.dart' • docs/governance/MIRA_FACE_EXPLORER_FOUR_FIXES_DEVICE_REVIEW/source_snapshots/perfect_mask_overlay.dart:6:8 • uri_does_not_exist
  error • Target of URI doesn't exist: '../geometry/skin_face_map_visual_tokens.dart' • docs/governance/MIRA_FACE_EXPLORER_FOUR_FIXES_DEVICE_REVIEW/source_snapshots/perfect_mask_overlay.dart:7:8 • uri_does_not_exist
  error • Undefined name 'PerfectMaskPresentationProfile' • docs/governance/MIRA_FACE_EXPLORER_FOUR_FIXES_DEVICE_REVIEW/source_snapshots/perfect_mask_overlay.dart:33:20 • undefined_identifier
  error • Undefined class 'PerfectMaskPresentationProfile' • docs/governance/MIRA_FACE_EXPLORER_FOUR_FIXES_DEVICE_REVIEW/source_snapshots/perfect_mask_overlay.dart:51:9 • undefined_class
  error • Undefined name 'SkinFaceMapVisualTokens' • docs/governance/MIRA_FACE_EXPLORER_FOUR_FIXES_DEVICE_REVIEW/source_snapshots/perfect_mask_overlay.dart:87:32 • undefined_identifier
  error • Undefined name 'SharedImageMaskFit' • docs/governance/MIRA_FACE_EXPLORER_FOUR_FIXES_DEVICE_REVIEW/source_snapshots/perfect_mask_overlay.dart:113:29 • undefined_identifier
  error • Undefined name 'SharedImageMaskFit' • docs/governance/MIRA_FACE_EXPLORER_FOUR_FIXES_DEVICE_REVIEW/source_snapshots/perfect_mask_overlay.dart:117:28 • undefined_identifier
  error • Undefined name 'SharedImageMaskFit' • docs/governance/MIRA_FACE_EXPLORER_FOUR_FIXES_DEVICE_REVIEW/source_snapshots/perfect_mask_overlay.dart:118:18 • undefined_identifier
  error • Invalid constant value • docs/governance/MIRA_FACE_EXPLORER_FOUR_FIXES_DEVICE_REVIEW/source_snapshots/perfect_mask_overlay.dart:240:11 • invalid_constant
  error • Undefined name 'SkinFaceMapVisualTokens' • docs/governance/MIRA_FACE_EXPLORER_FOUR_FIXES_DEVICE_REVIEW/source_snapshots/perfect_mask_overlay.dart:240:11 • undefined_identifier
  error • Undefined name 'PerfectMaskAlphaMode' • docs/governance/MIRA_FACE_EXPLORER_FOUR_FIXES_DEVICE_REVIEW/source_snapshots/perfect_mask_overlay.dart:249:31 • undefined_identifier
  error • Undefined class 'PerfectMaskPresentationProfile' • docs/governance/MIRA_FACE_EXPLORER_FOUR_FIXES_DEVICE_REVIEW/source_snapshots/perfect_mask_overlay.dart:280:5 • undefined_class
  error • Undefined name 'PerfectMaskAlphaMode' • docs/governance/MIRA_FACE_EXPLORER_FOUR_FIXES_DEVICE_REVIEW/source_snapshots/perfect_mask_overlay.dart:282:30 • undefined_identifier
  error • Undefined class 'PerfectMaskPresentationProfile' • docs/governance/MIRA_FACE_EXPLORER_FOUR_FIXES_DEVICE_REVIEW/source_snapshots/perfect_mask_overlay.dart:314:5 • undefined_class
  error • Target of URI doesn't exist: '../../domain/face_map_session_evidence_exporter.dart' • docs/governance/MIRA_FACE_EXPLORER_REFACTOR_PARITY_REVIEW/source/face_explorer/face_explorer_controller.dart:4:8 • uri_does_not_exist
  error • Target of URI doesn't exist: '../../domain/perfect_mask_session.dart' • docs/governance/MIRA_FACE_EXPLORER_REFACTOR_PARITY_REVIEW/source/face_explorer/face_explorer_controller.dart:5:8 • uri_does_not_exist
  error • Target of URI doesn't exist: '../geometry/magnifier_focus_binder.dart' • docs/governance/MIRA_FACE_EXPLORER_REFACTOR_PARITY_REVIEW/source/face_explorer/face_explorer_controller.dart:6:8 • uri_does_not_exist
  error • Target of URI doesn't exist: '../geometry/skin_face_map_visual_tokens.dart' • docs/governance/MIRA_FACE_EXPLORER_REFACTOR_PARITY_REVIEW/source/face_explorer/face_explorer_controller.dart:7:8 • uri_does_not_exist
  error • Undefined class 'MagnifierFocusBinder' • docs/governance/MIRA_FACE_EXPLORER_REFACTOR_PARITY_REVIEW/source/face_explorer/face_explorer_controller.dart:49:9 • undefined_class
  error • The method 'MagnifierFocusBinder' isn't defined for the type 'FaceExplorerController' • docs/governance/MIRA_FACE_EXPLORER_REFACTOR_PARITY_REVIEW/source/face_explorer/face_explorer_controller.dart:49:48 • undefined_method
  error • Undefined class 'PerfectMaskArtifact' • docs/governance/MIRA_FACE_EXPLORER_REFACTOR_PARITY_REVIEW/source/face_explorer/face_explorer_controller.dart:86:3 • undefined_class
  error • Undefined class 'PerfectMaskSession' • docs/governance/MIRA_FACE_EXPLORER_REFACTOR_PARITY_REVIEW/source/face_explorer/face_explorer_controller.dart:87:5 • undefined_class
  error • Undefined class 'PerfectMaskArtifact' • docs/governance/MIRA_FACE_EXPLORER_REFACTOR_PARITY_REVIEW/source/face_explorer/face_explorer_controller.dart:100:14 • undefined_class
  error • Undefined class 'PerfectMaskPresentationProfile' • docs/governance/MIRA_FACE_EXPLORER_REFACTOR_PARITY_REVIEW/source/face_explorer/face_explorer_controller.dart:101:14 • undefined_class
  error • Undefined name 'FaceMapSessionEvidenceExporter' • docs/governance/MIRA_FACE_EXPLORER_REFACTOR_PARITY_REVIEW/source/face_explorer/face_explorer_controller.dart:104:19 • undefined_identifier
  error • Undefined class 'PerfectMaskArtifact' • docs/governance/MIRA_FACE_EXPLORER_REFACTOR_PARITY_REVIEW/source/face_explorer/face_explorer_controller.dart:110:14 • undefined_class
  error • Undefined class 'PerfectMaskPresentationProfile' • docs/governance/MIRA_FACE_EXPLORER_REFACTOR_PARITY_REVIEW/source/face_explorer/face_explorer_controller.dart:111:14 • undefined_class
  error • Undefined class 'PerfectMaskArtifact' • docs/governance/MIRA_FACE_EXPLORER_REFACTOR_PARITY_REVIEW/source/face_explorer/face_explorer_controller.dart:168:14 • undefined_class
  error • Undefined class 'PerfectMaskPresentationProfile' • docs/governance/MIRA_FACE_EXPLORER_REFACTOR_PARITY_REVIEW/source/face_explorer/face_explorer_controller.dart:169:14 • undefined_class
  error • Undefined class 'PerfectMaskSession' • docs/governance/MIRA_FACE_EXPLORER_REFACTOR_PARITY_REVIEW/source/face_explorer/face_explorer_controller.dart:190:14 • undefined_class
  error • Undefined name 'SkinFaceMapVisualTokens' • docs/governance/MIRA_FACE_EXPLORER_REFACTOR_PARITY_REVIEW/source/face_explorer/face_explorer_controller.dart:197:9 • undefined_identifier
  error • Undefined class 'PerfectMaskSession' • docs/governance/MIRA_FACE_EXPLORER_REFACTOR_PARITY_REVIEW/source/face_explorer/face_explorer_controller.dart:220:14 • undefined_class
  error • Undefined name 'SkinFaceMapVisualTokens' • docs/governance/MIRA_FACE_EXPLORER_REFACTOR_PARITY_REVIEW/source/face_explorer/face_explorer_controller.dart:227:9 • undefined_identifier
  error • Target of URI doesn't exist: '../../../../shared/theme/colors.dart' • docs/governance/MIRA_FACE_EXPLORER_REFACTOR_PARITY_REVIEW/source/face_explorer/face_explorer_details.dart:4:8 • uri_does_not_exist
  error • Target of URI doesn't exist: '../../../../shared/theme/spacing.dart' • docs/governance/MIRA_FACE_EXPLORER_REFACTOR_PARITY_REVIEW/source/face_explorer/face_explorer_details.dart:5:8 • uri_does_not_exist
  error • Target of URI doesn't exist: '../../../../shared/theme/typography.dart' • docs/governance/MIRA_FACE_EXPLORER_REFACTOR_PARITY_REVIEW/source/face_explorer/face_explorer_details.dart:6:8 • uri_does_not_exist
  error • Target of URI doesn't exist: '../../domain/face_map_overlay_decision.dart' • docs/governance/MIRA_FACE_EXPLORER_REFACTOR_PARITY_REVIEW/source/face_explorer/face_explorer_details.dart:7:8 • uri_does_not_exist
  error • Target of URI doesn't exist: '../../domain/perfect_mask_session.dart' • docs/governance/MIRA_FACE_EXPLORER_REFACTOR_PARITY_REVIEW/source/face_explorer/face_explorer_details.dart:8:8 • uri_does_not_exist
  error • Target of URI doesn't exist: '../../semantics/metric_presentation_policy.dart' • docs/governance/MIRA_FACE_EXPLORER_REFACTOR_PARITY_REVIEW/source/face_explorer/face_explorer_details.dart:9:8 • uri_does_not_exist
  error • Target of URI doesn't exist: '../geometry/skin_face_map_visual_tokens.dart' • docs/governance/MIRA_FACE_EXPLORER_REFACTOR_PARITY_REVIEW/source/face_explorer/face_explorer_details.dart:10:8 • uri_does_not_exist
  error • Undefined class 'FaceMapOverlayDecision' • docs/governance/MIRA_FACE_EXPLORER_REFACTOR_PARITY_REVIEW/source/face_explorer/face_explorer_details.dart:27:9 • undefined_class
  error • Undefined class 'PerfectMaskSession' • docs/governance/MIRA_FACE_EXPLORER_REFACTOR_PARITY_REVIEW/source/face_explorer/face_explorer_details.dart:29:9 • undefined_class
  error • Undefined name 'SkinFaceMapVisualTokens' • docs/governance/MIRA_FACE_EXPLORER_REFACTOR_PARITY_REVIEW/source/face_explorer/face_explorer_details.dart:37:20 • undefined_identifier
  error • Undefined name 'SkinFaceMapVisualTokens' • docs/governance/MIRA_FACE_EXPLORER_REFACTOR_PARITY_REVIEW/source/face_explorer/face_explorer_details.dart:44:19 • undefined_identifier
  error • Undefined name 'AppTypography' • docs/governance/MIRA_FACE_EXPLORER_REFACTOR_PARITY_REVIEW/source/face_explorer/face_explorer_details.dart:59:22 • undefined_identifier
  error • Undefined name 'SkinFaceMapVisualTokens' • docs/governance/MIRA_FACE_EXPLORER_REFACTOR_PARITY_REVIEW/source/face_explorer/face_explorer_details.dart:61:24 • undefined_identifier
  error • Undefined name 'MetricPresentationPolicy' • docs/governance/MIRA_FACE_EXPLORER_REFACTOR_PARITY_REVIEW/source/face_explorer/face_explorer_details.dart:66:17 • undefined_identifier
  error • Undefined name 'AppTypography' • docs/governance/MIRA_FACE_EXPLORER_REFACTOR_PARITY_REVIEW/source/face_explorer/face_explorer_details.dart:67:24 • undefined_identifier
  error • Undefined name 'SkinFaceMapVisualTokens' • docs/governance/MIRA_FACE_EXPLORER_REFACTOR_PARITY_REVIEW/source/face_explorer/face_explorer_details.dart:68:26 • undefined_identifier
  error • Undefined name 'AppTypography' • docs/governance/MIRA_FACE_EXPLORER_REFACTOR_PARITY_REVIEW/source/face_explorer/face_explorer_details.dart:75:24 • undefined_identifier
  error • Undefined name 'SkinFaceMapVisualTokens' • docs/governance/MIRA_FACE_EXPLORER_REFACTOR_PARITY_REVIEW/source/face_explorer/face_explorer_details.dart:76:26 • undefined_identifier
  error • Undefined name 'PerfectMaskSession' • docs/governance/MIRA_FACE_EXPLORER_REFACTOR_PARITY_REVIEW/source/face_explorer/face_explorer_details.dart:94:9 • undefined_identifier
  error • Invalid constant value • docs/governance/MIRA_FACE_EXPLORER_REFACTOR_PARITY_REVIEW/source/face_explorer/face_explorer_details.dart:99:30 • invalid_constant
  error • Undefined name 'AppSpacing' • docs/governance/MIRA_FACE_EXPLORER_REFACTOR_PARITY_REVIEW/source/face_explorer/face_explorer_details.dart:99:30 • undefined_identifier
  error • Undefined name 'SkinFaceMapVisualTokens' • docs/governance/MIRA_FACE_EXPLORER_REFACTOR_PARITY_REVIEW/source/face_explorer/face_explorer_details.dart:107:30 • undefined_identifier
  error • Undefined name 'AppTypography' • docs/governance/MIRA_FACE_EXPLORER_REFACTOR_PARITY_REVIEW/source/face_explorer/face_explorer_details.dart:112:20 • undefined_identifier
  error • Undefined name 'SkinFaceMapVisualTokens' • docs/governance/MIRA_FACE_EXPLORER_REFACTOR_PARITY_REVIEW/source/face_explorer/face_explorer_details.dart:114:22 • undefined_identifier
  error • Undefined name 'AppTypography' • docs/governance/MIRA_FACE_EXPLORER_REFACTOR_PARITY_REVIEW/source/face_explorer/face_explorer_details.dart:124:20 • undefined_identifier
  error • Undefined name 'SkinFaceMapVisualTokens' • docs/governance/MIRA_FACE_EXPLORER_REFACTOR_PARITY_REVIEW/source/face_explorer/face_explorer_details.dart:125:22 • undefined_identifier
  error • Undefined name 'SkinFaceMapVisualTokens' • docs/governance/MIRA_FACE_EXPLORER_REFACTOR_PARITY_REVIEW/source/face_explorer/face_explorer_details.dart:132:21 • undefined_identifier
  error • Undefined name 'AppColors' • docs/governance/MIRA_FACE_EXPLORER_REFACTOR_PARITY_REVIEW/source/face_explorer/face_explorer_details.dart:136:20 • undefined_identifier
  error • Undefined name 'MetricPresentationPolicy' • docs/governance/MIRA_FACE_EXPLORER_REFACTOR_PARITY_REVIEW/source/face_explorer/face_explorer_details.dart:145:29 • undefined_identifier
  error • Undefined name 'SkinFaceMapVisualTokens' • docs/governance/MIRA_FACE_EXPLORER_REFACTOR_PARITY_REVIEW/source/face_explorer/face_explorer_details.dart:147:19 • undefined_identifier
  error • Undefined name 'AppColors' • docs/governance/MIRA_FACE_EXPLORER_REFACTOR_PARITY_REVIEW/source/face_explorer/face_explorer_details.dart:155:25 • undefined_identifier
  error • Undefined name 'AppTypography' • docs/governance/MIRA_FACE_EXPLORER_REFACTOR_PARITY_REVIEW/source/face_explorer/face_explorer_details.dart:167:32 • undefined_identifier
  error • Undefined name 'AppColors' • docs/governance/MIRA_FACE_EXPLORER_REFACTOR_PARITY_REVIEW/source/face_explorer/face_explorer_details.dart:170:33 • undefined_identifier
  error • Undefined name 'AppColors' • docs/governance/MIRA_FACE_EXPLORER_REFACTOR_PARITY_REVIEW/source/face_explorer/face_explorer_details.dart:171:33 • undefined_identifier
  error • Undefined name 'AppTypography' • docs/governance/MIRA_FACE_EXPLORER_REFACTOR_PARITY_REVIEW/source/face_explorer/face_explorer_details.dart:214:20 • undefined_identifier
  error • Undefined name 'SkinFaceMapVisualTokens' • docs/governance/MIRA_FACE_EXPLORER_REFACTOR_PARITY_REVIEW/source/face_explorer/face_explorer_details.dart:215:22 • undefined_identifier
  error • Target of URI doesn't exist: '../../domain/face_map_session_provenance.dart' • docs/governance/MIRA_FACE_EXPLORER_REFACTOR_PARITY_REVIEW/source/face_explorer/face_explorer_image_loader.dart:6:8 • uri_does_not_exist
  error • Target of URI doesn't exist: '../../domain/perfect_mask_session.dart' • docs/governance/MIRA_FACE_EXPLORER_REFACTOR_PARITY_REVIEW/source/face_explorer/face_explorer_image_loader.dart:7:8 • uri_does_not_exist
  error • Target of URI doesn't exist: '../poc/apple_person_matting_poc_bridge.dart' • docs/governance/MIRA_FACE_EXPLORER_REFACTOR_PARITY_REVIEW/source/face_explorer/face_explorer_image_loader.dart:8:8 • uri_does_not_exist
  error • Undefined class 'PerfectMaskSession' • docs/governance/MIRA_FACE_EXPLORER_REFACTOR_PARITY_REVIEW/source/face_explorer/face_explorer_image_loader.dart:75:5 • undefined_class
  error • Undefined name 'FaceMapSessionProvenanceProbe' • docs/governance/MIRA_FACE_EXPLORER_REFACTOR_PARITY_REVIEW/source/face_explorer/face_explorer_image_loader.dart:94:13 • undefined_identifier
  error • Undefined class 'PerfectMaskSession' • docs/governance/MIRA_FACE_EXPLORER_REFACTOR_PARITY_REVIEW/source/face_explorer/face_explorer_image_loader.dart:112:5 • undefined_class
  error • Undefined name 'ApplePersonMattingPocBridge' • docs/governance/MIRA_FACE_EXPLORER_REFACTOR_PARITY_REVIEW/source/face_explorer/face_explorer_image_loader.dart:121:19 • undefined_identifier
  error • Undefined name 'PerfectMaskSession' • docs/governance/MIRA_FACE_EXPLORER_REFACTOR_PARITY_REVIEW/source/face_explorer/face_explorer_image_loader.dart:138:17 • undefined_identifier
  error • Target of URI doesn't exist: '../../../../shared/theme/colors.dart' • docs/governance/MIRA_FACE_EXPLORER_REFACTOR_PARITY_REVIEW/source/face_explorer/face_explorer_lens_panel.dart:5:8 • uri_does_not_exist
  error • Target of URI doesn't exist: '../../../../shared/theme/typography.dart' • docs/governance/MIRA_FACE_EXPLORER_REFACTOR_PARITY_REVIEW/source/face_explorer/face_explorer_lens_panel.dart:6:8 • uri_does_not_exist
  error • Target of URI doesn't exist: '../geometry/shared_image_mask_fit.dart' • docs/governance/MIRA_FACE_EXPLORER_REFACTOR_PARITY_REVIEW/source/face_explorer/face_explorer_lens_panel.dart:7:8 • uri_does_not_exist
  error • Target of URI doesn't exist: '../geometry/skin_face_map_visual_tokens.dart' • docs/governance/MIRA_FACE_EXPLORER_REFACTOR_PARITY_REVIEW/source/face_explorer/face_explorer_lens_panel.dart:8:8 • uri_does_not_exist
  error • Target of URI doesn't exist: '../widgets/perfect_mask_overlay.dart' • docs/governance/MIRA_FACE_EXPLORER_REFACTOR_PARITY_REVIEW/source/face_explorer/face_explorer_lens_panel.dart:9:8 • uri_does_not_exist
  error • Undefined class 'PerfectMaskPresentationProfile' • docs/governance/MIRA_FACE_EXPLORER_REFACTOR_PARITY_REVIEW/source/face_explorer/face_explorer_lens_panel.dart:33:9 • undefined_class
  error • Undefined name 'SharedImageMaskFit' • docs/governance/MIRA_FACE_EXPLORER_REFACTOR_PARITY_REVIEW/source/face_explorer/face_explorer_lens_panel.dart:54:19 • undefined_identifier
  error • Undefined name 'AppColors' • docs/governance/MIRA_FACE_EXPLORER_REFACTOR_PARITY_REVIEW/source/face_explorer/face_explorer_lens_panel.dart:62:16 • undefined_identifier
  error • Undefined name 'AppColors' • docs/governance/MIRA_FACE_EXPLORER_REFACTOR_PARITY_REVIEW/source/face_explorer/face_explorer_lens_panel.dart:64:35 • undefined_identifier
  error • Undefined name 'AppTypography' • docs/governance/MIRA_FACE_EXPLORER_REFACTOR_PARITY_REVIEW/source/face_explorer/face_explorer_lens_panel.dart:74:26 • undefined_identifier
  error • Undefined name 'SkinFaceMapVisualTokens' • docs/governance/MIRA_FACE_EXPLORER_REFACTOR_PARITY_REVIEW/source/face_explorer/face_explorer_lens_panel.dart:76:28 • undefined_identifier
  error • Undefined name 'AppColors' • docs/governance/MIRA_FACE_EXPLORER_REFACTOR_PARITY_REVIEW/source/face_explorer/face_explorer_lens_panel.dart:83:36 • undefined_identifier
  error • Undefined name 'AppTypography' • docs/governance/MIRA_FACE_EXPLORER_REFACTOR_PARITY_REVIEW/source/face_explorer/face_explorer_lens_panel.dart:89:26 • undefined_identifier
  error • Undefined name 'AppColors' • docs/governance/MIRA_FACE_EXPLORER_REFACTOR_PARITY_REVIEW/source/face_explorer/face_explorer_lens_panel.dart:91:28 • undefined_identifier
  error • The method 'PerfectMaskOverlay' isn't defined for the type 'FaceExplorerLensPanel' • docs/governance/MIRA_FACE_EXPLORER_REFACTOR_PARITY_REVIEW/source/face_explorer/face_explorer_lens_panel.dart:105:24 • undefined_method
  error • Undefined name 'AppTypography' • docs/governance/MIRA_FACE_EXPLORER_REFACTOR_PARITY_REVIEW/source/face_explorer/face_explorer_lens_panel.dart:157:22 • undefined_identifier
  error • Undefined name 'SkinFaceMapVisualTokens' • docs/governance/MIRA_FACE_EXPLORER_REFACTOR_PARITY_REVIEW/source/face_explorer/face_explorer_lens_panel.dart:159:24 • undefined_identifier
  error • Undefined name 'AppColors' • docs/governance/MIRA_FACE_EXPLORER_REFACTOR_PARITY_REVIEW/source/face_explorer/face_explorer_lens_panel.dart:174:30 • undefined_identifier
  error • Undefined name 'AppTypography' • docs/governance/MIRA_FACE_EXPLORER_REFACTOR_PARITY_REVIEW/source/face_explorer/face_explorer_lens_panel.dart:246:18 • undefined_identifier
  error • Undefined name 'SkinFaceMapVisualTokens' • docs/governance/MIRA_FACE_EXPLORER_REFACTOR_PARITY_REVIEW/source/face_explorer/face_explorer_lens_panel.dart:248:20 • undefined_identifier
  error • Undefined name 'AppColors' • docs/governance/MIRA_FACE_EXPLORER_REFACTOR_PARITY_REVIEW/source/face_explorer/face_explorer_lens_panel.dart:260:25 • undefined_identifier
  error • Undefined name 'AppColors' • docs/governance/MIRA_FACE_EXPLORER_REFACTOR_PARITY_REVIEW/source/face_explorer/face_explorer_lens_panel.dart:261:25 • undefined_identifier
  error • Undefined name 'AppColors' • docs/governance/MIRA_FACE_EXPLORER_REFACTOR_PARITY_REVIEW/source/face_explorer/face_explorer_lens_panel.dart:273:33 • undefined_identifier
  error • Undefined name 'AppColors' • docs/governance/MIRA_FACE_EXPLORER_REFACTOR_PARITY_REVIEW/source/face_explorer/face_explorer_lens_panel.dart:274:33 • undefined_identifier
  error • Undefined name 'AppTypography' • docs/governance/MIRA_FACE_EXPLORER_REFACTOR_PARITY_REVIEW/source/face_explorer/face_explorer_lens_panel.dart:279:32 • undefined_identifier
  error • Undefined name 'AppColors' • docs/governance/MIRA_FACE_EXPLORER_REFACTOR_PARITY_REVIEW/source/face_explorer/face_explorer_lens_panel.dart:282:33 • undefined_identifier
  error • Undefined name 'AppColors' • docs/governance/MIRA_FACE_EXPLORER_REFACTOR_PARITY_REVIEW/source/face_explorer/face_explorer_lens_panel.dart:283:33 • undefined_identifier
  error • Undefined name 'AppTypography' • docs/governance/MIRA_FACE_EXPLORER_REFACTOR_PARITY_REVIEW/source/face_explorer/face_explorer_lens_panel.dart:297:20 • undefined_identifier
  error • Undefined name 'SkinFaceMapVisualTokens' • docs/governance/MIRA_FACE_EXPLORER_REFACTOR_PARITY_REVIEW/source/face_explorer/face_explorer_lens_panel.dart:298:22 • undefined_identifier
  error • Undefined name 'AppColors' • docs/governance/MIRA_FACE_EXPLORER_REFACTOR_PARITY_REVIEW/source/face_explorer/face_explorer_lens_panel.dart:332:15 • undefined_identifier
  error • Undefined name 'AppColors' • docs/governance/MIRA_FACE_EXPLORER_REFACTOR_PARITY_REVIEW/source/face_explorer/face_explorer_lens_panel.dart:333:15 • undefined_identifier
  error • Undefined name 'AppColors' • docs/governance/MIRA_FACE_EXPLORER_REFACTOR_PARITY_REVIEW/source/face_explorer/face_explorer_lens_panel.dart:337:17 • undefined_identifier
  error • Undefined name 'AppColors' • docs/governance/MIRA_FACE_EXPLORER_REFACTOR_PARITY_REVIEW/source/face_explorer/face_explorer_lens_panel.dart:338:17 • undefined_identifier
  error • Undefined name 'AppColors' • docs/governance/MIRA_FACE_EXPLORER_REFACTOR_PARITY_REVIEW/source/face_explorer/face_explorer_lens_panel.dart:344:39 • undefined_identifier
  error • Undefined name 'AppTypography' • docs/governance/MIRA_FACE_EXPLORER_REFACTOR_PARITY_REVIEW/source/face_explorer/face_explorer_lens_panel.dart:350:22 • undefined_identifier
  error • Undefined name 'SkinFaceMapVisualTokens' • docs/governance/MIRA_FACE_EXPLORER_REFACTOR_PARITY_REVIEW/source/face_explorer/face_explorer_lens_panel.dart:353:24 • undefined_identifier
  error • Target of URI doesn't exist: '../../../../shared/theme/colors.dart' • docs/governance/MIRA_FACE_EXPLORER_REFACTOR_PARITY_REVIEW/source/face_explorer/face_explorer_metrics.dart:3:8 • uri_does_not_exist
  error • Target of URI doesn't exist: '../../../../shared/theme/typography.dart' • docs/governance/MIRA_FACE_EXPLORER_REFACTOR_PARITY_REVIEW/source/face_explorer/face_explorer_metrics.dart:4:8 • uri_does_not_exist
  error • Target of URI doesn't exist: '../../contracts/result_presentation_vms.dart' • docs/governance/MIRA_FACE_EXPLORER_REFACTOR_PARITY_REVIEW/source/face_explorer/face_explorer_metrics.dart:5:8 • uri_does_not_exist
  error • Target of URI doesn't exist: '../../semantics/metric_presentation_policy.dart' • docs/governance/MIRA_FACE_EXPLORER_REFACTOR_PARITY_REVIEW/source/face_explorer/face_explorer_metrics.dart:6:8 • uri_does_not_exist
  error • Target of URI doesn't exist: '../geometry/skin_face_map_visual_tokens.dart' • docs/governance/MIRA_FACE_EXPLORER_REFACTOR_PARITY_REVIEW/source/face_explorer/face_explorer_metrics.dart:7:8 • uri_does_not_exist
  error • The name 'ResultMapConcernVM' isn't a type, so it can't be used as a type argument • docs/governance/MIRA_FACE_EXPLORER_REFACTOR_PARITY_REVIEW/source/face_explorer/face_explorer_metrics.dart:45:14 • non_type_as_type_argument
  error • Undefined name 'AppTypography' • docs/governance/MIRA_FACE_EXPLORER_REFACTOR_PARITY_REVIEW/source/face_explorer/face_explorer_metrics.dart:61:24 • undefined_identifier
  error • Undefined name 'SkinFaceMapVisualTokens' • docs/governance/MIRA_FACE_EXPLORER_REFACTOR_PARITY_REVIEW/source/face_explorer/face_explorer_metrics.dart:63:26 • undefined_identifier
  error • Undefined name 'AppColors' • docs/governance/MIRA_FACE_EXPLORER_REFACTOR_PARITY_REVIEW/source/face_explorer/face_explorer_metrics.dart:70:34 • undefined_identifier
  error • Undefined name 'AppTypography' • docs/governance/MIRA_FACE_EXPLORER_REFACTOR_PARITY_REVIEW/source/face_explorer/face_explorer_metrics.dart:76:24 • undefined_identifier
  error • Undefined name 'AppColors' • docs/governance/MIRA_FACE_EXPLORER_REFACTOR_PARITY_REVIEW/source/face_explorer/face_explorer_metrics.dart:78:26 • undefined_identifier
  error • Undefined name 'MetricPresentationPolicy' • docs/governance/MIRA_FACE_EXPLORER_REFACTOR_PARITY_REVIEW/source/face_explorer/face_explorer_metrics.dart:112:19 • undefined_identifier
  error • Undefined name 'MetricPresentationPolicy' • docs/governance/MIRA_FACE_EXPLORER_REFACTOR_PARITY_REVIEW/source/face_explorer/face_explorer_metrics.dart:113:20 • undefined_identifier
  error • Undefined name 'AppTypography' • docs/governance/MIRA_FACE_EXPLORER_REFACTOR_PARITY_REVIEW/source/face_explorer/face_explorer_metrics.dart:129:26 • undefined_identifier
  error • Undefined name 'AppTypography' • docs/governance/MIRA_FACE_EXPLORER_REFACTOR_PARITY_REVIEW/source/face_explorer/face_explorer_metrics.dart:137:26 • undefined_identifier
  error • Undefined name 'SkinFaceMapVisualTokens' • docs/governance/MIRA_FACE_EXPLORER_REFACTOR_PARITY_REVIEW/source/face_explorer/face_explorer_metrics.dart:138:28 • undefined_identifier
  error • Undefined name 'AppTypography' • docs/governance/MIRA_FACE_EXPLORER_REFACTOR_PARITY_REVIEW/source/face_explorer/face_explorer_metrics.dart:153:26 • undefined_identifier
  error • Undefined name 'SkinFaceMapVisualTokens' • docs/governance/MIRA_FACE_EXPLORER_REFACTOR_PARITY_REVIEW/source/face_explorer/face_explorer_metrics.dart:157:28 • undefined_identifier
  error • Undefined name 'AppTypography' • docs/governance/MIRA_FACE_EXPLORER_REFACTOR_PARITY_REVIEW/source/face_explorer/face_explorer_metrics.dart:162:26 • undefined_identifier
  error • Undefined name 'SkinFaceMapVisualTokens' • docs/governance/MIRA_FACE_EXPLORER_REFACTOR_PARITY_REVIEW/source/face_explorer/face_explorer_metrics.dart:163:28 • undefined_identifier
  error • Undefined name 'AppTypography' • docs/governance/MIRA_FACE_EXPLORER_REFACTOR_PARITY_REVIEW/source/face_explorer/face_explorer_metrics.dart:176:26 • undefined_identifier
  error • Undefined name 'SkinFaceMapVisualTokens' • docs/governance/MIRA_FACE_EXPLORER_REFACTOR_PARITY_REVIEW/source/face_explorer/face_explorer_metrics.dart:178:28 • undefined_identifier
  error • Undefined name 'AppTypography' • docs/governance/MIRA_FACE_EXPLORER_REFACTOR_PARITY_REVIEW/source/face_explorer/face_explorer_metrics.dart:183:24 • undefined_identifier
  error • Undefined name 'SkinFaceMapVisualTokens' • docs/governance/MIRA_FACE_EXPLORER_REFACTOR_PARITY_REVIEW/source/face_explorer/face_explorer_metrics.dart:184:26 • undefined_identifier
  error • The name 'ResultMapConcernVM' isn't a type, so it can't be used as a type argument • docs/governance/MIRA_FACE_EXPLORER_REFACTOR_PARITY_REVIEW/source/face_explorer/face_explorer_metrics.dart:206:14 • non_type_as_type_argument
  error • Undefined class 'ResultMapConcernVM' • docs/governance/MIRA_FACE_EXPLORER_REFACTOR_PARITY_REVIEW/source/face_explorer/face_explorer_metrics.dart:212:19 • undefined_class
  error • The name 'ResultMapConcernVM' isn't a type, so it can't be used as a type argument • docs/governance/MIRA_FACE_EXPLORER_REFACTOR_PARITY_REVIEW/source/face_explorer/face_explorer_metrics.dart:218:8 • non_type_as_type_argument
  error • The name 'ResultMapConcernVM' isn't a type, so it can't be used as a type argument • docs/governance/MIRA_FACE_EXPLORER_REFACTOR_PARITY_REVIEW/source/face_explorer/face_explorer_metrics.dart:219:18 • non_type_as_type_argument
  error • Undefined class 'ResultMapConcernVM' • docs/governance/MIRA_FACE_EXPLORER_REFACTOR_PARITY_REVIEW/source/face_explorer/face_explorer_metrics.dart:222:7 • undefined_class
  error • The property 'id' can't be unconditionally accessed because the receiver can be 'null' • docs/governance/MIRA_FACE_EXPLORER_REFACTOR_PARITY_REVIEW/source/face_explorer/face_explorer_metrics.dart:249:36 • unchecked_use_of_nullable_value
  error • Undefined name 'MetricPresentationPolicy' • docs/governance/MIRA_FACE_EXPLORER_REFACTOR_PARITY_REVIEW/source/face_explorer/face_explorer_metrics.dart:250:23 • undefined_identifier
  error • The property 'id' can't be unconditionally accessed because the receiver can be 'null' • docs/governance/MIRA_FACE_EXPLORER_REFACTOR_PARITY_REVIEW/source/face_explorer/face_explorer_metrics.dart:250:64 • unchecked_use_of_nullable_value
  error • Undefined name 'SkinFaceMapVisualTokens' • docs/governance/MIRA_FACE_EXPLORER_REFACTOR_PARITY_REVIEW/source/face_explorer/face_explorer_metrics.dart:251:24 • undefined_identifier
  error • The property 'id' can't be unconditionally accessed because the receiver can be 'null' • docs/governance/MIRA_FACE_EXPLORER_REFACTOR_PARITY_REVIEW/source/face_explorer/face_explorer_metrics.dart:251:67 • unchecked_use_of_nullable_value
  error • Undefined name 'AppColors' • docs/governance/MIRA_FACE_EXPLORER_REFACTOR_PARITY_REVIEW/source/face_explorer/face_explorer_metrics.dart:257:58 • undefined_identifier
  error • The property 'id' can't be unconditionally accessed because the receiver can be 'null' • docs/governance/MIRA_FACE_EXPLORER_REFACTOR_PARITY_REVIEW/source/face_explorer/face_explorer_metrics.dart:261:39 • unchecked_use_of_nullable_value
  error • Undefined name 'AppColors' • docs/governance/MIRA_FACE_EXPLORER_REFACTOR_PARITY_REVIEW/source/face_explorer/face_explorer_metrics.dart:271:27 • undefined_identifier
  error • The property 'id' can't be unconditionally accessed because the receiver can be 'null' • docs/governance/MIRA_FACE_EXPLORER_REFACTOR_PARITY_REVIEW/source/face_explorer/face_explorer_metrics.dart:279:48 • unchecked_use_of_nullable_value
  error • Undefined name 'AppColors' • docs/governance/MIRA_FACE_EXPLORER_REFACTOR_PARITY_REVIEW/source/face_explorer/face_explorer_metrics.dart:281:44 • undefined_identifier
  error • Undefined name 'AppTypography' • docs/governance/MIRA_FACE_EXPLORER_REFACTOR_PARITY_REVIEW/source/face_explorer/face_explorer_metrics.dart:289:32 • undefined_identifier
  error • Undefined name 'AppColors' • docs/governance/MIRA_FACE_EXPLORER_REFACTOR_PARITY_REVIEW/source/face_explorer/face_explorer_metrics.dart:292:48 • undefined_identifier
  error • Target of URI doesn't exist: '../../../../shared/theme/colors.dart' • docs/governance/MIRA_FACE_EXPLORER_REFACTOR_PARITY_REVIEW/source/face_explorer/face_explorer_stage.dart:4:8 • uri_does_not_exist
  error • Target of URI doesn't exist: '../../../../shared/theme/spacing.dart' • docs/governance/MIRA_FACE_EXPLORER_REFACTOR_PARITY_REVIEW/source/face_explorer/face_explorer_stage.dart:5:8 • uri_does_not_exist
  error • Target of URI doesn't exist: '../../../../shared/theme/typography.dart' • docs/governance/MIRA_FACE_EXPLORER_REFACTOR_PARITY_REVIEW/source/face_explorer/face_explorer_stage.dart:6:8 • uri_does_not_exist
  error • Target of URI doesn't exist: '../../domain/face_map_overlay_decision.dart' • docs/governance/MIRA_FACE_EXPLORER_REFACTOR_PARITY_REVIEW/source/face_explorer/face_explorer_stage.dart:7:8 • uri_does_not_exist
  error • Target of URI doesn't exist: '../../domain/perfect_mask_session.dart' • docs/governance/MIRA_FACE_EXPLORER_REFACTOR_PARITY_REVIEW/source/face_explorer/face_explorer_stage.dart:8:8 • uri_does_not_exist
  error • Target of URI doesn't exist: '../../semantics/metric_presentation_policy.dart' • docs/governance/MIRA_FACE_EXPLORER_REFACTOR_PARITY_REVIEW/source/face_explorer/face_explorer_stage.dart:9:8 • uri_does_not_exist
  error • Target of URI doesn't exist: '../geometry/shared_image_mask_fit.dart' • docs/governance/MIRA_FACE_EXPLORER_REFACTOR_PARITY_REVIEW/source/face_explorer/face_explorer_stage.dart:10:8 • uri_does_not_exist
  error • Target of URI doesn't exist: '../geometry/skin_face_explorer_layer_isolation.dart' • docs/governance/MIRA_FACE_EXPLORER_REFACTOR_PARITY_REVIEW/source/face_explorer/face_explorer_stage.dart:11:8 • uri_does_not_exist
  error • Target of URI doesn't exist: '../geometry/skin_face_map_visual_tokens.dart' • docs/governance/MIRA_FACE_EXPLORER_REFACTOR_PARITY_REVIEW/source/face_explorer/face_explorer_stage.dart:12:8 • uri_does_not_exist
  error • Target of URI doesn't exist: '../widgets/perfect_mask_overlay.dart' • docs/governance/MIRA_FACE_EXPLORER_REFACTOR_PARITY_REVIEW/source/face_explorer/face_explorer_stage.dart:13:8 • uri_does_not_exist
  error • Target of URI doesn't exist: '../widgets/perfect_mask_region_callout.dart' • docs/governance/MIRA_FACE_EXPLORER_REFACTOR_PARITY_REVIEW/source/face_explorer/face_explorer_stage.dart:14:8 • uri_does_not_exist
  error • Undefined class 'PerfectMaskSession' • docs/governance/MIRA_FACE_EXPLORER_REFACTOR_PARITY_REVIEW/source/face_explorer/face_explorer_stage.dart:36:9 • undefined_class
  error • Undefined class 'FaceMapOverlayDecision' • docs/governance/MIRA_FACE_EXPLORER_REFACTOR_PARITY_REVIEW/source/face_explorer/face_explorer_stage.dart:38:9 • undefined_class
  error • Undefined name 'SharedImageMaskFit' • docs/governance/MIRA_FACE_EXPLORER_REFACTOR_PARITY_REVIEW/source/face_explorer/face_explorer_stage.dart:61:18 • undefined_identifier
  error • Undefined name 'SkinFaceMapVisualTokens' • docs/governance/MIRA_FACE_EXPLORER_REFACTOR_PARITY_REVIEW/source/face_explorer/face_explorer_stage.dart:80:9 • undefined_identifier
  error • Undefined name 'SkinFaceMapVisualTokens' • docs/governance/MIRA_FACE_EXPLORER_REFACTOR_PARITY_REVIEW/source/face_explorer/face_explorer_stage.dart:81:18 • undefined_identifier
  error • Undefined name 'SkinFaceMapVisualTokens' • docs/governance/MIRA_FACE_EXPLORER_REFACTOR_PARITY_REVIEW/source/face_explorer/face_explorer_stage.dart:86:9 • undefined_identifier
  error • Undefined name 'MetricPresentationPolicy' • docs/governance/MIRA_FACE_EXPLORER_REFACTOR_PARITY_REVIEW/source/face_explorer/face_explorer_stage.dart:89:11 • undefined_identifier
  error • Undefined name 'SkinFaceExplorerLayerIsolation' • docs/governance/MIRA_FACE_EXPLORER_REFACTOR_PARITY_REVIEW/source/face_explorer/face_explorer_stage.dart:102:25 • undefined_identifier
  error • Undefined name 'SharedImageMaskFit' • docs/governance/MIRA_FACE_EXPLORER_REFACTOR_PARITY_REVIEW/source/face_explorer/face_explorer_stage.dart:117:11 • undefined_identifier
  error • Undefined name 'SkinFaceMapVisualTokens' • docs/governance/MIRA_FACE_EXPLORER_REFACTOR_PARITY_REVIEW/source/face_explorer/face_explorer_stage.dart:156:32 • undefined_identifier
  error • The method 'PerfectMaskOverlay' isn't defined for the type '_FaceExplorerStageState' • docs/governance/MIRA_FACE_EXPLORER_REFACTOR_PARITY_REVIEW/source/face_explorer/face_explorer_stage.dart:162:31 • undefined_method
  error • Undefined name 'SkinFaceMapVisualTokens' • docs/governance/MIRA_FACE_EXPLORER_REFACTOR_PARITY_REVIEW/source/face_explorer/face_explorer_stage.dart:190:39 • undefined_identifier
  error • Undefined name 'SkinFaceMapVisualTokens' • docs/governance/MIRA_FACE_EXPLORER_REFACTOR_PARITY_REVIEW/source/face_explorer/face_explorer_stage.dart:191:39 • undefined_identifier
  error • Undefined name 'SkinFaceExplorerLayerIsolation' • docs/governance/MIRA_FACE_EXPLORER_REFACTOR_PARITY_REVIEW/source/face_explorer/face_explorer_stage.dart:196:35 • undefined_identifier
  error • The method 'PerfectMaskCalloutConnector' isn't defined for the type '_FaceExplorerStageState' • docs/governance/MIRA_FACE_EXPLORER_REFACTOR_PARITY_REVIEW/source/face_explorer/face_explorer_stage.dart:207:43 • undefined_method
  error • The method 'PerfectMaskRegionCallout' isn't defined for the type '_FaceExplorerStageState' • docs/governance/MIRA_FACE_EXPLORER_REFACTOR_PARITY_REVIEW/source/face_explorer/face_explorer_stage.dart:210:43 • undefined_method
  error • Undefined name 'MetricPresentationPolicy' • docs/governance/MIRA_FACE_EXPLORER_REFACTOR_PARITY_REVIEW/source/face_explorer/face_explorer_stage.dart:212:49 • undefined_identifier
  error • Undefined name 'MetricPresentationPolicy' • docs/governance/MIRA_FACE_EXPLORER_REFACTOR_PARITY_REVIEW/source/face_explorer/face_explorer_stage.dart:215:49 • undefined_identifier
  error • Invalid constant value • docs/governance/MIRA_FACE_EXPLORER_REFACTOR_PARITY_REVIEW/source/face_explorer/face_explorer_stage.dart:230:45 • invalid_constant
  error • Undefined name 'AppColors' • docs/governance/MIRA_FACE_EXPLORER_REFACTOR_PARITY_REVIEW/source/face_explorer/face_explorer_stage.dart:230:45 • undefined_identifier
  error • Invalid constant value • docs/governance/MIRA_FACE_EXPLORER_REFACTOR_PARITY_REVIEW/source/face_explorer/face_explorer_stage.dart:282:36 • invalid_constant
  error • Undefined name 'AppSpacing' • docs/governance/MIRA_FACE_EXPLORER_REFACTOR_PARITY_REVIEW/source/face_explorer/face_explorer_stage.dart:282:36 • undefined_identifier
  error • Undefined name 'AppTypography' • docs/governance/MIRA_FACE_EXPLORER_REFACTOR_PARITY_REVIEW/source/face_explorer/face_explorer_stage.dart:285:22 • undefined_identifier
  error • Undefined name 'AppColors' • docs/governance/MIRA_FACE_EXPLORER_REFACTOR_PARITY_REVIEW/source/face_explorer/face_explorer_stage.dart:286:24 • undefined_identifier
  error • Invalid constant value • docs/governance/MIRA_FACE_EXPLORER_REFACTOR_PARITY_REVIEW/source/face_explorer/face_explorer_stage.dart:292:36 • invalid_constant
  error • Undefined name 'AppSpacing' • docs/governance/MIRA_FACE_EXPLORER_REFACTOR_PARITY_REVIEW/source/face_explorer/face_explorer_stage.dart:292:36 • undefined_identifier
  error • Undefined name 'AppTypography' • docs/governance/MIRA_FACE_EXPLORER_REFACTOR_PARITY_REVIEW/source/face_explorer/face_explorer_stage.dart:297:22 • undefined_identifier
  error • Undefined name 'SkinFaceMapVisualTokens' • docs/governance/MIRA_FACE_EXPLORER_REFACTOR_PARITY_REVIEW/source/face_explorer/face_explorer_stage.dart:298:24 • undefined_identifier
  error • Invalid constant value • docs/governance/MIRA_FACE_EXPLORER_REFACTOR_PARITY_REVIEW/source/face_explorer/face_explorer_stage.dart:304:36 • invalid_constant
  error • Undefined name 'AppSpacing' • docs/governance/MIRA_FACE_EXPLORER_REFACTOR_PARITY_REVIEW/source/face_explorer/face_explorer_stage.dart:304:36 • undefined_identifier
  error • Undefined name 'AppTypography' • docs/governance/MIRA_FACE_EXPLORER_REFACTOR_PARITY_REVIEW/source/face_explorer/face_explorer_stage.dart:307:22 • undefined_identifier
  error • Undefined name 'SkinFaceMapVisualTokens' • docs/governance/MIRA_FACE_EXPLORER_REFACTOR_PARITY_REVIEW/source/face_explorer/face_explorer_stage.dart:308:24 • undefined_identifier
  error • Undefined name 'AppColors' • docs/governance/MIRA_FACE_EXPLORER_REFACTOR_PARITY_REVIEW/source/face_explorer/face_explorer_stage.dart:330:16 • undefined_identifier
  error • Undefined name 'AppTypography' • docs/governance/MIRA_FACE_EXPLORER_REFACTOR_PARITY_REVIEW/source/face_explorer/face_explorer_stage.dart:335:16 • undefined_identifier
   info • The import of 'dart:ui' is unnecessary because all of the used elements are also provided by the import of 'package:flutter_test/flutter_test.dart' • docs/governance/MIRA_FACE_EXPLORER_REFACTOR_PARITY_REVIEW/source/face_explorer_controller_test.dart:3:8 • unnecessary_import
  error • Target of URI doesn't exist: '../../../../shared/theme/colors.dart' • docs/governance/MIRA_FACE_EXPLORER_REFACTOR_PARITY_REVIEW/source/results_skin_map_panel.dart:4:8 • uri_does_not_exist
  error • Target of URI doesn't exist: '../../../../shared/theme/spacing.dart' • docs/governance/MIRA_FACE_EXPLORER_REFACTOR_PARITY_REVIEW/source/results_skin_map_panel.dart:5:8 • uri_does_not_exist
  error • Target of URI doesn't exist: '../../../../shared/theme/typography.dart' • docs/governance/MIRA_FACE_EXPLORER_REFACTOR_PARITY_REVIEW/source/results_skin_map_panel.dart:6:8 • uri_does_not_exist
  error • Target of URI doesn't exist: '../../contracts/result_enums.dart' • docs/governance/MIRA_FACE_EXPLORER_REFACTOR_PARITY_REVIEW/source/results_skin_map_panel.dart:7:8 • uri_does_not_exist
  error • Target of URI doesn't exist: '../../contracts/result_presentation_vms.dart' • docs/governance/MIRA_FACE_EXPLORER_REFACTOR_PARITY_REVIEW/source/results_skin_map_panel.dart:8:8 • uri_does_not_exist
  error • Target of URI doesn't exist: '../../domain/face_map_overlay_decision.dart' • docs/governance/MIRA_FACE_EXPLORER_REFACTOR_PARITY_REVIEW/source/results_skin_map_panel.dart:9:8 • uri_does_not_exist
  error • Target of URI doesn't exist: '../../domain/face_map_session_evidence_exporter.dart' • docs/governance/MIRA_FACE_EXPLORER_REFACTOR_PARITY_REVIEW/source/results_skin_map_panel.dart:10:8 • uri_does_not_exist
  error • Target of URI doesn't exist: '../../domain/perfect_mask_session.dart' • docs/governance/MIRA_FACE_EXPLORER_REFACTOR_PARITY_REVIEW/source/results_skin_map_panel.dart:11:8 • uri_does_not_exist
  error • Target of URI doesn't exist: '../../domain/perfect_spatial_skin_concern_contract.dart' • docs/governance/MIRA_FACE_EXPLORER_REFACTOR_PARITY_REVIEW/source/results_skin_map_panel.dart:12:8 • uri_does_not_exist
  error • Target of URI doesn't exist: '../../truth/skin_claim_policy.dart' • docs/governance/MIRA_FACE_EXPLORER_REFACTOR_PARITY_REVIEW/source/results_skin_map_panel.dart:13:8 • uri_does_not_exist
  error • Target of URI doesn't exist: '../../visibility/visibility_policy.dart' • docs/governance/MIRA_FACE_EXPLORER_REFACTOR_PARITY_REVIEW/source/results_skin_map_panel.dart:14:8 • uri_does_not_exist
  error • Target of URI doesn't exist: '../face_explorer/face_explorer_controller.dart' • docs/governance/MIRA_FACE_EXPLORER_REFACTOR_PARITY_REVIEW/source/results_skin_map_panel.dart:15:8 • uri_does_not_exist
  error • Target of URI doesn't exist: '../face_explorer/face_explorer_details.dart' • docs/governance/MIRA_FACE_EXPLORER_REFACTOR_PARITY_REVIEW/source/results_skin_map_panel.dart:16:8 • uri_does_not_exist
  error • Target of URI doesn't exist: '../face_explorer/face_explorer_image_loader.dart' • docs/governance/MIRA_FACE_EXPLORER_REFACTOR_PARITY_REVIEW/source/results_skin_map_panel.dart:17:8 • uri_does_not_exist
  error • Target of URI doesn't exist: '../face_explorer/face_explorer_lens_panel.dart' • docs/governance/MIRA_FACE_EXPLORER_REFACTOR_PARITY_REVIEW/source/results_skin_map_panel.dart:18:8 • uri_does_not_exist
  error • Target of URI doesn't exist: '../face_explorer/face_explorer_metrics.dart' • docs/governance/MIRA_FACE_EXPLORER_REFACTOR_PARITY_REVIEW/source/results_skin_map_panel.dart:19:8 • uri_does_not_exist
  error • Target of URI doesn't exist: '../face_explorer/face_explorer_stage.dart' • docs/governance/MIRA_FACE_EXPLORER_REFACTOR_PARITY_REVIEW/source/results_skin_map_panel.dart:20:8 • uri_does_not_exist
  error • Target of URI doesn't exist: '../geometry/skin_face_explorer_layer_isolation.dart' • docs/governance/MIRA_FACE_EXPLORER_REFACTOR_PARITY_REVIEW/source/results_skin_map_panel.dart:21:8 • uri_does_not_exist
  error • Target of URI doesn't exist: '../geometry/skin_face_map_visual_tokens.dart' • docs/governance/MIRA_FACE_EXPLORER_REFACTOR_PARITY_REVIEW/source/results_skin_map_panel.dart:22:8 • uri_does_not_exist
  error • Undefined class 'ResultMapVM' • docs/governance/MIRA_FACE_EXPLORER_REFACTOR_PARITY_REVIEW/source/results_skin_map_panel.dart:47:9 • undefined_class
  error • The name 'ResultMetricVM' isn't a type, so it can't be used as a type argument • docs/governance/MIRA_FACE_EXPLORER_REFACTOR_PARITY_REVIEW/source/results_skin_map_panel.dart:48:14 • non_type_as_type_argument
  error • Undefined class 'PerfectMaskSession' • docs/governance/MIRA_FACE_EXPLORER_REFACTOR_PARITY_REVIEW/source/results_skin_map_panel.dart:60:9 • undefined_class
  error • Undefined class 'FaceExplorerController' • docs/governance/MIRA_FACE_EXPLORER_REFACTOR_PARITY_REVIEW/source/results_skin_map_panel.dart:67:14 • undefined_class
  error • Undefined class 'FaceExplorerImageLoader' • docs/governance/MIRA_FACE_EXPLORER_REFACTOR_PARITY_REVIEW/source/results_skin_map_panel.dart:68:14 • undefined_class
  error • The name 'ResultMapConcernVM' isn't a type, so it can't be used as a type argument • docs/governance/MIRA_FACE_EXPLORER_REFACTOR_PARITY_REVIEW/source/results_skin_map_panel.dart:96:8 • non_type_as_type_argument
  error • Undefined name 'VisibilityPolicy' • docs/governance/MIRA_FACE_EXPLORER_REFACTOR_PARITY_REVIEW/source/results_skin_map_panel.dart:97:21 • undefined_identifier
  error • The method 'FaceExplorerController' isn't defined for the type 'ResultsSkinMapPanelState' • docs/governance/MIRA_FACE_EXPLORER_REFACTOR_PARITY_REVIEW/source/results_skin_map_panel.dart:103:13 • undefined_method
  error • The method 'FaceExplorerImageLoader' isn't defined for the type 'ResultsSkinMapPanelState' • docs/governance/MIRA_FACE_EXPLORER_REFACTOR_PARITY_REVIEW/source/results_skin_map_panel.dart:104:15 • undefined_method
  error • The property 'id' can't be unconditionally accessed because the receiver can be 'null' • docs/governance/MIRA_FACE_EXPLORER_REFACTOR_PARITY_REVIEW/source/results_skin_map_panel.dart:142:58 • unchecked_use_of_nullable_value
  error • The method 'nextSelectedMaskKey' isn't defined for the type 'ResultsSkinMapPanelState' • docs/governance/MIRA_FACE_EXPLORER_REFACTOR_PARITY_REVIEW/source/results_skin_map_panel.dart:143:18 • undefined_method
  error • Undefined name 'PerfectMaskSession' • docs/governance/MIRA_FACE_EXPLORER_REFACTOR_PARITY_REVIEW/source/results_skin_map_panel.dart:167:11 • undefined_identifier
  error • The name 'ResultMapConcernVM' isn't a type, so it can't be used as a type argument • docs/governance/MIRA_FACE_EXPLORER_REFACTOR_PARITY_REVIEW/source/results_skin_map_panel.dart:178:8 • non_type_as_type_argument
  error • The name 'ResultMapConcernVM' isn't a type, so it can't be used as a type argument • docs/governance/MIRA_FACE_EXPLORER_REFACTOR_PARITY_REVIEW/source/results_skin_map_panel.dart:179:27 • non_type_as_type_argument
  error • The name 'ResultMapConcernVM' isn't a type, so it can't be used as a type argument • docs/governance/MIRA_FACE_EXPLORER_REFACTOR_PARITY_REVIEW/source/results_skin_map_panel.dart:183:21 • non_type_as_type_argument
  error • The property 'id' can't be unconditionally accessed because the receiver can be 'null' • docs/governance/MIRA_FACE_EXPLORER_REFACTOR_PARITY_REVIEW/source/results_skin_map_panel.dart:198:31 • unchecked_use_of_nullable_value
  error • The name 'ResultMapConcernVM' isn't a type, so it can't be used as a type argument • docs/governance/MIRA_FACE_EXPLORER_REFACTOR_PARITY_REVIEW/source/results_skin_map_panel.dart:208:18 • non_type_as_type_argument
  error • Undefined name 'PerfectMaskSession' • docs/governance/MIRA_FACE_EXPLORER_REFACTOR_PARITY_REVIEW/source/results_skin_map_panel.dart:210:17 • undefined_identifier
  error • Undefined class 'PerfectMaskArtifact' • docs/governance/MIRA_FACE_EXPLORER_REFACTOR_PARITY_REVIEW/source/results_skin_map_panel.dart:217:14 • undefined_class
  error • Undefined name 'SkinFaceMapVisualTokens' • docs/governance/MIRA_FACE_EXPLORER_REFACTOR_PARITY_REVIEW/source/results_skin_map_panel.dart:227:9 • undefined_identifier
  error • Undefined name 'PerfectMaskMagnifierFocus' • docs/governance/MIRA_FACE_EXPLORER_REFACTOR_PARITY_REVIEW/source/results_skin_map_panel.dart:238:24 • undefined_identifier
  error • Undefined name 'FaceMapSessionEvidenceExporter' • docs/governance/MIRA_FACE_EXPLORER_REFACTOR_PARITY_REVIEW/source/results_skin_map_panel.dart:258:19 • undefined_identifier
  error • Undefined name 'FaceMapSessionEvidenceExporter' • docs/governance/MIRA_FACE_EXPLORER_REFACTOR_PARITY_REVIEW/source/results_skin_map_panel.dart:263:26 • undefined_identifier
  error • Const variables must be initialized with a constant value • docs/governance/MIRA_FACE_EXPLORER_REFACTOR_PARITY_REVIEW/source/results_skin_map_panel.dart:303:24 • const_initialized_with_non_constant_value
  error • Undefined name 'SkinFaceMapVisualTokens' • docs/governance/MIRA_FACE_EXPLORER_REFACTOR_PARITY_REVIEW/source/results_skin_map_panel.dart:303:24 • undefined_identifier
  error • Undefined name 'VisibilityState' • docs/governance/MIRA_FACE_EXPLORER_REFACTOR_PARITY_REVIEW/source/results_skin_map_panel.dart:305:34 • undefined_identifier
  error • Invalid constant value • docs/governance/MIRA_FACE_EXPLORER_REFACTOR_PARITY_REVIEW/source/results_skin_map_panel.dart:308:39 • invalid_constant
  error • Undefined name 'AppSpacing' • docs/governance/MIRA_FACE_EXPLORER_REFACTOR_PARITY_REVIEW/source/results_skin_map_panel.dart:308:39 • undefined_identifier
  error • Undefined name 'AppTypography' • docs/governance/MIRA_FACE_EXPLORER_REFACTOR_PARITY_REVIEW/source/results_skin_map_panel.dart:313:18 • undefined_identifier
  error • Undefined name 'SkinFaceMapVisualTokens' • docs/governance/MIRA_FACE_EXPLORER_REFACTOR_PARITY_REVIEW/source/results_skin_map_panel.dart:314:20 • undefined_identifier
  error • Undefined class 'FaceMapOverlayDecision' • docs/governance/MIRA_FACE_EXPLORER_REFACTOR_PARITY_REVIEW/source/results_skin_map_panel.dart:321:5 • undefined_class
  error • Undefined class 'PerfectMaskArtifact' • docs/governance/MIRA_FACE_EXPLORER_REFACTOR_PARITY_REVIEW/source/results_skin_map_panel.dart:322:5 • undefined_class
  error • Undefined name 'FaceMapOverlayDecision' • docs/governance/MIRA_FACE_EXPLORER_REFACTOR_PARITY_REVIEW/source/results_skin_map_panel.dart:324:25 • undefined_identifier
  error • Undefined name 'SkinFaceExplorerLayerIsolation' • docs/governance/MIRA_FACE_EXPLORER_REFACTOR_PARITY_REVIEW/source/results_skin_map_panel.dart:331:31 • undefined_identifier
  error • Undefined name 'AppColors' • docs/governance/MIRA_FACE_EXPLORER_REFACTOR_PARITY_REVIEW/source/results_skin_map_panel.dart:346:11 • undefined_identifier
  error • Undefined name 'SkinFaceMapVisualTokens' • docs/governance/MIRA_FACE_EXPLORER_REFACTOR_PARITY_REVIEW/source/results_skin_map_panel.dart:347:11 • undefined_identifier
  error • Undefined name 'SkinFaceMapVisualTokens' • docs/governance/MIRA_FACE_EXPLORER_REFACTOR_PARITY_REVIEW/source/results_skin_map_panel.dart:348:21 • undefined_identifier
  error • Undefined name 'SkinFaceMapVisualTokens' • docs/governance/MIRA_FACE_EXPLORER_REFACTOR_PARITY_REVIEW/source/results_skin_map_panel.dart:363:17 • undefined_identifier
  error • Invalid constant value • docs/governance/MIRA_FACE_EXPLORER_REFACTOR_PARITY_REVIEW/source/results_skin_map_panel.dart:370:20 • invalid_constant
  error • Undefined name 'AppColors' • docs/governance/MIRA_FACE_EXPLORER_REFACTOR_PARITY_REVIEW/source/results_skin_map_panel.dart:370:20 • undefined_identifier
  error • The method 'FaceExplorerMetricsSection' isn't defined for the type 'ResultsSkinMapPanelState' • docs/governance/MIRA_FACE_EXPLORER_REFACTOR_PARITY_REVIEW/source/results_skin_map_panel.dart:379:11 • undefined_method
  error • The method 'FaceExplorerReadingStrip' isn't defined for the type 'ResultsSkinMapPanelState' • docs/governance/MIRA_FACE_EXPLORER_REFACTOR_PARITY_REVIEW/source/results_skin_map_panel.dart:389:13 • undefined_method
  error • Undefined name 'AppTypography' • docs/governance/MIRA_FACE_EXPLORER_REFACTOR_PARITY_REVIEW/source/results_skin_map_panel.dart:401:24 • undefined_identifier
  error • Undefined name 'SkinFaceMapVisualTokens' • docs/governance/MIRA_FACE_EXPLORER_REFACTOR_PARITY_REVIEW/source/results_skin_map_panel.dart:402:26 • undefined_identifier
  error • Undefined name 'AppTypography' • docs/governance/MIRA_FACE_EXPLORER_REFACTOR_PARITY_REVIEW/source/results_skin_map_panel.dart:412:24 • undefined_identifier
  error • Undefined name 'AppColors' • docs/governance/MIRA_FACE_EXPLORER_REFACTOR_PARITY_REVIEW/source/results_skin_map_panel.dart:413:26 • undefined_identifier
  error • Undefined name 'SkinFaceMapVisualTokens' • docs/governance/MIRA_FACE_EXPLORER_REFACTOR_PARITY_REVIEW/source/results_skin_map_panel.dart:427:26 • undefined_identifier
  error • Undefined name 'AppTypography' • docs/governance/MIRA_FACE_EXPLORER_REFACTOR_PARITY_REVIEW/source/results_skin_map_panel.dart:434:26 • undefined_identifier
  error • Undefined name 'SkinFaceMapVisualTokens' • docs/governance/MIRA_FACE_EXPLORER_REFACTOR_PARITY_REVIEW/source/results_skin_map_panel.dart:435:28 • undefined_identifier
  error • The method 'FaceExplorerStage' isn't defined for the type 'ResultsSkinMapPanelState' • docs/governance/MIRA_FACE_EXPLORER_REFACTOR_PARITY_REVIEW/source/results_skin_map_panel.dart:442:13 • undefined_method
  error • Undefined name 'FaceMapOverlayDecision' • docs/governance/MIRA_FACE_EXPLORER_REFACTOR_PARITY_REVIEW/source/results_skin_map_panel.dart:449:19 • undefined_identifier
  error • The method 'FaceExplorerActionRow' isn't defined for the type 'ResultsSkinMapPanelState' • docs/governance/MIRA_FACE_EXPLORER_REFACTOR_PARITY_REVIEW/source/results_skin_map_panel.dart:476:13 • undefined_method
  error • The method 'FaceExplorerLensPanel' isn't defined for the type 'ResultsSkinMapPanelState' • docs/governance/MIRA_FACE_EXPLORER_REFACTOR_PARITY_REVIEW/source/results_skin_map_panel.dart:499:15 • undefined_method
  error • Undefined name 'SkinFaceMapVisualTokens' • docs/governance/MIRA_FACE_EXPLORER_REFACTOR_PARITY_REVIEW/source/results_skin_map_panel.dart:510:23 • undefined_identifier
  error • The method 'FaceExplorerFocusShortcutsRow' isn't defined for the type 'ResultsSkinMapPanelState' • docs/governance/MIRA_FACE_EXPLORER_REFACTOR_PARITY_REVIEW/source/results_skin_map_panel.dart:538:13 • undefined_method
  error • The method 'FaceExplorerDetailsSection' isn't defined for the type 'ResultsSkinMapPanelState' • docs/governance/MIRA_FACE_EXPLORER_REFACTOR_PARITY_REVIEW/source/results_skin_map_panel.dart:552:13 • undefined_method
  error • Invalid constant value • docs/governance/MIRA_FACE_EXPLORER_REFACTOR_PARITY_REVIEW/source/results_skin_map_panel.dart:565:36 • invalid_constant
  error • Undefined name 'AppSpacing' • docs/governance/MIRA_FACE_EXPLORER_REFACTOR_PARITY_REVIEW/source/results_skin_map_panel.dart:565:36 • undefined_identifier
  error • Undefined name 'SkinClaimPolicy' • docs/governance/MIRA_FACE_EXPLORER_REFACTOR_PARITY_REVIEW/source/results_skin_map_panel.dart:567:15 • undefined_identifier
  error • Undefined name 'AppTypography' • docs/governance/MIRA_FACE_EXPLORER_REFACTOR_PARITY_REVIEW/source/results_skin_map_panel.dart:568:22 • undefined_identifier
  error • Undefined name 'SkinFaceMapVisualTokens' • docs/governance/MIRA_FACE_EXPLORER_REFACTOR_PARITY_REVIEW/source/results_skin_map_panel.dart:569:24 • undefined_identifier
  error • Undefined name 'FaceMapSessionEvidenceExporter' • docs/governance/MIRA_FACE_EXPLORER_REFACTOR_PARITY_REVIEW/source/results_skin_map_panel.dart:574:15 • undefined_identifier
  error • Invalid constant value • docs/governance/MIRA_FACE_EXPLORER_REFACTOR_PARITY_REVIEW/source/results_skin_map_panel.dart:577:36 • invalid_constant
  error • Undefined name 'AppSpacing' • docs/governance/MIRA_FACE_EXPLORER_REFACTOR_PARITY_REVIEW/source/results_skin_map_panel.dart:577:36 • undefined_identifier
  error • Undefined name 'AppTypography' • docs/governance/MIRA_FACE_EXPLORER_REFACTOR_PARITY_REVIEW/source/results_skin_map_panel.dart:595:26 • undefined_identifier
  error • Undefined name 'SkinFaceMapVisualTokens' • docs/governance/MIRA_FACE_EXPLORER_REFACTOR_PARITY_REVIEW/source/results_skin_map_panel.dart:600:36 • undefined_identifier
  error • Undefined name 'AppTypography' • docs/governance/MIRA_FACE_EXPLORER_REFACTOR_PARITY_REVIEW/source/results_skin_map_panel.dart:610:26 • undefined_identifier
  error • Undefined name 'AppColors' • docs/governance/MIRA_FACE_EXPLORER_REFACTOR_PARITY_REVIEW/source/results_skin_map_panel.dart:612:27 • undefined_identifier
  error • Undefined name 'SkinFaceMapVisualTokens' • docs/governance/MIRA_FACE_EXPLORER_REFACTOR_PARITY_REVIEW/source/results_skin_map_panel.dart:613:27 • undefined_identifier
  error • Target of URI doesn't exist: 'perfect_mask_session.dart' • docs/governance/MIRA_MAP_INTERACTION_FIX_2026-09-17/source_snapshots/perfect_mask_data_kind_contract.dart:8:8 • uri_does_not_exist
  error • Undefined class 'PerfectMaskArtifact' • docs/governance/MIRA_MAP_INTERACTION_FIX_2026-09-17/source_snapshots/perfect_mask_data_kind_contract.dart:199:14 • undefined_class
   info • The import of 'dart:ui' is unnecessary because all of the used elements are also provided by the import of 'package:flutter/painting.dart' • docs/governance/MIRA_MAP_INTERACTION_FIX_2026-09-17/source_snapshots/shared_image_mask_fit.dart:2:8 • unnecessary_import
  error • Target of URI doesn't exist: '../../contracts/result_enums.dart' • docs/governance/MIRA_METRICS_COMPLETENESS_REVIEW/source/face_explorer_concern_catalog.dart:1:8 • uri_does_not_exist
  error • Target of URI doesn't exist: '../../contracts/result_presentation_vms.dart' • docs/governance/MIRA_METRICS_COMPLETENESS_REVIEW/source/face_explorer_concern_catalog.dart:2:8 • uri_does_not_exist
  error • Target of URI doesn't exist: '../../domain/perfect_mask_session.dart' • docs/governance/MIRA_METRICS_COMPLETENESS_REVIEW/source/face_explorer_concern_catalog.dart:3:8 • uri_does_not_exist
  error • Target of URI doesn't exist: '../../semantics/metric_presentation_policy.dart' • docs/governance/MIRA_METRICS_COMPLETENESS_REVIEW/source/face_explorer_concern_catalog.dart:4:8 • uri_does_not_exist
  error • Target of URI doesn't exist: '../../visibility/visibility_policy.dart' • docs/governance/MIRA_METRICS_COMPLETENESS_REVIEW/source/face_explorer_concern_catalog.dart:5:8 • uri_does_not_exist
  error • Target of URI doesn't exist: 'face_explorer_controller.dart' • docs/governance/MIRA_METRICS_COMPLETENESS_REVIEW/source/face_explorer_concern_catalog.dart:6:8 • uri_does_not_exist
  error • Undefined class 'ResultMapConcernVM' • docs/governance/MIRA_METRICS_COMPLETENESS_REVIEW/source/face_explorer_concern_catalog.dart:69:3 • undefined_class
  error • The method 'ResultMapConcernVM' isn't defined for the type 'FaceExplorerMetricSlot' • docs/governance/MIRA_METRICS_COMPLETENESS_REVIEW/source/face_explorer_concern_catalog.dart:69:41 • undefined_method
  error • Undefined name 'VisibilityState' • docs/governance/MIRA_METRICS_COMPLETENESS_REVIEW/source/face_explorer_concern_catalog.dart:74:11 • undefined_identifier
  error • Undefined name 'VisibilityState' • docs/governance/MIRA_METRICS_COMPLETENESS_REVIEW/source/face_explorer_concern_catalog.dart:75:11 • undefined_identifier
  error • Const variables must be initialized with a constant value • docs/governance/MIRA_METRICS_COMPLETENESS_REVIEW/source/face_explorer_concern_catalog.dart:92:29 • const_initialized_with_non_constant_value
  error • Undefined name 'FaceExplorerController' • docs/governance/MIRA_METRICS_COMPLETENESS_REVIEW/source/face_explorer_concern_catalog.dart:92:29 • undefined_identifier
  error • The name 'ResultMapConcernVM' isn't a type, so it can't be used as a type argument • docs/governance/MIRA_METRICS_COMPLETENESS_REVIEW/source/face_explorer_concern_catalog.dart:108:19 • non_type_as_type_argument
  error • The name 'ResultMetricVM' isn't a type, so it can't be used as a type argument • docs/governance/MIRA_METRICS_COMPLETENESS_REVIEW/source/face_explorer_concern_catalog.dart:109:19 • non_type_as_type_argument
  error • Undefined class 'PerfectMaskSession' • docs/governance/MIRA_METRICS_COMPLETENESS_REVIEW/source/face_explorer_concern_catalog.dart:110:5 • undefined_class
  error • The name 'ResultMapConcernVM' isn't a type, so it can't be used as a type argument • docs/governance/MIRA_METRICS_COMPLETENESS_REVIEW/source/face_explorer_concern_catalog.dart:114:36 • non_type_as_type_argument
  error • Undefined name 'VisibilityPolicy' • docs/governance/MIRA_METRICS_COMPLETENESS_REVIEW/source/face_explorer_concern_catalog.dart:116:12 • undefined_identifier
  error • Undefined name 'PerfectMaskSession' • docs/governance/MIRA_METRICS_COMPLETENESS_REVIEW/source/face_explorer_concern_catalog.dart:117:17 • undefined_identifier
  error • The name 'ResultMetricVM' isn't a type, so it can't be used as a type argument • docs/governance/MIRA_METRICS_COMPLETENESS_REVIEW/source/face_explorer_concern_catalog.dart:127:39 • non_type_as_type_argument
  error • Undefined name 'VisibilityPolicy' • docs/governance/MIRA_METRICS_COMPLETENESS_REVIEW/source/face_explorer_concern_catalog.dart:129:12 • undefined_identifier
  error • Undefined name 'MetricPresentationPolicy' • docs/governance/MIRA_METRICS_COMPLETENESS_REVIEW/source/face_explorer_concern_catalog.dart:131:21 • undefined_identifier
  error • Undefined name 'PerfectMaskSession' • docs/governance/MIRA_METRICS_COMPLETENESS_REVIEW/source/face_explorer_concern_catalog.dart:133:17 • undefined_identifier
  error • Undefined name 'PerfectMaskSession' • docs/governance/MIRA_METRICS_COMPLETENESS_REVIEW/source/face_explorer_concern_catalog.dart:150:11 • undefined_identifier
  error • Undefined name 'PerfectMaskSession' • docs/governance/MIRA_METRICS_COMPLETENESS_REVIEW/source/face_explorer_concern_catalog.dart:157:18 • undefined_identifier
  error • Undefined name 'MetricPresentationPolicy' • docs/governance/MIRA_METRICS_COMPLETENESS_REVIEW/source/face_explorer_concern_catalog.dart:160:29 • undefined_identifier
  error • Undefined name 'PerfectMaskSession' • docs/governance/MIRA_METRICS_COMPLETENESS_REVIEW/source/face_explorer_concern_catalog.dart:261:11 • undefined_identifier
  error • Undefined name 'PerfectMaskSession' • docs/governance/MIRA_METRICS_COMPLETENESS_REVIEW/source/face_explorer_concern_catalog.dart:272:24 • undefined_identifier
  error • Undefined name 'PerfectMaskSession' • docs/governance/MIRA_METRICS_COMPLETENESS_REVIEW/source/face_explorer_concern_catalog.dart:309:17 • undefined_identifier
  error • Target of URI doesn't exist: '../../../../shared/theme/colors.dart' • docs/governance/MIRA_METRICS_COMPLETENESS_REVIEW/source/face_explorer_metrics.dart:3:8 • uri_does_not_exist
  error • Target of URI doesn't exist: '../../../../shared/theme/typography.dart' • docs/governance/MIRA_METRICS_COMPLETENESS_REVIEW/source/face_explorer_metrics.dart:4:8 • uri_does_not_exist
  error • Target of URI doesn't exist: '../../semantics/metric_presentation_policy.dart' • docs/governance/MIRA_METRICS_COMPLETENESS_REVIEW/source/face_explorer_metrics.dart:5:8 • uri_does_not_exist
  error • Target of URI doesn't exist: '../geometry/skin_face_map_visual_tokens.dart' • docs/governance/MIRA_METRICS_COMPLETENESS_REVIEW/source/face_explorer_metrics.dart:6:8 • uri_does_not_exist
  error • Undefined name 'AppTypography' • docs/governance/MIRA_METRICS_COMPLETENESS_REVIEW/source/face_explorer_metrics.dart:67:24 • undefined_identifier
  error • Undefined name 'SkinFaceMapVisualTokens' • docs/governance/MIRA_METRICS_COMPLETENESS_REVIEW/source/face_explorer_metrics.dart:69:26 • undefined_identifier
  error • Undefined name 'AppTypography' • docs/governance/MIRA_METRICS_COMPLETENESS_REVIEW/source/face_explorer_metrics.dart:82:26 • undefined_identifier
  error • Undefined name 'AppColors' • docs/governance/MIRA_METRICS_COMPLETENESS_REVIEW/source/face_explorer_metrics.dart:84:28 • undefined_identifier
  error • Undefined name 'AppColors' • docs/governance/MIRA_METRICS_COMPLETENESS_REVIEW/source/face_explorer_metrics.dart:88:36 • undefined_identifier
  error • Undefined name 'MetricPresentationPolicy' • docs/governance/MIRA_METRICS_COMPLETENESS_REVIEW/source/face_explorer_metrics.dart:125:19 • undefined_identifier
  error • Undefined name 'MetricPresentationPolicy' • docs/governance/MIRA_METRICS_COMPLETENESS_REVIEW/source/face_explorer_metrics.dart:128:11 • undefined_identifier
  error • Undefined name 'MetricPresentationPolicy' • docs/governance/MIRA_METRICS_COMPLETENESS_REVIEW/source/face_explorer_metrics.dart:136:11 • undefined_identifier
  error • Undefined name 'AppTypography' • docs/governance/MIRA_METRICS_COMPLETENESS_REVIEW/source/face_explorer_metrics.dart:168:26 • undefined_identifier
  error • Undefined name 'AppTypography' • docs/governance/MIRA_METRICS_COMPLETENESS_REVIEW/source/face_explorer_metrics.dart:176:26 • undefined_identifier
  error • Undefined name 'SkinFaceMapVisualTokens' • docs/governance/MIRA_METRICS_COMPLETENESS_REVIEW/source/face_explorer_metrics.dart:177:28 • undefined_identifier
  error • Undefined name 'AppTypography' • docs/governance/MIRA_METRICS_COMPLETENESS_REVIEW/source/face_explorer_metrics.dart:192:26 • undefined_identifier
  error • Undefined name 'SkinFaceMapVisualTokens' • docs/governance/MIRA_METRICS_COMPLETENESS_REVIEW/source/face_explorer_metrics.dart:196:28 • undefined_identifier
  error • Undefined name 'AppTypography' • docs/governance/MIRA_METRICS_COMPLETENESS_REVIEW/source/face_explorer_metrics.dart:201:26 • undefined_identifier
  error • Undefined name 'SkinFaceMapVisualTokens' • docs/governance/MIRA_METRICS_COMPLETENESS_REVIEW/source/face_explorer_metrics.dart:202:28 • undefined_identifier
  error • Undefined name 'AppTypography' • docs/governance/MIRA_METRICS_COMPLETENESS_REVIEW/source/face_explorer_metrics.dart:216:28 • undefined_identifier
  error • Undefined name 'SkinFaceMapVisualTokens' • docs/governance/MIRA_METRICS_COMPLETENESS_REVIEW/source/face_explorer_metrics.dart:218:30 • undefined_identifier
  error • Undefined name 'AppTypography' • docs/governance/MIRA_METRICS_COMPLETENESS_REVIEW/source/face_explorer_metrics.dart:223:26 • undefined_identifier
  error • Undefined name 'SkinFaceMapVisualTokens' • docs/governance/MIRA_METRICS_COMPLETENESS_REVIEW/source/face_explorer_metrics.dart:224:28 • undefined_identifier
  error • Undefined name 'SkinFaceMapVisualTokens' • docs/governance/MIRA_METRICS_COMPLETENESS_REVIEW/source/face_explorer_metrics.dart:263:26 • undefined_identifier
  error • Undefined name 'SkinFaceMapVisualTokens' • docs/governance/MIRA_METRICS_COMPLETENESS_REVIEW/source/face_explorer_metrics.dart:264:25 • undefined_identifier
  error • Undefined name 'AppColors' • docs/governance/MIRA_METRICS_COMPLETENESS_REVIEW/source/face_explorer_metrics.dart:275:27 • undefined_identifier
  error • Undefined name 'AppColors' • docs/governance/MIRA_METRICS_COMPLETENESS_REVIEW/source/face_explorer_metrics.dart:276:27 • undefined_identifier
  error • Undefined name 'AppColors' • docs/governance/MIRA_METRICS_COMPLETENESS_REVIEW/source/face_explorer_metrics.dart:292:29 • undefined_identifier
  error • Undefined name 'AppColors' • docs/governance/MIRA_METRICS_COMPLETENESS_REVIEW/source/face_explorer_metrics.dart:307:44 • undefined_identifier
  error • Undefined name 'AppTypography' • docs/governance/MIRA_METRICS_COMPLETENESS_REVIEW/source/face_explorer_metrics.dart:315:38 • undefined_identifier
  error • Undefined name 'AppColors' • docs/governance/MIRA_METRICS_COMPLETENESS_REVIEW/source/face_explorer_metrics.dart:322:48 • undefined_identifier
  error • Undefined name 'AppTypography' • docs/governance/MIRA_METRICS_COMPLETENESS_REVIEW/source/face_explorer_metrics.dart:333:34 • undefined_identifier
  error • Target of URI doesn't exist: '../../../../core/config/mira_features.dart' • docs/governance/MIRA_P5_CAPTURE_CONFIG_FRESHNESS_ROOT_CAUSE_REVIEW_2026-09-15/source/lib/features/dashboard/presentation/screens/new_analysis_screen.dart:8:8 • uri_does_not_exist
  error • Target of URI doesn't exist: '../../../../core/navigation/app_routes.dart' • docs/governance/MIRA_P5_CAPTURE_CONFIG_FRESHNESS_ROOT_CAUSE_REVIEW_2026-09-15/source/lib/features/dashboard/presentation/screens/new_analysis_screen.dart:9:8 • uri_does_not_exist
  error • Target of URI doesn't exist: '../../../../core/navigation/mira_report_navigation.dart' • docs/governance/MIRA_P5_CAPTURE_CONFIG_FRESHNESS_ROOT_CAUSE_REVIEW_2026-09-15/source/lib/features/dashboard/presentation/screens/new_analysis_screen.dart:10:8 • uri_does_not_exist
  error • Target of URI doesn't exist: '../../../../core/services/app_session.dart' • docs/governance/MIRA_P5_CAPTURE_CONFIG_FRESHNESS_ROOT_CAUSE_REVIEW_2026-09-15/source/lib/features/dashboard/presentation/screens/new_analysis_screen.dart:11:8 • uri_does_not_exist
  error • Target of URI doesn't exist: '../../../../core/session/analysis_session.dart' • docs/governance/MIRA_P5_CAPTURE_CONFIG_FRESHNESS_ROOT_CAUSE_REVIEW_2026-09-15/source/lib/features/dashboard/presentation/screens/new_analysis_screen.dart:12:8 • uri_does_not_exist
  error • Target of URI doesn't exist: '../../../../shared/theme/colors.dart' • docs/governance/MIRA_P5_CAPTURE_CONFIG_FRESHNESS_ROOT_CAUSE_REVIEW_2026-09-15/source/lib/features/dashboard/presentation/screens/new_analysis_screen.dart:13:8 • uri_does_not_exist
  error • Target of URI doesn't exist: '../../../../shared/theme/typography.dart' • docs/governance/MIRA_P5_CAPTURE_CONFIG_FRESHNESS_ROOT_CAUSE_REVIEW_2026-09-15/source/lib/features/dashboard/presentation/screens/new_analysis_screen.dart:14:8 • uri_does_not_exist
  error • Target of URI doesn't exist: '../../../../shared/widgets/guest_banner.dart' • docs/governance/MIRA_P5_CAPTURE_CONFIG_FRESHNESS_ROOT_CAUSE_REVIEW_2026-09-15/source/lib/features/dashboard/presentation/screens/new_analysis_screen.dart:15:8 • uri_does_not_exist
  error • Target of URI doesn't exist: '../../../../shared/widgets/mira_app_bar.dart' • docs/governance/MIRA_P5_CAPTURE_CONFIG_FRESHNESS_ROOT_CAUSE_REVIEW_2026-09-15/source/lib/features/dashboard/presentation/screens/new_analysis_screen.dart:16:8 • uri_does_not_exist
  error • Target of URI doesn't exist: '../../../../shared/widgets/premium/premium_exports.dart' • docs/governance/MIRA_P5_CAPTURE_CONFIG_FRESHNESS_ROOT_CAUSE_REVIEW_2026-09-15/source/lib/features/dashboard/presentation/screens/new_analysis_screen.dart:17:8 • uri_does_not_exist
  error • Target of URI doesn't exist: '../../../../core/utils/mira_api_error_message.dart' • docs/governance/MIRA_P5_CAPTURE_CONFIG_FRESHNESS_ROOT_CAUSE_REVIEW_2026-09-15/source/lib/features/dashboard/presentation/screens/new_analysis_screen.dart:18:8 • uri_does_not_exist
  error • Target of URI doesn't exist: '../../../face_analysis_experience/presentation/analysis/analysis_motion.dart' • docs/governance/MIRA_P5_CAPTURE_CONFIG_FRESHNESS_ROOT_CAUSE_REVIEW_2026-09-15/source/lib/features/dashboard/presentation/screens/new_analysis_screen.dart:19:8 • uri_does_not_exist
  error • Target of URI doesn't exist: '../../../face_analysis_experience/presentation/result/result_mirror.dart' • docs/governance/MIRA_P5_CAPTURE_CONFIG_FRESHNESS_ROOT_CAUSE_REVIEW_2026-09-15/source/lib/features/dashboard/presentation/screens/new_analysis_screen.dart:20:8 • uri_does_not_exist
  error • Target of URI doesn't exist: '../../../packages/presentation/providers/package_credit_provider.dart' • docs/governance/MIRA_P5_CAPTURE_CONFIG_FRESHNESS_ROOT_CAUSE_REVIEW_2026-09-15/source/lib/features/dashboard/presentation/screens/new_analysis_screen.dart:21:8 • uri_does_not_exist
  error • Target of URI doesn't exist: '../../../skin_analysis/data/repositories/skin_analysis_repository_impl.dart' • docs/governance/MIRA_P5_CAPTURE_CONFIG_FRESHNESS_ROOT_CAUSE_REVIEW_2026-09-15/source/lib/features/dashboard/presentation/screens/new_analysis_screen.dart:22:8 • uri_does_not_exist
  error • Target of URI doesn't exist: '../../../skin_analysis/presentation/blocs/skin_analysis_bloc.dart' • docs/governance/MIRA_P5_CAPTURE_CONFIG_FRESHNESS_ROOT_CAUSE_REVIEW_2026-09-15/source/lib/features/dashboard/presentation/screens/new_analysis_screen.dart:23:8 • uri_does_not_exist
  error • Target of URI doesn't exist: '../../../skin_analysis/presentation/blocs/skin_analysis_event.dart' • docs/governance/MIRA_P5_CAPTURE_CONFIG_FRESHNESS_ROOT_CAUSE_REVIEW_2026-09-15/source/lib/features/dashboard/presentation/screens/new_analysis_screen.dart:24:8 • uri_does_not_exist
  error • Target of URI doesn't exist: '../../../skin_analysis/presentation/blocs/skin_analysis_state.dart' • docs/governance/MIRA_P5_CAPTURE_CONFIG_FRESHNESS_ROOT_CAUSE_REVIEW_2026-09-15/source/lib/features/dashboard/presentation/screens/new_analysis_screen.dart:25:8 • uri_does_not_exist
  error • The method 'GuestSkinAnalysisRepository' isn't defined for the type '_NewAnalysisScreenState' • docs/governance/MIRA_P5_CAPTURE_CONFIG_FRESHNESS_ROOT_CAUSE_REVIEW_2026-09-15/source/lib/features/dashboard/presentation/screens/new_analysis_screen.dart:40:22 • undefined_method
  error • Undefined class 'FaceAnalysisJourneyPhase' • docs/governance/MIRA_P5_CAPTURE_CONFIG_FRESHNESS_ROOT_CAUSE_REVIEW_2026-09-15/source/lib/features/dashboard/presentation/screens/new_analysis_screen.dart:42:3 • undefined_class
  error • Undefined name 'FaceAnalysisJourneyPhase' • docs/governance/MIRA_P5_CAPTURE_CONFIG_FRESHNESS_ROOT_CAUSE_REVIEW_2026-09-15/source/lib/features/dashboard/presentation/screens/new_analysis_screen.dart:42:39 • undefined_identifier
  error • Undefined class 'FaceAnalysisJourneyError' • docs/governance/MIRA_P5_CAPTURE_CONFIG_FRESHNESS_ROOT_CAUSE_REVIEW_2026-09-15/source/lib/features/dashboard/presentation/screens/new_analysis_screen.dart:43:3 • undefined_class
  error • Undefined name 'FaceAnalysisMotionFlag' • docs/governance/MIRA_P5_CAPTURE_CONFIG_FRESHNESS_ROOT_CAUSE_REVIEW_2026-09-15/source/lib/features/dashboard/presentation/screens/new_analysis_screen.dart:46:25 • undefined_identifier
  error • The method 'faceAnalysisAllowsSoftLaser' isn't defined for the type '_NewAnalysisScreenState' • docs/governance/MIRA_P5_CAPTURE_CONFIG_FRESHNESS_ROOT_CAUSE_REVIEW_2026-09-15/source/lib/features/dashboard/presentation/screens/new_analysis_screen.dart:49:20 • undefined_method
  error • Undefined name 'AnalysisMotionTimingPolicy' • docs/governance/MIRA_P5_CAPTURE_CONFIG_FRESHNESS_ROOT_CAUSE_REVIEW_2026-09-15/source/lib/features/dashboard/presentation/screens/new_analysis_screen.dart:67:21 • undefined_identifier
  error • Undefined name 'AnalysisMotionTimingPolicy' • docs/governance/MIRA_P5_CAPTURE_CONFIG_FRESHNESS_ROOT_CAUSE_REVIEW_2026-09-15/source/lib/features/dashboard/presentation/screens/new_analysis_screen.dart:68:9 • undefined_identifier
  error • Undefined name 'AnalysisMotionTimingPolicy' • docs/governance/MIRA_P5_CAPTURE_CONFIG_FRESHNESS_ROOT_CAUSE_REVIEW_2026-09-15/source/lib/features/dashboard/presentation/screens/new_analysis_screen.dart:69:9 • undefined_identifier
  error • Undefined name 'FaceRetakePolicy' • docs/governance/MIRA_P5_CAPTURE_CONFIG_FRESHNESS_ROOT_CAUSE_REVIEW_2026-09-15/source/lib/features/dashboard/presentation/screens/new_analysis_screen.dart:79:30 • undefined_identifier
  error • Undefined name 'FaceHistoryAnalytics' • docs/governance/MIRA_P5_CAPTURE_CONFIG_FRESHNESS_ROOT_CAUSE_REVIEW_2026-09-15/source/lib/features/dashboard/presentation/screens/new_analysis_screen.dart:81:7 • undefined_identifier
  error • Undefined name 'FaceAnalysisJourneyPhase' • docs/governance/MIRA_P5_CAPTURE_CONFIG_FRESHNESS_ROOT_CAUSE_REVIEW_2026-09-15/source/lib/features/dashboard/presentation/screens/new_analysis_screen.dart:87:18 • undefined_identifier
  error • Undefined name 'FaceAnalysisJourneyPhase' • docs/governance/MIRA_P5_CAPTURE_CONFIG_FRESHNESS_ROOT_CAUSE_REVIEW_2026-09-15/source/lib/features/dashboard/presentation/screens/new_analysis_screen.dart:107:18 • undefined_identifier
  error • Invalid constant value • docs/governance/MIRA_P5_CAPTURE_CONFIG_FRESHNESS_ROOT_CAUSE_REVIEW_2026-09-15/source/lib/features/dashboard/presentation/screens/new_analysis_screen.dart:122:28 • invalid_constant
  error • Undefined name 'AppColors' • docs/governance/MIRA_P5_CAPTURE_CONFIG_FRESHNESS_ROOT_CAUSE_REVIEW_2026-09-15/source/lib/features/dashboard/presentation/screens/new_analysis_screen.dart:122:28 • undefined_identifier
  error • Undefined name 'FaceAnalysisJourneyPhase' • docs/governance/MIRA_P5_CAPTURE_CONFIG_FRESHNESS_ROOT_CAUSE_REVIEW_2026-09-15/source/lib/features/dashboard/presentation/screens/new_analysis_screen.dart:130:18 • undefined_identifier
  error • Undefined name 'FaceAnalysisJourneyPhase' • docs/governance/MIRA_P5_CAPTURE_CONFIG_FRESHNESS_ROOT_CAUSE_REVIEW_2026-09-15/source/lib/features/dashboard/presentation/screens/new_analysis_screen.dart:139:37 • undefined_identifier
  error • Undefined name 'AnalysisSession' • docs/governance/MIRA_P5_CAPTURE_CONFIG_FRESHNESS_ROOT_CAUSE_REVIEW_2026-09-15/source/lib/features/dashboard/presentation/screens/new_analysis_screen.dart:142:7 • undefined_identifier
  error • Undefined name 'FaceAnalysisJourneyPhase' • docs/governance/MIRA_P5_CAPTURE_CONFIG_FRESHNESS_ROOT_CAUSE_REVIEW_2026-09-15/source/lib/features/dashboard/presentation/screens/new_analysis_screen.dart:145:35 • undefined_identifier
  error • Undefined name 'AppTypography' • docs/governance/MIRA_P5_CAPTURE_CONFIG_FRESHNESS_ROOT_CAUSE_REVIEW_2026-09-15/source/lib/features/dashboard/presentation/screens/new_analysis_screen.dart:153:20 • undefined_identifier
  error • Undefined name 'AppColors' • docs/governance/MIRA_P5_CAPTURE_CONFIG_FRESHNESS_ROOT_CAUSE_REVIEW_2026-09-15/source/lib/features/dashboard/presentation/screens/new_analysis_screen.dart:153:61 • undefined_identifier
  error • Undefined name 'AppColors' • docs/governance/MIRA_P5_CAPTURE_CONFIG_FRESHNESS_ROOT_CAUSE_REVIEW_2026-09-15/source/lib/features/dashboard/presentation/screens/new_analysis_screen.dart:155:28 • undefined_identifier
  error • Undefined name 'MiraReportNavigation' • docs/governance/MIRA_P5_CAPTURE_CONFIG_FRESHNESS_ROOT_CAUSE_REVIEW_2026-09-15/source/lib/features/dashboard/presentation/screens/new_analysis_screen.dart:158:7 • undefined_identifier
  error • Undefined name 'AnalysisSession' • docs/governance/MIRA_P5_CAPTURE_CONFIG_FRESHNESS_ROOT_CAUSE_REVIEW_2026-09-15/source/lib/features/dashboard/presentation/screens/new_analysis_screen.dart:161:27 • undefined_identifier
  error • The method 'mapFaceAnalysisError' isn't defined for the type '_NewAnalysisScreenState' • docs/governance/MIRA_P5_CAPTURE_CONFIG_FRESHNESS_ROOT_CAUSE_REVIEW_2026-09-15/source/lib/features/dashboard/presentation/screens/new_analysis_screen.dart:165:22 • undefined_method
  error • The method 'friendlyMiraError' isn't defined for the type '_NewAnalysisScreenState' • docs/governance/MIRA_P5_CAPTURE_CONFIG_FRESHNESS_ROOT_CAUSE_REVIEW_2026-09-15/source/lib/features/dashboard/presentation/screens/new_analysis_screen.dart:165:52 • undefined_method
  error • Undefined name 'FaceAnalysisJourneyPhase' • docs/governance/MIRA_P5_CAPTURE_CONFIG_FRESHNESS_ROOT_CAUSE_REVIEW_2026-09-15/source/lib/features/dashboard/presentation/screens/new_analysis_screen.dart:169:15 • undefined_identifier
  error • Undefined name 'FaceAnalysisJourneyPhase' • docs/governance/MIRA_P5_CAPTURE_CONFIG_FRESHNESS_ROOT_CAUSE_REVIEW_2026-09-15/source/lib/features/dashboard/presentation/screens/new_analysis_screen.dart:170:15 • undefined_identifier
  error • Undefined name 'AppColors' • docs/governance/MIRA_P5_CAPTURE_CONFIG_FRESHNESS_ROOT_CAUSE_REVIEW_2026-09-15/source/lib/features/dashboard/presentation/screens/new_analysis_screen.dart:175:28 • undefined_identifier
  error • Undefined name 'AppColors' • docs/governance/MIRA_P5_CAPTURE_CONFIG_FRESHNESS_ROOT_CAUSE_REVIEW_2026-09-15/source/lib/features/dashboard/presentation/screens/new_analysis_screen.dart:178:24 • undefined_identifier
  error • Undefined name 'FaceAnalysisJourneyPhase' • docs/governance/MIRA_P5_CAPTURE_CONFIG_FRESHNESS_ROOT_CAUSE_REVIEW_2026-09-15/source/lib/features/dashboard/presentation/screens/new_analysis_screen.dart:192:27 • undefined_identifier
  error • Undefined name 'FaceAnalysisJourneyPhase' • docs/governance/MIRA_P5_CAPTURE_CONFIG_FRESHNESS_ROOT_CAUSE_REVIEW_2026-09-15/source/lib/features/dashboard/presentation/screens/new_analysis_screen.dart:193:27 • undefined_identifier
  error • Undefined name 'FaceAnalysisJourneyPhase' • docs/governance/MIRA_P5_CAPTURE_CONFIG_FRESHNESS_ROOT_CAUSE_REVIEW_2026-09-15/source/lib/features/dashboard/presentation/screens/new_analysis_screen.dart:194:27 • undefined_identifier
  error • Undefined name 'FaceAnalysisJourneyPhase' • docs/governance/MIRA_P5_CAPTURE_CONFIG_FRESHNESS_ROOT_CAUSE_REVIEW_2026-09-15/source/lib/features/dashboard/presentation/screens/new_analysis_screen.dart:195:24 • undefined_identifier
  error • Invalid constant value • docs/governance/MIRA_P5_CAPTURE_CONFIG_FRESHNESS_ROOT_CAUSE_REVIEW_2026-09-15/source/lib/features/dashboard/presentation/screens/new_analysis_screen.dart:213:28 • invalid_constant
  error • Undefined name 'AppColors' • docs/governance/MIRA_P5_CAPTURE_CONFIG_FRESHNESS_ROOT_CAUSE_REVIEW_2026-09-15/source/lib/features/dashboard/presentation/screens/new_analysis_screen.dart:213:28 • undefined_identifier
  error • Undefined name 'MiraFeatures' • docs/governance/MIRA_P5_CAPTURE_CONFIG_FRESHNESS_ROOT_CAUSE_REVIEW_2026-09-15/source/lib/features/dashboard/presentation/screens/new_analysis_screen.dart:219:9 • undefined_identifier
  error • Undefined name 'AppSession' • docs/governance/MIRA_P5_CAPTURE_CONFIG_FRESHNESS_ROOT_CAUSE_REVIEW_2026-09-15/source/lib/features/dashboard/presentation/screens/new_analysis_screen.dart:219:42 • undefined_identifier
  error • Undefined name 'PackageCreditGate' • docs/governance/MIRA_P5_CAPTURE_CONFIG_FRESHNESS_ROOT_CAUSE_REVIEW_2026-09-15/source/lib/features/dashboard/presentation/screens/new_analysis_screen.dart:220:24 • undefined_identifier
  error • Undefined name 'FaceAnalysisJourneyPhase' • docs/governance/MIRA_P5_CAPTURE_CONFIG_FRESHNESS_ROOT_CAUSE_REVIEW_2026-09-15/source/lib/features/dashboard/presentation/screens/new_analysis_screen.dart:225:18 • undefined_identifier
  error • The name 'SkinAnalysisBloc' isn't a type, so it can't be used as a type argument • docs/governance/MIRA_P5_CAPTURE_CONFIG_FRESHNESS_ROOT_CAUSE_REVIEW_2026-09-15/source/lib/features/dashboard/presentation/screens/new_analysis_screen.dart:232:18 • non_type_as_type_argument
  error • The method 'StartSkinAnalysis' isn't defined for the type '_NewAnalysisScreenState' • docs/governance/MIRA_P5_CAPTURE_CONFIG_FRESHNESS_ROOT_CAUSE_REVIEW_2026-09-15/source/lib/features/dashboard/presentation/screens/new_analysis_screen.dart:233:11 • undefined_method
  error • Undefined name 'MiraFeatures' • docs/governance/MIRA_P5_CAPTURE_CONFIG_FRESHNESS_ROOT_CAUSE_REVIEW_2026-09-15/source/lib/features/dashboard/presentation/screens/new_analysis_screen.dart:238:9 • undefined_identifier
  error • Undefined name 'AppSession' • docs/governance/MIRA_P5_CAPTURE_CONFIG_FRESHNESS_ROOT_CAUSE_REVIEW_2026-09-15/source/lib/features/dashboard/presentation/screens/new_analysis_screen.dart:238:42 • undefined_identifier
  error • Undefined name 'userPackageProvider' • docs/governance/MIRA_P5_CAPTURE_CONFIG_FRESHNESS_ROOT_CAUSE_REVIEW_2026-09-15/source/lib/features/dashboard/presentation/screens/new_analysis_screen.dart:240:24 • undefined_identifier
  error • The method 'friendlyMiraError' isn't defined for the type '_NewAnalysisScreenState' • docs/governance/MIRA_P5_CAPTURE_CONFIG_FRESHNESS_ROOT_CAUSE_REVIEW_2026-09-15/source/lib/features/dashboard/presentation/screens/new_analysis_screen.dart:245:27 • undefined_method
  error • Undefined name 'AppColors' • docs/governance/MIRA_P5_CAPTURE_CONFIG_FRESHNESS_ROOT_CAUSE_REVIEW_2026-09-15/source/lib/features/dashboard/presentation/screens/new_analysis_screen.dart:246:30 • undefined_identifier
  error • Undefined name 'FaceAnalysisJourneyPhase' • docs/governance/MIRA_P5_CAPTURE_CONFIG_FRESHNESS_ROOT_CAUSE_REVIEW_2026-09-15/source/lib/features/dashboard/presentation/screens/new_analysis_screen.dart:259:12 • undefined_identifier
  error • Undefined name 'FaceAnalysisJourneyPhase' • docs/governance/MIRA_P5_CAPTURE_CONFIG_FRESHNESS_ROOT_CAUSE_REVIEW_2026-09-15/source/lib/features/dashboard/presentation/screens/new_analysis_screen.dart:261:12 • undefined_identifier
  error • Undefined name 'FaceAnalysisJourneyPhase' • docs/governance/MIRA_P5_CAPTURE_CONFIG_FRESHNESS_ROOT_CAUSE_REVIEW_2026-09-15/source/lib/features/dashboard/presentation/screens/new_analysis_screen.dart:262:12 • undefined_identifier
  error • Undefined name 'FaceAnalysisJourneyPhase' • docs/governance/MIRA_P5_CAPTURE_CONFIG_FRESHNESS_ROOT_CAUSE_REVIEW_2026-09-15/source/lib/features/dashboard/presentation/screens/new_analysis_screen.dart:264:12 • undefined_identifier
  error • Undefined name 'FaceAnalysisJourneyPhase' • docs/governance/MIRA_P5_CAPTURE_CONFIG_FRESHNESS_ROOT_CAUSE_REVIEW_2026-09-15/source/lib/features/dashboard/presentation/screens/new_analysis_screen.dart:266:12 • undefined_identifier
  error • Undefined name 'FaceAnalysisJourneyPhase' • docs/governance/MIRA_P5_CAPTURE_CONFIG_FRESHNESS_ROOT_CAUSE_REVIEW_2026-09-15/source/lib/features/dashboard/presentation/screens/new_analysis_screen.dart:268:12 • undefined_identifier
  error • Undefined name 'FaceAnalysisJourneyPhase' • docs/governance/MIRA_P5_CAPTURE_CONFIG_FRESHNESS_ROOT_CAUSE_REVIEW_2026-09-15/source/lib/features/dashboard/presentation/screens/new_analysis_screen.dart:269:12 • undefined_identifier
  error • Undefined name 'FaceAnalysisJourneyPhase' • docs/governance/MIRA_P5_CAPTURE_CONFIG_FRESHNESS_ROOT_CAUSE_REVIEW_2026-09-15/source/lib/features/dashboard/presentation/screens/new_analysis_screen.dart:270:12 • undefined_identifier
  error • Undefined name 'FaceAnalysisJourneyPhase' • docs/governance/MIRA_P5_CAPTURE_CONFIG_FRESHNESS_ROOT_CAUSE_REVIEW_2026-09-15/source/lib/features/dashboard/presentation/screens/new_analysis_screen.dart:271:12 • undefined_identifier
  error • Undefined name 'FaceAnalysisJourneyPhase' • docs/governance/MIRA_P5_CAPTURE_CONFIG_FRESHNESS_ROOT_CAUSE_REVIEW_2026-09-15/source/lib/features/dashboard/presentation/screens/new_analysis_screen.dart:280:23 • undefined_identifier
  error • Undefined name 'FaceAnalysisJourneyPhase' • docs/governance/MIRA_P5_CAPTURE_CONFIG_FRESHNESS_ROOT_CAUSE_REVIEW_2026-09-15/source/lib/features/dashboard/presentation/screens/new_analysis_screen.dart:281:23 • undefined_identifier
  error • Undefined name 'FaceAnalysisJourneyPhase' • docs/governance/MIRA_P5_CAPTURE_CONFIG_FRESHNESS_ROOT_CAUSE_REVIEW_2026-09-15/source/lib/features/dashboard/presentation/screens/new_analysis_screen.dart:284:23 • undefined_identifier
  error • The method 'pipelineStatusForSoftLaser' isn't defined for the type '_NewAnalysisScreenState' • docs/governance/MIRA_P5_CAPTURE_CONFIG_FRESHNESS_ROOT_CAUSE_REVIEW_2026-09-15/source/lib/features/dashboard/presentation/screens/new_analysis_screen.dart:304:22 • undefined_method
  error • Undefined name 'AnalysisPipelineStatus' • docs/governance/MIRA_P5_CAPTURE_CONFIG_FRESHNESS_ROOT_CAUSE_REVIEW_2026-09-15/source/lib/features/dashboard/presentation/screens/new_analysis_screen.dart:305:9 • undefined_identifier
  error • Invalid constant value • docs/governance/MIRA_P5_CAPTURE_CONFIG_FRESHNESS_ROOT_CAUSE_REVIEW_2026-09-15/source/lib/features/dashboard/presentation/screens/new_analysis_screen.dart:316:13 • invalid_constant
  error • The values in a const list literal must be constants • docs/governance/MIRA_P5_CAPTURE_CONFIG_FRESHNESS_ROOT_CAUSE_REVIEW_2026-09-15/source/lib/features/dashboard/presentation/screens/new_analysis_screen.dart:316:13 • non_constant_list_element
  error • Undefined name 'FaceExperienceTokens' • docs/governance/MIRA_P5_CAPTURE_CONFIG_FRESHNESS_ROOT_CAUSE_REVIEW_2026-09-15/source/lib/features/dashboard/presentation/screens/new_analysis_screen.dart:316:13 • undefined_identifier
  error • The values in a const list literal must be constants • docs/governance/MIRA_P5_CAPTURE_CONFIG_FRESHNESS_ROOT_CAUSE_REVIEW_2026-09-15/source/lib/features/dashboard/presentation/screens/new_analysis_screen.dart:317:13 • non_constant_list_element
  error • Undefined name 'FaceExperienceTokens' • docs/governance/MIRA_P5_CAPTURE_CONFIG_FRESHNESS_ROOT_CAUSE_REVIEW_2026-09-15/source/lib/features/dashboard/presentation/screens/new_analysis_screen.dart:317:13 • undefined_identifier
  error • Undefined name 'AppTypography' • docs/governance/MIRA_P5_CAPTURE_CONFIG_FRESHNESS_ROOT_CAUSE_REVIEW_2026-09-15/source/lib/features/dashboard/presentation/screens/new_analysis_screen.dart:332:28 • undefined_identifier
  error • Undefined name 'AppColors' • docs/governance/MIRA_P5_CAPTURE_CONFIG_FRESHNESS_ROOT_CAUSE_REVIEW_2026-09-15/source/lib/features/dashboard/presentation/screens/new_analysis_screen.dart:333:42 • undefined_identifier
  error • Undefined name 'AppTypography' • docs/governance/MIRA_P5_CAPTURE_CONFIG_FRESHNESS_ROOT_CAUSE_REVIEW_2026-09-15/source/lib/features/dashboard/presentation/screens/new_analysis_screen.dart:338:28 • undefined_identifier
  error • Undefined name 'AppColors' • docs/governance/MIRA_P5_CAPTURE_CONFIG_FRESHNESS_ROOT_CAUSE_REVIEW_2026-09-15/source/lib/features/dashboard/presentation/screens/new_analysis_screen.dart:339:30 • undefined_identifier
  error • Undefined name 'AppTypography' • docs/governance/MIRA_P5_CAPTURE_CONFIG_FRESHNESS_ROOT_CAUSE_REVIEW_2026-09-15/source/lib/features/dashboard/presentation/screens/new_analysis_screen.dart:346:30 • undefined_identifier
  error • Undefined name 'AppColors' • docs/governance/MIRA_P5_CAPTURE_CONFIG_FRESHNESS_ROOT_CAUSE_REVIEW_2026-09-15/source/lib/features/dashboard/presentation/screens/new_analysis_screen.dart:347:32 • undefined_identifier
  error • Undefined name 'AnalysisPipelineStatus' • docs/governance/MIRA_P5_CAPTURE_CONFIG_FRESHNESS_ROOT_CAUSE_REVIEW_2026-09-15/source/lib/features/dashboard/presentation/screens/new_analysis_screen.dart:360:44 • undefined_identifier
  error • Undefined name 'FaceAnalysisJourneyPhase' • docs/governance/MIRA_P5_CAPTURE_CONFIG_FRESHNESS_ROOT_CAUSE_REVIEW_2026-09-15/source/lib/features/dashboard/presentation/screens/new_analysis_screen.dart:369:27 • undefined_identifier
  error • Undefined name 'FaceAnalysisJourneyPhase' • docs/governance/MIRA_P5_CAPTURE_CONFIG_FRESHNESS_ROOT_CAUSE_REVIEW_2026-09-15/source/lib/features/dashboard/presentation/screens/new_analysis_screen.dart:370:27 • undefined_identifier
  error • The method 'PremiumButton' isn't defined for the type '_NewAnalysisScreenState' • docs/governance/MIRA_P5_CAPTURE_CONFIG_FRESHNESS_ROOT_CAUSE_REVIEW_2026-09-15/source/lib/features/dashboard/presentation/screens/new_analysis_screen.dart:399:24 • undefined_method
  error • Undefined name 'PremiumButtonVariant' • docs/governance/MIRA_P5_CAPTURE_CONFIG_FRESHNESS_ROOT_CAUSE_REVIEW_2026-09-15/source/lib/features/dashboard/presentation/screens/new_analysis_screen.dart:403:28 • undefined_identifier
  error • Undefined name 'AppSession' • docs/governance/MIRA_P5_CAPTURE_CONFIG_FRESHNESS_ROOT_CAUSE_REVIEW_2026-09-15/source/lib/features/dashboard/presentation/screens/new_analysis_screen.dart:421:21 • undefined_identifier
  error • Undefined name 'AppSession' • docs/governance/MIRA_P5_CAPTURE_CONFIG_FRESHNESS_ROOT_CAUSE_REVIEW_2026-09-15/source/lib/features/dashboard/presentation/screens/new_analysis_screen.dart:423:10 • undefined_identifier
  error • The name 'MiraAppBar' isn't a class • docs/governance/MIRA_P5_CAPTURE_CONFIG_FRESHNESS_ROOT_CAUSE_REVIEW_2026-09-15/source/lib/features/dashboard/presentation/screens/new_analysis_screen.dart:425:23 • creation_with_non_type
  error • The method 'EmptyState' isn't defined for the type '_NewAnalysisScreenState' • docs/governance/MIRA_P5_CAPTURE_CONFIG_FRESHNESS_ROOT_CAUSE_REVIEW_2026-09-15/source/lib/features/dashboard/presentation/screens/new_analysis_screen.dart:426:15 • undefined_method
  error • Undefined name 'AppRoutes' • docs/governance/MIRA_P5_CAPTURE_CONFIG_FRESHNESS_ROOT_CAUSE_REVIEW_2026-09-15/source/lib/features/dashboard/presentation/screens/new_analysis_screen.dart:431:56 • undefined_identifier
  error • Undefined name 'AppColors' • docs/governance/MIRA_P5_CAPTURE_CONFIG_FRESHNESS_ROOT_CAUSE_REVIEW_2026-09-15/source/lib/features/dashboard/presentation/screens/new_analysis_screen.dart:442:30 • undefined_identifier
  error • The name 'MiraAppBar' isn't a class • docs/governance/MIRA_P5_CAPTURE_CONFIG_FRESHNESS_ROOT_CAUSE_REVIEW_2026-09-15/source/lib/features/dashboard/presentation/screens/new_analysis_screen.dart:449:25 • creation_with_non_type
  error • The name 'GuestBanner' isn't a class • docs/governance/MIRA_P5_CAPTURE_CONFIG_FRESHNESS_ROOT_CAUSE_REVIEW_2026-09-15/source/lib/features/dashboard/presentation/screens/new_analysis_screen.dart:452:21 • creation_with_non_type
  error • The method 'SkinAnalysisBloc' isn't defined for the type '_NewAnalysisScreenState' • docs/governance/MIRA_P5_CAPTURE_CONFIG_FRESHNESS_ROOT_CAUSE_REVIEW_2026-09-15/source/lib/features/dashboard/presentation/screens/new_analysis_screen.dart:467:22 • undefined_method
  error • The name 'SkinAnalysisBloc' isn't a type, so it can't be used as a type argument • docs/governance/MIRA_P5_CAPTURE_CONFIG_FRESHNESS_ROOT_CAUSE_REVIEW_2026-09-15/source/lib/features/dashboard/presentation/screens/new_analysis_screen.dart:468:27 • non_type_as_type_argument
  error • The name 'SkinAnalysisState' isn't a type, so it can't be used as a type argument • docs/governance/MIRA_P5_CAPTURE_CONFIG_FRESHNESS_ROOT_CAUSE_REVIEW_2026-09-15/source/lib/features/dashboard/presentation/screens/new_analysis_screen.dart:468:45 • non_type_as_type_argument
  error • The name 'SkinAnalysisSubmitting' isn't defined, so it can't be used in an 'is' expression • docs/governance/MIRA_P5_CAPTURE_CONFIG_FRESHNESS_ROOT_CAUSE_REVIEW_2026-09-15/source/lib/features/dashboard/presentation/screens/new_analysis_screen.dart:470:24 • type_test_with_undefined_name
  error • Undefined name 'FaceAnalysisJourneyPhase' • docs/governance/MIRA_P5_CAPTURE_CONFIG_FRESHNESS_ROOT_CAUSE_REVIEW_2026-09-15/source/lib/features/dashboard/presentation/screens/new_analysis_screen.dart:472:26 • undefined_identifier
  error • The name 'SkinAnalysisProcessing' isn't defined, so it can't be used in an 'is' expression • docs/governance/MIRA_P5_CAPTURE_CONFIG_FRESHNESS_ROOT_CAUSE_REVIEW_2026-09-15/source/lib/features/dashboard/presentation/screens/new_analysis_screen.dart:475:31 • type_test_with_undefined_name
  error • Undefined name 'FaceAnalysisJourneyPhase' • docs/governance/MIRA_P5_CAPTURE_CONFIG_FRESHNESS_ROOT_CAUSE_REVIEW_2026-09-15/source/lib/features/dashboard/presentation/screens/new_analysis_screen.dart:477:39 • undefined_identifier
  error • The name 'SkinAnalysisSuccess' isn't defined, so it can't be used in an 'is' expression • docs/governance/MIRA_P5_CAPTURE_CONFIG_FRESHNESS_ROOT_CAUSE_REVIEW_2026-09-15/source/lib/features/dashboard/presentation/screens/new_analysis_screen.dart:478:31 • type_test_with_undefined_name
  error • Undefined name 'AnalysisSession' • docs/governance/MIRA_P5_CAPTURE_CONFIG_FRESHNESS_ROOT_CAUSE_REVIEW_2026-09-15/source/lib/features/dashboard/presentation/screens/new_analysis_screen.dart:481:13 • undefined_identifier
  error • Undefined name 'FaceAnalysisJourneyPhase' • docs/governance/MIRA_P5_CAPTURE_CONFIG_FRESHNESS_ROOT_CAUSE_REVIEW_2026-09-15/source/lib/features/dashboard/presentation/screens/new_analysis_screen.dart:483:41 • undefined_identifier
  error • Undefined name 'AppTypography' • docs/governance/MIRA_P5_CAPTURE_CONFIG_FRESHNESS_ROOT_CAUSE_REVIEW_2026-09-15/source/lib/features/dashboard/presentation/screens/new_analysis_screen.dart:491:26 • undefined_identifier
  error • Undefined name 'AppColors' • docs/governance/MIRA_P5_CAPTURE_CONFIG_FRESHNESS_ROOT_CAUSE_REVIEW_2026-09-15/source/lib/features/dashboard/presentation/screens/new_analysis_screen.dart:492:40 • undefined_identifier
  error • Undefined name 'AppColors' • docs/governance/MIRA_P5_CAPTURE_CONFIG_FRESHNESS_ROOT_CAUSE_REVIEW_2026-09-15/source/lib/features/dashboard/presentation/screens/new_analysis_screen.dart:494:34 • undefined_identifier
  error • Undefined name 'MiraReportNavigation' • docs/governance/MIRA_P5_CAPTURE_CONFIG_FRESHNESS_ROOT_CAUSE_REVIEW_2026-09-15/source/lib/features/dashboard/presentation/screens/new_analysis_screen.dart:497:13 • undefined_identifier
  error • Undefined name 'AnalysisSession' • docs/governance/MIRA_P5_CAPTURE_CONFIG_FRESHNESS_ROOT_CAUSE_REVIEW_2026-09-15/source/lib/features/dashboard/presentation/screens/new_analysis_screen.dart:500:33 • undefined_identifier
  error • Undefined name 'FaceAnalysisJourneyPhase' • docs/governance/MIRA_P5_CAPTURE_CONFIG_FRESHNESS_ROOT_CAUSE_REVIEW_2026-09-15/source/lib/features/dashboard/presentation/screens/new_analysis_screen.dart:506:28 • undefined_identifier
  error • The name 'SkinAnalysisFailure' isn't defined, so it can't be used in an 'is' expression • docs/governance/MIRA_P5_CAPTURE_CONFIG_FRESHNESS_ROOT_CAUSE_REVIEW_2026-09-15/source/lib/features/dashboard/presentation/screens/new_analysis_screen.dart:511:31 • type_test_with_undefined_name
  error • The method 'mapFaceAnalysisError' isn't defined for the type '_NewAnalysisScreenState' • docs/governance/MIRA_P5_CAPTURE_CONFIG_FRESHNESS_ROOT_CAUSE_REVIEW_2026-09-15/source/lib/features/dashboard/presentation/screens/new_analysis_screen.dart:513:17 • undefined_method
  error • Undefined name 'FaceAnalysisJourneyPhase' • docs/governance/MIRA_P5_CAPTURE_CONFIG_FRESHNESS_ROOT_CAUSE_REVIEW_2026-09-15/source/lib/features/dashboard/presentation/screens/new_analysis_screen.dart:519:21 • undefined_identifier
  error • Undefined name 'FaceAnalysisJourneyPhase' • docs/governance/MIRA_P5_CAPTURE_CONFIG_FRESHNESS_ROOT_CAUSE_REVIEW_2026-09-15/source/lib/features/dashboard/presentation/screens/new_analysis_screen.dart:521:25 • undefined_identifier
  error • Undefined name 'FaceAnalysisJourneyPhase' • docs/governance/MIRA_P5_CAPTURE_CONFIG_FRESHNESS_ROOT_CAUSE_REVIEW_2026-09-15/source/lib/features/dashboard/presentation/screens/new_analysis_screen.dart:522:25 • undefined_identifier
  error • Undefined name 'AppColors' • docs/governance/MIRA_P5_CAPTURE_CONFIG_FRESHNESS_ROOT_CAUSE_REVIEW_2026-09-15/source/lib/features/dashboard/presentation/screens/new_analysis_screen.dart:527:34 • undefined_identifier
  error • Undefined name 'AppColors' • docs/governance/MIRA_P5_CAPTURE_CONFIG_FRESHNESS_ROOT_CAUSE_REVIEW_2026-09-15/source/lib/features/dashboard/presentation/screens/new_analysis_screen.dart:532:30 • undefined_identifier
  error • The name 'SkinAnalysisSubmitting' isn't defined, so it can't be used in an 'is' expression • docs/governance/MIRA_P5_CAPTURE_CONFIG_FRESHNESS_ROOT_CAUSE_REVIEW_2026-09-15/source/lib/features/dashboard/presentation/screens/new_analysis_screen.dart:544:36 • type_test_with_undefined_name
  error • The name 'SkinAnalysisProcessing' isn't defined, so it can't be used in an 'is' expression • docs/governance/MIRA_P5_CAPTURE_CONFIG_FRESHNESS_ROOT_CAUSE_REVIEW_2026-09-15/source/lib/features/dashboard/presentation/screens/new_analysis_screen.dart:545:24 • type_test_with_undefined_name
  error • The name 'SkinAnalysisLoading' isn't defined, so it can't be used in an 'is' expression • docs/governance/MIRA_P5_CAPTURE_CONFIG_FRESHNESS_ROOT_CAUSE_REVIEW_2026-09-15/source/lib/features/dashboard/presentation/screens/new_analysis_screen.dart:546:24 • type_test_with_undefined_name
  error • Undefined name 'FaceAnalysisJourneyPhase' • docs/governance/MIRA_P5_CAPTURE_CONFIG_FRESHNESS_ROOT_CAUSE_REVIEW_2026-09-15/source/lib/features/dashboard/presentation/screens/new_analysis_screen.dart:548:31 • undefined_identifier
  error • The name 'SkinAnalysisSuccess' isn't defined, so it can't be used in an 'is' expression • docs/governance/MIRA_P5_CAPTURE_CONFIG_FRESHNESS_ROOT_CAUSE_REVIEW_2026-09-15/source/lib/features/dashboard/presentation/screens/new_analysis_screen.dart:549:28 • type_test_with_undefined_name
  error • Undefined name 'AppColors' • docs/governance/MIRA_P5_CAPTURE_CONFIG_FRESHNESS_ROOT_CAUSE_REVIEW_2026-09-15/source/lib/features/dashboard/presentation/screens/new_analysis_screen.dart:553:34 • undefined_identifier
  error • The name 'MiraAppBar' isn't a class • docs/governance/MIRA_P5_CAPTURE_CONFIG_FRESHNESS_ROOT_CAUSE_REVIEW_2026-09-15/source/lib/features/dashboard/presentation/screens/new_analysis_screen.dart:560:29 • creation_with_non_type
  error • Target of URI doesn't exist: '../../../../core/config/mira_features.dart' • docs/governance/MIRA_P5_CAPTURE_CONFIG_FRESHNESS_ROOT_CAUSE_REVIEW_2026-09-15/source/lib/features/skin_analysis/presentation/widgets/face_capture_panel.dart:9:8 • uri_does_not_exist
  error • Target of URI doesn't exist: '../../../../core/face_gate/face_gate_result.dart' • docs/governance/MIRA_P5_CAPTURE_CONFIG_FRESHNESS_ROOT_CAUSE_REVIEW_2026-09-15/source/lib/features/skin_analysis/presentation/widgets/face_capture_panel.dart:10:8 • uri_does_not_exist
  error • Target of URI doesn't exist: '../../../../core/face_gate/face_gate_validator.dart' • docs/governance/MIRA_P5_CAPTURE_CONFIG_FRESHNESS_ROOT_CAUSE_REVIEW_2026-09-15/source/lib/features/skin_analysis/presentation/widgets/face_capture_panel.dart:11:8 • uri_does_not_exist
  error • Target of URI doesn't exist: '../../../face_analysis_experience/capture/capture.dart' • docs/governance/MIRA_P5_CAPTURE_CONFIG_FRESHNESS_ROOT_CAUSE_REVIEW_2026-09-15/source/lib/features/skin_analysis/presentation/widgets/face_capture_panel.dart:12:8 • uri_does_not_exist
  error • Target of URI doesn't exist: '../../../face_analysis_experience/presentation/analysis/analysis_motion.dart' • docs/governance/MIRA_P5_CAPTURE_CONFIG_FRESHNESS_ROOT_CAUSE_REVIEW_2026-09-15/source/lib/features/skin_analysis/presentation/widgets/face_capture_panel.dart:13:8 • uri_does_not_exist
  error • Target of URI doesn't exist: '../../../face_analysis_experience/presentation/capture/capture_mirror.dart' • docs/governance/MIRA_P5_CAPTURE_CONFIG_FRESHNESS_ROOT_CAUSE_REVIEW_2026-09-15/source/lib/features/skin_analysis/presentation/widgets/face_capture_panel.dart:14:8 • uri_does_not_exist
  error • Target of URI doesn't exist: '../../domain/image_quality/image_quality_evaluator.dart' • docs/governance/MIRA_P5_CAPTURE_CONFIG_FRESHNESS_ROOT_CAUSE_REVIEW_2026-09-15/source/lib/features/skin_analysis/presentation/widgets/face_capture_panel.dart:15:8 • uri_does_not_exist
  error • Target of URI doesn't exist: '../live_face_map/face_mapping_context.dart' • docs/governance/MIRA_P5_CAPTURE_CONFIG_FRESHNESS_ROOT_CAUSE_REVIEW_2026-09-15/source/lib/features/skin_analysis/presentation/widgets/face_capture_panel.dart:17:8 • uri_does_not_exist
  error • Target of URI doesn't exist: '../live_face_map/face_mesh_quality_gate.dart' • docs/governance/MIRA_P5_CAPTURE_CONFIG_FRESHNESS_ROOT_CAUSE_REVIEW_2026-09-15/source/lib/features/skin_analysis/presentation/widgets/face_capture_panel.dart:18:8 • uri_does_not_exist
  error • Target of URI doesn't exist: '../live_face_map/live_face_overlay_controller.dart' • docs/governance/MIRA_P5_CAPTURE_CONFIG_FRESHNESS_ROOT_CAUSE_REVIEW_2026-09-15/source/lib/features/skin_analysis/presentation/widgets/face_capture_panel.dart:19:8 • uri_does_not_exist
  error • Target of URI doesn't exist: '../live_face_map/models/face_mesh_models.dart' • docs/governance/MIRA_P5_CAPTURE_CONFIG_FRESHNESS_ROOT_CAUSE_REVIEW_2026-09-15/source/lib/features/skin_analysis/presentation/widgets/face_capture_panel.dart:20:8 • uri_does_not_exist
  error • Target of URI doesn't exist: '../live_face_map/scan_region_animation.dart' • docs/governance/MIRA_P5_CAPTURE_CONFIG_FRESHNESS_ROOT_CAUSE_REVIEW_2026-09-15/source/lib/features/skin_analysis/presentation/widgets/face_capture_panel.dart:21:8 • uri_does_not_exist
  error • Target of URI doesn't exist: '../live_face_map/widgets/live_face_analysis_overlay.dart' • docs/governance/MIRA_P5_CAPTURE_CONFIG_FRESHNESS_ROOT_CAUSE_REVIEW_2026-09-15/source/lib/features/skin_analysis/presentation/widgets/face_capture_panel.dart:22:8 • uri_does_not_exist
  error • Target of URI doesn't exist: '../../../../shared/theme/colors.dart' • docs/governance/MIRA_P5_CAPTURE_CONFIG_FRESHNESS_ROOT_CAUSE_REVIEW_2026-09-15/source/lib/features/skin_analysis/presentation/widgets/face_capture_panel.dart:23:8 • uri_does_not_exist
  error • Target of URI doesn't exist: '../../../../shared/theme/typography.dart' • docs/governance/MIRA_P5_CAPTURE_CONFIG_FRESHNESS_ROOT_CAUSE_REVIEW_2026-09-15/source/lib/features/skin_analysis/presentation/widgets/face_capture_panel.dart:24:8 • uri_does_not_exist
  error • Target of URI doesn't exist: '../utils/face_image_processor.dart' • docs/governance/MIRA_P5_CAPTURE_CONFIG_FRESHNESS_ROOT_CAUSE_REVIEW_2026-09-15/source/lib/features/skin_analysis/presentation/widgets/face_capture_panel.dart:25:8 • uri_does_not_exist
  error • Undefined class 'AnalysisPipelineStatus' • docs/governance/MIRA_P5_CAPTURE_CONFIG_FRESHNESS_ROOT_CAUSE_REVIEW_2026-09-15/source/lib/features/skin_analysis/presentation/widgets/face_capture_panel.dart:35:9 • undefined_class
  error • Undefined name 'AnalysisPipelineStatus' • docs/governance/MIRA_P5_CAPTURE_CONFIG_FRESHNESS_ROOT_CAUSE_REVIEW_2026-09-15/source/lib/features/skin_analysis/presentation/widgets/face_capture_panel.dart:45:35 • undefined_identifier
  error • Undefined class 'LiveFaceOverlayController' • docs/governance/MIRA_P5_CAPTURE_CONFIG_FRESHNESS_ROOT_CAUSE_REVIEW_2026-09-15/source/lib/features/skin_analysis/presentation/widgets/face_capture_panel.dart:68:14 • undefined_class
  error • Undefined class 'CaptureMirrorCoordinator' • docs/governance/MIRA_P5_CAPTURE_CONFIG_FRESHNESS_ROOT_CAUSE_REVIEW_2026-09-15/source/lib/features/skin_analysis/presentation/widgets/face_capture_panel.dart:73:3 • undefined_class
  error • Undefined class 'FaceCaptureGuidanceVm' • docs/governance/MIRA_P5_CAPTURE_CONFIG_FRESHNESS_ROOT_CAUSE_REVIEW_2026-09-15/source/lib/features/skin_analysis/presentation/widgets/face_capture_panel.dart:74:3 • undefined_class
  error • Undefined name 'ScanRegionAnimation' • docs/governance/MIRA_P5_CAPTURE_CONFIG_FRESHNESS_ROOT_CAUSE_REVIEW_2026-09-15/source/lib/features/skin_analysis/presentation/widgets/face_capture_panel.dart:100:17 • undefined_identifier
  error • Undefined name 'ScanRegionAnimation' • docs/governance/MIRA_P5_CAPTURE_CONFIG_FRESHNESS_ROOT_CAUSE_REVIEW_2026-09-15/source/lib/features/skin_analysis/presentation/widgets/face_capture_panel.dart:104:17 • undefined_identifier
  error • The method 'LiveFaceOverlayController' isn't defined for the type '_FaceCapturePanelState' • docs/governance/MIRA_P5_CAPTURE_CONFIG_FRESHNESS_ROOT_CAUSE_REVIEW_2026-09-15/source/lib/features/skin_analysis/presentation/widgets/face_capture_panel.dart:110:30 • undefined_method
  error • Undefined name 'FaceCaptureMirrorFlag' • docs/governance/MIRA_P5_CAPTURE_CONFIG_FRESHNESS_ROOT_CAUSE_REVIEW_2026-09-15/source/lib/features/skin_analysis/presentation/widgets/face_capture_panel.dart:112:9 • undefined_identifier
  error • Undefined name 'MiraFeatures' • docs/governance/MIRA_P5_CAPTURE_CONFIG_FRESHNESS_ROOT_CAUSE_REVIEW_2026-09-15/source/lib/features/skin_analysis/presentation/widgets/face_capture_panel.dart:113:9 • undefined_identifier
  error • The method 'CaptureMirrorCoordinator' isn't defined for the type '_FaceCapturePanelState' • docs/governance/MIRA_P5_CAPTURE_CONFIG_FRESHNESS_ROOT_CAUSE_REVIEW_2026-09-15/source/lib/features/skin_analysis/presentation/widgets/face_capture_panel.dart:114:28 • undefined_method
  error • The method 'FaceMappingContext' isn't defined for the type '_FaceCapturePanelState' • docs/governance/MIRA_P5_CAPTURE_CONFIG_FRESHNESS_ROOT_CAUSE_REVIEW_2026-09-15/source/lib/features/skin_analysis/presentation/widgets/face_capture_panel.dart:372:16 • undefined_method
  error • Undefined name 'FaceImageProcessor' • docs/governance/MIRA_P5_CAPTURE_CONFIG_FRESHNESS_ROOT_CAUSE_REVIEW_2026-09-15/source/lib/features/skin_analysis/presentation/widgets/face_capture_panel.dart:388:27 • undefined_identifier
  error • Undefined name 'FaceImageProcessor' • docs/governance/MIRA_P5_CAPTURE_CONFIG_FRESHNESS_ROOT_CAUSE_REVIEW_2026-09-15/source/lib/features/skin_analysis/presentation/widgets/face_capture_panel.dart:396:33 • undefined_identifier
  error • The method 'FaceMappingContext' isn't defined for the type '_FaceCapturePanelState' • docs/governance/MIRA_P5_CAPTURE_CONFIG_FRESHNESS_ROOT_CAUSE_REVIEW_2026-09-15/source/lib/features/skin_analysis/presentation/widgets/face_capture_panel.dart:400:18 • undefined_method
  error • Undefined name 'FaceAnalysisMotionFlag' • docs/governance/MIRA_P5_CAPTURE_CONFIG_FRESHNESS_ROOT_CAUSE_REVIEW_2026-09-15/source/lib/features/skin_analysis/presentation/widgets/face_capture_panel.dart:417:30 • undefined_identifier
  error • Undefined class 'LiveCameraOverlayState' • docs/governance/MIRA_P5_CAPTURE_CONFIG_FRESHNESS_ROOT_CAUSE_REVIEW_2026-09-15/source/lib/features/skin_analysis/presentation/widgets/face_capture_panel.dart:422:14 • undefined_class
  error • Undefined class 'FaceCaptureGuidanceVm' • docs/governance/MIRA_P5_CAPTURE_CONFIG_FRESHNESS_ROOT_CAUSE_REVIEW_2026-09-15/source/lib/features/skin_analysis/presentation/widgets/face_capture_panel.dart:423:14 • undefined_class
  error • Undefined class 'CaptureMirrorTick' • docs/governance/MIRA_P5_CAPTURE_CONFIG_FRESHNESS_ROOT_CAUSE_REVIEW_2026-09-15/source/lib/features/skin_analysis/presentation/widgets/face_capture_panel.dart:424:14 • undefined_class
  error • Undefined name 'AnalysisPipelineStatus' • docs/governance/MIRA_P5_CAPTURE_CONFIG_FRESHNESS_ROOT_CAUSE_REVIEW_2026-09-15/source/lib/features/skin_analysis/presentation/widgets/face_capture_panel.dart:431:55 • undefined_identifier
  error • Undefined name 'AnalysisPipelineStatus' • docs/governance/MIRA_P5_CAPTURE_CONFIG_FRESHNESS_ROOT_CAUSE_REVIEW_2026-09-15/source/lib/features/skin_analysis/presentation/widgets/face_capture_panel.dart:432:13 • undefined_identifier
  error • The method 'AnalysisMotionOverlay' isn't defined for the type '_FaceCapturePanelState' • docs/governance/MIRA_P5_CAPTURE_CONFIG_FRESHNESS_ROOT_CAUSE_REVIEW_2026-09-15/source/lib/features/skin_analysis/presentation/widgets/face_capture_panel.dart:434:14 • undefined_method
  error • The method 'InteractiveCaptureMirrorOverlay' isn't defined for the type '_FaceCapturePanelState' • docs/governance/MIRA_P5_CAPTURE_CONFIG_FRESHNESS_ROOT_CAUSE_REVIEW_2026-09-15/source/lib/features/skin_analysis/presentation/widgets/face_capture_panel.dart:448:16 • undefined_method
  error • Undefined name 'PoseKind' • docs/governance/MIRA_P5_CAPTURE_CONFIG_FRESHNESS_ROOT_CAUSE_REVIEW_2026-09-15/source/lib/features/skin_analysis/presentation/widgets/face_capture_panel.dart:451:21 • undefined_identifier
  error • The method 'InteractiveCaptureMirrorOverlay' isn't defined for the type '_FaceCapturePanelState' • docs/governance/MIRA_P5_CAPTURE_CONFIG_FRESHNESS_ROOT_CAUSE_REVIEW_2026-09-15/source/lib/features/skin_analysis/presentation/widgets/face_capture_panel.dart:465:14 • undefined_method
  error • Undefined name 'PoseKind' • docs/governance/MIRA_P5_CAPTURE_CONFIG_FRESHNESS_ROOT_CAUSE_REVIEW_2026-09-15/source/lib/features/skin_analysis/presentation/widgets/face_capture_panel.dart:468:46 • undefined_identifier
  error • The method 'LiveFaceAnalysisOverlay' isn't defined for the type '_FaceCapturePanelState' • docs/governance/MIRA_P5_CAPTURE_CONFIG_FRESHNESS_ROOT_CAUSE_REVIEW_2026-09-15/source/lib/features/skin_analysis/presentation/widgets/face_capture_panel.dart:476:12 • undefined_method
  error • Undefined name 'FaceCaptureMirrorFlag' • docs/governance/MIRA_P5_CAPTURE_CONFIG_FRESHNESS_ROOT_CAUSE_REVIEW_2026-09-15/source/lib/features/skin_analysis/presentation/widgets/face_capture_panel.dart:495:8 • undefined_identifier
  error • Undefined name 'MiraFeatures' • docs/governance/MIRA_P5_CAPTURE_CONFIG_FRESHNESS_ROOT_CAUSE_REVIEW_2026-09-15/source/lib/features/skin_analysis/presentation/widgets/face_capture_panel.dart:495:41 • undefined_identifier
  error • Undefined class 'FaceCaptureGuidanceVm' • docs/governance/MIRA_P5_CAPTURE_CONFIG_FRESHNESS_ROOT_CAUSE_REVIEW_2026-09-15/source/lib/features/skin_analysis/presentation/widgets/face_capture_panel.dart:497:3 • undefined_class
  error • The method 'FaceCaptureGuidanceVm' isn't defined for the type '_FaceCapturePanelState' • docs/governance/MIRA_P5_CAPTURE_CONFIG_FRESHNESS_ROOT_CAUSE_REVIEW_2026-09-15/source/lib/features/skin_analysis/presentation/widgets/face_capture_panel.dart:501:12 • undefined_method
  error • Undefined name 'FaceCaptureReadinessState' • docs/governance/MIRA_P5_CAPTURE_CONFIG_FRESHNESS_ROOT_CAUSE_REVIEW_2026-09-15/source/lib/features/skin_analysis/presentation/widgets/face_capture_panel.dart:503:13 • undefined_identifier
  error • Undefined name 'FaceCaptureReadinessState' • docs/governance/MIRA_P5_CAPTURE_CONFIG_FRESHNESS_ROOT_CAUSE_REVIEW_2026-09-15/source/lib/features/skin_analysis/presentation/widgets/face_capture_panel.dart:504:13 • undefined_identifier
  error • Undefined name 'FaceCaptureTruthClass' • docs/governance/MIRA_P5_CAPTURE_CONFIG_FRESHNESS_ROOT_CAUSE_REVIEW_2026-09-15/source/lib/features/skin_analysis/presentation/widgets/face_capture_panel.dart:512:19 • undefined_identifier
  error • Undefined name 'FaceMeshQualityGate' • docs/governance/MIRA_P5_CAPTURE_CONFIG_FRESHNESS_ROOT_CAUSE_REVIEW_2026-09-15/source/lib/features/skin_analysis/presentation/widgets/face_capture_panel.dart:525:12 • undefined_identifier
  error • Undefined class 'CaptureMirrorTick' • docs/governance/MIRA_P5_CAPTURE_CONFIG_FRESHNESS_ROOT_CAUSE_REVIEW_2026-09-15/source/lib/features/skin_analysis/presentation/widgets/face_capture_panel.dart:533:3 • undefined_class
  error • Undefined class 'CaptureMirrorTick' • docs/governance/MIRA_P5_CAPTURE_CONFIG_FRESHNESS_ROOT_CAUSE_REVIEW_2026-09-15/source/lib/features/skin_analysis/presentation/widgets/face_capture_panel.dart:564:25 • undefined_class
  error • Undefined name 'CaptureMirrorHaptics' • docs/governance/MIRA_P5_CAPTURE_CONFIG_FRESHNESS_ROOT_CAUSE_REVIEW_2026-09-15/source/lib/features/skin_analysis/presentation/widgets/face_capture_panel.dart:577:9 • undefined_identifier
  error • Undefined name 'CaptureMirrorHaptics' • docs/governance/MIRA_P5_CAPTURE_CONFIG_FRESHNESS_ROOT_CAUSE_REVIEW_2026-09-15/source/lib/features/skin_analysis/presentation/widgets/face_capture_panel.dart:580:9 • undefined_identifier
  error • Undefined name 'AppColors' • docs/governance/MIRA_P5_CAPTURE_CONFIG_FRESHNESS_ROOT_CAUSE_REVIEW_2026-09-15/source/lib/features/skin_analysis/presentation/widgets/face_capture_panel.dart:618:26 • undefined_identifier
  error • The name 'FaceGateResult' isn't a type, so it can't be used as a type argument • docs/governance/MIRA_P5_CAPTURE_CONFIG_FRESHNESS_ROOT_CAUSE_REVIEW_2026-09-15/source/lib/features/skin_analysis/presentation/widgets/face_capture_panel.dart:624:10 • non_type_as_type_argument
  error • Undefined name 'FaceGateResult' • docs/governance/MIRA_P5_CAPTURE_CONFIG_FRESHNESS_ROOT_CAUSE_REVIEW_2026-09-15/source/lib/features/skin_analysis/presentation/widgets/face_capture_panel.dart:630:22 • undefined_identifier
  error • Undefined name 'FaceGateValidator' • docs/governance/MIRA_P5_CAPTURE_CONFIG_FRESHNESS_ROOT_CAUSE_REVIEW_2026-09-15/source/lib/features/skin_analysis/presentation/widgets/face_capture_panel.dart:633:26 • undefined_identifier
  error • Undefined name 'ImageQualityEvaluator' • docs/governance/MIRA_P5_CAPTURE_CONFIG_FRESHNESS_ROOT_CAUSE_REVIEW_2026-09-15/source/lib/features/skin_analysis/presentation/widgets/face_capture_panel.dart:641:29 • undefined_identifier
  error • Undefined name 'FaceGateResult' • docs/governance/MIRA_P5_CAPTURE_CONFIG_FRESHNESS_ROOT_CAUSE_REVIEW_2026-09-15/source/lib/features/skin_analysis/presentation/widgets/face_capture_panel.dart:647:16 • undefined_identifier
  error • Undefined name 'FaceMeshQualityGate' • docs/governance/MIRA_P5_CAPTURE_CONFIG_FRESHNESS_ROOT_CAUSE_REVIEW_2026-09-15/source/lib/features/skin_analysis/presentation/widgets/face_capture_panel.dart:656:12 • undefined_identifier
  error • Undefined name 'FaceGateResult' • docs/governance/MIRA_P5_CAPTURE_CONFIG_FRESHNESS_ROOT_CAUSE_REVIEW_2026-09-15/source/lib/features/skin_analysis/presentation/widgets/face_capture_panel.dart:660:22 • undefined_identifier
  error • Undefined class 'FaceGateResult' • docs/governance/MIRA_P5_CAPTURE_CONFIG_FRESHNESS_ROOT_CAUSE_REVIEW_2026-09-15/source/lib/features/skin_analysis/presentation/widgets/face_capture_panel.dart:673:52 • undefined_class
  error • Undefined name 'FaceImageProcessor' • docs/governance/MIRA_P5_CAPTURE_CONFIG_FRESHNESS_ROOT_CAUSE_REVIEW_2026-09-15/source/lib/features/skin_analysis/presentation/widgets/face_capture_panel.dart:679:27 • undefined_identifier
  error • Undefined name 'CaptureLatchPhase' • docs/governance/MIRA_P5_CAPTURE_CONFIG_FRESHNESS_ROOT_CAUSE_REVIEW_2026-09-15/source/lib/features/skin_analysis/presentation/widgets/face_capture_panel.dart:730:57 • undefined_identifier
  error • Undefined name 'CaptureMirrorHaptics' • docs/governance/MIRA_P5_CAPTURE_CONFIG_FRESHNESS_ROOT_CAUSE_REVIEW_2026-09-15/source/lib/features/skin_analysis/presentation/widgets/face_capture_panel.dart:744:15 • undefined_identifier
  error • Undefined name 'AppColors' • docs/governance/MIRA_P5_CAPTURE_CONFIG_FRESHNESS_ROOT_CAUSE_REVIEW_2026-09-15/source/lib/features/skin_analysis/presentation/widgets/face_capture_panel.dart:773:28 • undefined_identifier
  error • Invalid constant value • docs/governance/MIRA_P5_CAPTURE_CONFIG_FRESHNESS_ROOT_CAUSE_REVIEW_2026-09-15/source/lib/features/skin_analysis/presentation/widgets/face_capture_panel.dart:906:52 • invalid_constant
  error • Undefined name 'AppColors' • docs/governance/MIRA_P5_CAPTURE_CONFIG_FRESHNESS_ROOT_CAUSE_REVIEW_2026-09-15/source/lib/features/skin_analysis/presentation/widgets/face_capture_panel.dart:906:52 • undefined_identifier
  error • Undefined name 'AppTypography' • docs/governance/MIRA_P5_CAPTURE_CONFIG_FRESHNESS_ROOT_CAUSE_REVIEW_2026-09-15/source/lib/features/skin_analysis/presentation/widgets/face_capture_panel.dart:910:22 • undefined_identifier
  error • Undefined name 'AppColors' • docs/governance/MIRA_P5_CAPTURE_CONFIG_FRESHNESS_ROOT_CAUSE_REVIEW_2026-09-15/source/lib/features/skin_analysis/presentation/widgets/face_capture_panel.dart:910:63 • undefined_identifier
  error • Invalid constant value • docs/governance/MIRA_P5_CAPTURE_CONFIG_FRESHNESS_ROOT_CAUSE_REVIEW_2026-09-15/source/lib/features/skin_analysis/presentation/widgets/face_capture_panel.dart:924:61 • invalid_constant
  error • Undefined name 'AppColors' • docs/governance/MIRA_P5_CAPTURE_CONFIG_FRESHNESS_ROOT_CAUSE_REVIEW_2026-09-15/source/lib/features/skin_analysis/presentation/widgets/face_capture_panel.dart:924:61 • undefined_identifier
  error • Undefined name 'AppTypography' • docs/governance/MIRA_P5_CAPTURE_CONFIG_FRESHNESS_ROOT_CAUSE_REVIEW_2026-09-15/source/lib/features/skin_analysis/presentation/widgets/face_capture_panel.dart:929:24 • undefined_identifier
  error • Undefined name 'AppColors' • docs/governance/MIRA_P5_CAPTURE_CONFIG_FRESHNESS_ROOT_CAUSE_REVIEW_2026-09-15/source/lib/features/skin_analysis/presentation/widgets/face_capture_panel.dart:929:65 • undefined_identifier
  error • Undefined name 'LiveCameraOverlayState' • docs/governance/MIRA_P5_CAPTURE_CONFIG_FRESHNESS_ROOT_CAUSE_REVIEW_2026-09-15/source/lib/features/skin_analysis/presentation/widgets/face_capture_panel.dart:968:19 • undefined_identifier
  error • Undefined name 'LiveCameraOverlayState' • docs/governance/MIRA_P5_CAPTURE_CONFIG_FRESHNESS_ROOT_CAUSE_REVIEW_2026-09-15/source/lib/features/skin_analysis/presentation/widgets/face_capture_panel.dart:970:23 • undefined_identifier
  error • Undefined name 'LiveCameraOverlayState' • docs/governance/MIRA_P5_CAPTURE_CONFIG_FRESHNESS_ROOT_CAUSE_REVIEW_2026-09-15/source/lib/features/skin_analysis/presentation/widgets/face_capture_panel.dart:972:27 • undefined_identifier
  error • Undefined name 'LiveCameraOverlayState' • docs/governance/MIRA_P5_CAPTURE_CONFIG_FRESHNESS_ROOT_CAUSE_REVIEW_2026-09-15/source/lib/features/skin_analysis/presentation/widgets/face_capture_panel.dart:973:27 • undefined_identifier
  error • Undefined name 'FaceImageProcessor' • docs/governance/MIRA_P5_CAPTURE_CONFIG_FRESHNESS_ROOT_CAUSE_REVIEW_2026-09-15/source/lib/features/skin_analysis/presentation/widgets/face_capture_panel.dart:996:25 • undefined_identifier
  error • Undefined name 'FaceImageProcessor' • docs/governance/MIRA_P5_CAPTURE_CONFIG_FRESHNESS_ROOT_CAUSE_REVIEW_2026-09-15/source/lib/features/skin_analysis/presentation/widgets/face_capture_panel.dart:1096:26 • undefined_identifier
  error • Undefined name 'FaceImageProcessor' • docs/governance/MIRA_P5_CAPTURE_CONFIG_FRESHNESS_ROOT_CAUSE_REVIEW_2026-09-15/source/lib/features/skin_analysis/presentation/widgets/face_capture_panel.dart:1097:27 • undefined_identifier
  error • Invalid constant value • docs/governance/MIRA_P5_CAPTURE_CONFIG_FRESHNESS_ROOT_CAUSE_REVIEW_2026-09-15/source/lib/features/skin_analysis/presentation/widgets/face_capture_panel.dart:1135:49 • invalid_constant
  error • Undefined name 'AppColors' • docs/governance/MIRA_P5_CAPTURE_CONFIG_FRESHNESS_ROOT_CAUSE_REVIEW_2026-09-15/source/lib/features/skin_analysis/presentation/widgets/face_capture_panel.dart:1135:49 • undefined_identifier
  error • Undefined name 'CaptureMirrorTokens' • docs/governance/MIRA_P5_CAPTURE_CONFIG_FRESHNESS_ROOT_CAUSE_REVIEW_2026-09-15/source/lib/features/skin_analysis/presentation/widgets/face_capture_panel.dart:1177:32 • undefined_identifier
  error • Undefined name 'AppColors' • docs/governance/MIRA_P5_CAPTURE_CONFIG_FRESHNESS_ROOT_CAUSE_REVIEW_2026-09-15/source/lib/features/skin_analysis/presentation/widgets/face_capture_panel.dart:1177:66 • undefined_identifier
  error • Undefined name 'AppColors' • docs/governance/MIRA_P5_CAPTURE_CONFIG_FRESHNESS_ROOT_CAUSE_REVIEW_2026-09-15/source/lib/features/skin_analysis/presentation/widgets/face_capture_panel.dart:1197:39 • undefined_identifier
  error • Undefined name 'AppColors' • docs/governance/MIRA_P5_CAPTURE_CONFIG_FRESHNESS_ROOT_CAUSE_REVIEW_2026-09-15/source/lib/features/skin_analysis/presentation/widgets/face_capture_panel.dart:1219:43 • undefined_identifier
  error • Undefined name 'AppColors' • docs/governance/MIRA_P5_CAPTURE_CONFIG_FRESHNESS_ROOT_CAUSE_REVIEW_2026-09-15/source/lib/features/skin_analysis/presentation/widgets/face_capture_panel.dart:1261:26 • undefined_identifier
  error • Undefined name 'AppColors' • docs/governance/MIRA_P5_CAPTURE_CONFIG_FRESHNESS_ROOT_CAUSE_REVIEW_2026-09-15/source/lib/features/skin_analysis/presentation/widgets/face_capture_panel.dart:1266:24 • undefined_identifier
  error • Undefined name 'AppTypography' • docs/governance/MIRA_P5_CAPTURE_CONFIG_FRESHNESS_ROOT_CAUSE_REVIEW_2026-09-15/source/lib/features/skin_analysis/presentation/widgets/face_capture_panel.dart:1273:22 • undefined_identifier
  error • Undefined name 'AppColors' • docs/governance/MIRA_P5_CAPTURE_CONFIG_FRESHNESS_ROOT_CAUSE_REVIEW_2026-09-15/source/lib/features/skin_analysis/presentation/widgets/face_capture_panel.dart:1274:24 • undefined_identifier
  error • Target of URI doesn't exist: '../../../../core/config/mira_features.dart' • docs/governance/MIRA_P5_CAPTURE_ROOT_CAUSE_AND_DEVICE_PROOF_2026-09-15/source/face_capture_panel.dart:9:8 • uri_does_not_exist
  error • Target of URI doesn't exist: '../../../../core/face_gate/face_gate_result.dart' • docs/governance/MIRA_P5_CAPTURE_ROOT_CAUSE_AND_DEVICE_PROOF_2026-09-15/source/face_capture_panel.dart:10:8 • uri_does_not_exist
  error • Target of URI doesn't exist: '../../../../core/face_gate/face_gate_validator.dart' • docs/governance/MIRA_P5_CAPTURE_ROOT_CAUSE_AND_DEVICE_PROOF_2026-09-15/source/face_capture_panel.dart:11:8 • uri_does_not_exist
  error • Target of URI doesn't exist: '../../../face_analysis_experience/capture/capture.dart' • docs/governance/MIRA_P5_CAPTURE_ROOT_CAUSE_AND_DEVICE_PROOF_2026-09-15/source/face_capture_panel.dart:12:8 • uri_does_not_exist
  error • Target of URI doesn't exist: '../../../face_analysis_experience/presentation/analysis/analysis_motion.dart' • docs/governance/MIRA_P5_CAPTURE_ROOT_CAUSE_AND_DEVICE_PROOF_2026-09-15/source/face_capture_panel.dart:13:8 • uri_does_not_exist
  error • Target of URI doesn't exist: '../../../face_analysis_experience/presentation/capture/capture_mirror.dart' • docs/governance/MIRA_P5_CAPTURE_ROOT_CAUSE_AND_DEVICE_PROOF_2026-09-15/source/face_capture_panel.dart:14:8 • uri_does_not_exist
  error • Target of URI doesn't exist: '../../domain/image_quality/image_quality_evaluator.dart' • docs/governance/MIRA_P5_CAPTURE_ROOT_CAUSE_AND_DEVICE_PROOF_2026-09-15/source/face_capture_panel.dart:15:8 • uri_does_not_exist
  error • Target of URI doesn't exist: '../capture/perfect_camera_kit_gate.dart' • docs/governance/MIRA_P5_CAPTURE_ROOT_CAUSE_AND_DEVICE_PROOF_2026-09-15/source/face_capture_panel.dart:16:8 • uri_does_not_exist
  error • Target of URI doesn't exist: '../live_face_map/face_mapping_context.dart' • docs/governance/MIRA_P5_CAPTURE_ROOT_CAUSE_AND_DEVICE_PROOF_2026-09-15/source/face_capture_panel.dart:17:8 • uri_does_not_exist
  error • Target of URI doesn't exist: '../live_face_map/face_mesh_quality_gate.dart' • docs/governance/MIRA_P5_CAPTURE_ROOT_CAUSE_AND_DEVICE_PROOF_2026-09-15/source/face_capture_panel.dart:18:8 • uri_does_not_exist
  error • Target of URI doesn't exist: '../live_face_map/live_face_overlay_controller.dart' • docs/governance/MIRA_P5_CAPTURE_ROOT_CAUSE_AND_DEVICE_PROOF_2026-09-15/source/face_capture_panel.dart:19:8 • uri_does_not_exist
  error • Target of URI doesn't exist: '../live_face_map/models/face_mesh_models.dart' • docs/governance/MIRA_P5_CAPTURE_ROOT_CAUSE_AND_DEVICE_PROOF_2026-09-15/source/face_capture_panel.dart:20:8 • uri_does_not_exist
  error • Target of URI doesn't exist: '../live_face_map/scan_region_animation.dart' • docs/governance/MIRA_P5_CAPTURE_ROOT_CAUSE_AND_DEVICE_PROOF_2026-09-15/source/face_capture_panel.dart:21:8 • uri_does_not_exist
  error • Target of URI doesn't exist: '../live_face_map/widgets/live_face_analysis_overlay.dart' • docs/governance/MIRA_P5_CAPTURE_ROOT_CAUSE_AND_DEVICE_PROOF_2026-09-15/source/face_capture_panel.dart:22:8 • uri_does_not_exist
  error • Target of URI doesn't exist: '../../../../shared/theme/colors.dart' • docs/governance/MIRA_P5_CAPTURE_ROOT_CAUSE_AND_DEVICE_PROOF_2026-09-15/source/face_capture_panel.dart:23:8 • uri_does_not_exist
  error • Target of URI doesn't exist: '../../../../shared/theme/typography.dart' • docs/governance/MIRA_P5_CAPTURE_ROOT_CAUSE_AND_DEVICE_PROOF_2026-09-15/source/face_capture_panel.dart:24:8 • uri_does_not_exist
  error • Target of URI doesn't exist: '../utils/face_image_processor.dart' • docs/governance/MIRA_P5_CAPTURE_ROOT_CAUSE_AND_DEVICE_PROOF_2026-09-15/source/face_capture_panel.dart:25:8 • uri_does_not_exist
  error • Undefined class 'AnalysisPipelineStatus' • docs/governance/MIRA_P5_CAPTURE_ROOT_CAUSE_AND_DEVICE_PROOF_2026-09-15/source/face_capture_panel.dart:35:9 • undefined_class
  error • Undefined name 'AnalysisPipelineStatus' • docs/governance/MIRA_P5_CAPTURE_ROOT_CAUSE_AND_DEVICE_PROOF_2026-09-15/source/face_capture_panel.dart:45:35 • undefined_identifier
  error • Undefined class 'LiveFaceOverlayController' • docs/governance/MIRA_P5_CAPTURE_ROOT_CAUSE_AND_DEVICE_PROOF_2026-09-15/source/face_capture_panel.dart:68:14 • undefined_class
  error • Undefined class 'CaptureMirrorCoordinator' • docs/governance/MIRA_P5_CAPTURE_ROOT_CAUSE_AND_DEVICE_PROOF_2026-09-15/source/face_capture_panel.dart:73:3 • undefined_class
  error • Undefined class 'FaceCaptureGuidanceVm' • docs/governance/MIRA_P5_CAPTURE_ROOT_CAUSE_AND_DEVICE_PROOF_2026-09-15/source/face_capture_panel.dart:74:3 • undefined_class
  error • Undefined name 'ScanRegionAnimation' • docs/governance/MIRA_P5_CAPTURE_ROOT_CAUSE_AND_DEVICE_PROOF_2026-09-15/source/face_capture_panel.dart:100:17 • undefined_identifier
  error • Undefined name 'ScanRegionAnimation' • docs/governance/MIRA_P5_CAPTURE_ROOT_CAUSE_AND_DEVICE_PROOF_2026-09-15/source/face_capture_panel.dart:104:17 • undefined_identifier
  error • The method 'LiveFaceOverlayController' isn't defined for the type '_FaceCapturePanelState' • docs/governance/MIRA_P5_CAPTURE_ROOT_CAUSE_AND_DEVICE_PROOF_2026-09-15/source/face_capture_panel.dart:110:30 • undefined_method
  error • Undefined name 'FaceCaptureMirrorFlag' • docs/governance/MIRA_P5_CAPTURE_ROOT_CAUSE_AND_DEVICE_PROOF_2026-09-15/source/face_capture_panel.dart:112:9 • undefined_identifier
  error • Undefined name 'MiraFeatures' • docs/governance/MIRA_P5_CAPTURE_ROOT_CAUSE_AND_DEVICE_PROOF_2026-09-15/source/face_capture_panel.dart:113:9 • undefined_identifier
  error • The method 'CaptureMirrorCoordinator' isn't defined for the type '_FaceCapturePanelState' • docs/governance/MIRA_P5_CAPTURE_ROOT_CAUSE_AND_DEVICE_PROOF_2026-09-15/source/face_capture_panel.dart:114:28 • undefined_method
  error • Undefined name 'PerfectCameraKitGate' • docs/governance/MIRA_P5_CAPTURE_ROOT_CAUSE_AND_DEVICE_PROOF_2026-09-15/source/face_capture_panel.dart:116:5 • undefined_identifier
  error • Undefined name 'PerfectCameraKitGate' • docs/governance/MIRA_P5_CAPTURE_ROOT_CAUSE_AND_DEVICE_PROOF_2026-09-15/source/face_capture_panel.dart:121:9 • undefined_identifier
  error • Undefined name 'PerfectCameraKitGate' • docs/governance/MIRA_P5_CAPTURE_ROOT_CAUSE_AND_DEVICE_PROOF_2026-09-15/source/face_capture_panel.dart:122:24 • undefined_identifier
  error • Undefined name 'PerfectCameraKitGate' • docs/governance/MIRA_P5_CAPTURE_ROOT_CAUSE_AND_DEVICE_PROOF_2026-09-15/source/face_capture_panel.dart:130:18 • undefined_identifier
  error • Undefined name 'PerfectCameraKitGate' • docs/governance/MIRA_P5_CAPTURE_ROOT_CAUSE_AND_DEVICE_PROOF_2026-09-15/source/face_capture_panel.dart:174:5 • undefined_identifier
  error • Undefined name 'PerfectCameraKitGate' • docs/governance/MIRA_P5_CAPTURE_ROOT_CAUSE_AND_DEVICE_PROOF_2026-09-15/source/face_capture_panel.dart:175:15 • undefined_identifier
  error • Undefined class 'PerfectCameraKitQuality' • docs/governance/MIRA_P5_CAPTURE_ROOT_CAUSE_AND_DEVICE_PROOF_2026-09-15/source/face_capture_panel.dart:187:28 • undefined_class
  error • Undefined name 'PerfectCameraKitGate' • docs/governance/MIRA_P5_CAPTURE_ROOT_CAUSE_AND_DEVICE_PROOF_2026-09-15/source/face_capture_panel.dart:190:22 • undefined_identifier
  error • Undefined name 'PerfectCameraKitGate' • docs/governance/MIRA_P5_CAPTURE_ROOT_CAUSE_AND_DEVICE_PROOF_2026-09-15/source/face_capture_panel.dart:201:9 • undefined_identifier
  error • Undefined name 'PerfectCameraKitGate' • docs/governance/MIRA_P5_CAPTURE_ROOT_CAUSE_AND_DEVICE_PROOF_2026-09-15/source/face_capture_panel.dart:291:15 • undefined_identifier
  error • Undefined name 'PerfectCameraKitGate' • docs/governance/MIRA_P5_CAPTURE_ROOT_CAUSE_AND_DEVICE_PROOF_2026-09-15/source/face_capture_panel.dart:352:9 • undefined_identifier
  error • The method 'FaceMappingContext' isn't defined for the type '_FaceCapturePanelState' • docs/governance/MIRA_P5_CAPTURE_ROOT_CAUSE_AND_DEVICE_PROOF_2026-09-15/source/face_capture_panel.dart:367:16 • undefined_method
  error • Undefined name 'FaceImageProcessor' • docs/governance/MIRA_P5_CAPTURE_ROOT_CAUSE_AND_DEVICE_PROOF_2026-09-15/source/face_capture_panel.dart:383:27 • undefined_identifier
  error • Undefined name 'FaceImageProcessor' • docs/governance/MIRA_P5_CAPTURE_ROOT_CAUSE_AND_DEVICE_PROOF_2026-09-15/source/face_capture_panel.dart:391:33 • undefined_identifier
  error • The method 'FaceMappingContext' isn't defined for the type '_FaceCapturePanelState' • docs/governance/MIRA_P5_CAPTURE_ROOT_CAUSE_AND_DEVICE_PROOF_2026-09-15/source/face_capture_panel.dart:395:18 • undefined_method
  error • Undefined name 'FaceAnalysisMotionFlag' • docs/governance/MIRA_P5_CAPTURE_ROOT_CAUSE_AND_DEVICE_PROOF_2026-09-15/source/face_capture_panel.dart:412:30 • undefined_identifier
  error • Undefined class 'LiveCameraOverlayState' • docs/governance/MIRA_P5_CAPTURE_ROOT_CAUSE_AND_DEVICE_PROOF_2026-09-15/source/face_capture_panel.dart:417:14 • undefined_class
  error • Undefined class 'FaceCaptureGuidanceVm' • docs/governance/MIRA_P5_CAPTURE_ROOT_CAUSE_AND_DEVICE_PROOF_2026-09-15/source/face_capture_panel.dart:418:14 • undefined_class
  error • Undefined class 'CaptureMirrorTick' • docs/governance/MIRA_P5_CAPTURE_ROOT_CAUSE_AND_DEVICE_PROOF_2026-09-15/source/face_capture_panel.dart:419:14 • undefined_class
  error • Undefined name 'AnalysisPipelineStatus' • docs/governance/MIRA_P5_CAPTURE_ROOT_CAUSE_AND_DEVICE_PROOF_2026-09-15/source/face_capture_panel.dart:426:55 • undefined_identifier
  error • Undefined name 'AnalysisPipelineStatus' • docs/governance/MIRA_P5_CAPTURE_ROOT_CAUSE_AND_DEVICE_PROOF_2026-09-15/source/face_capture_panel.dart:427:13 • undefined_identifier
  error • The method 'AnalysisMotionOverlay' isn't defined for the type '_FaceCapturePanelState' • docs/governance/MIRA_P5_CAPTURE_ROOT_CAUSE_AND_DEVICE_PROOF_2026-09-15/source/face_capture_panel.dart:429:14 • undefined_method
  error • The method 'InteractiveCaptureMirrorOverlay' isn't defined for the type '_FaceCapturePanelState' • docs/governance/MIRA_P5_CAPTURE_ROOT_CAUSE_AND_DEVICE_PROOF_2026-09-15/source/face_capture_panel.dart:443:16 • undefined_method
  error • Undefined name 'PoseKind' • docs/governance/MIRA_P5_CAPTURE_ROOT_CAUSE_AND_DEVICE_PROOF_2026-09-15/source/face_capture_panel.dart:446:21 • undefined_identifier
  error • The method 'InteractiveCaptureMirrorOverlay' isn't defined for the type '_FaceCapturePanelState' • docs/governance/MIRA_P5_CAPTURE_ROOT_CAUSE_AND_DEVICE_PROOF_2026-09-15/source/face_capture_panel.dart:460:14 • undefined_method
  error • Undefined name 'PoseKind' • docs/governance/MIRA_P5_CAPTURE_ROOT_CAUSE_AND_DEVICE_PROOF_2026-09-15/source/face_capture_panel.dart:463:46 • undefined_identifier
  error • The method 'LiveFaceAnalysisOverlay' isn't defined for the type '_FaceCapturePanelState' • docs/governance/MIRA_P5_CAPTURE_ROOT_CAUSE_AND_DEVICE_PROOF_2026-09-15/source/face_capture_panel.dart:471:12 • undefined_method
  error • Undefined name 'FaceCaptureMirrorFlag' • docs/governance/MIRA_P5_CAPTURE_ROOT_CAUSE_AND_DEVICE_PROOF_2026-09-15/source/face_capture_panel.dart:490:8 • undefined_identifier
  error • Undefined name 'MiraFeatures' • docs/governance/MIRA_P5_CAPTURE_ROOT_CAUSE_AND_DEVICE_PROOF_2026-09-15/source/face_capture_panel.dart:490:41 • undefined_identifier
  error • Undefined class 'FaceCaptureGuidanceVm' • docs/governance/MIRA_P5_CAPTURE_ROOT_CAUSE_AND_DEVICE_PROOF_2026-09-15/source/face_capture_panel.dart:492:3 • undefined_class
  error • Undefined name 'PerfectCameraKitGate' • docs/governance/MIRA_P5_CAPTURE_ROOT_CAUSE_AND_DEVICE_PROOF_2026-09-15/source/face_capture_panel.dart:494:19 • undefined_identifier
  error • The method 'FaceCaptureGuidanceVm' isn't defined for the type '_FaceCapturePanelState' • docs/governance/MIRA_P5_CAPTURE_ROOT_CAUSE_AND_DEVICE_PROOF_2026-09-15/source/face_capture_panel.dart:496:12 • undefined_method
  error • Undefined name 'FaceCaptureReadinessState' • docs/governance/MIRA_P5_CAPTURE_ROOT_CAUSE_AND_DEVICE_PROOF_2026-09-15/source/face_capture_panel.dart:498:13 • undefined_identifier
  error • Undefined name 'FaceCaptureReadinessState' • docs/governance/MIRA_P5_CAPTURE_ROOT_CAUSE_AND_DEVICE_PROOF_2026-09-15/source/face_capture_panel.dart:499:13 • undefined_identifier
  error • Undefined name 'PerfectCameraKitGate' • docs/governance/MIRA_P5_CAPTURE_ROOT_CAUSE_AND_DEVICE_PROOF_2026-09-15/source/face_capture_panel.dart:506:28 • undefined_identifier
  error • Undefined name 'FaceCaptureTruthClass' • docs/governance/MIRA_P5_CAPTURE_ROOT_CAUSE_AND_DEVICE_PROOF_2026-09-15/source/face_capture_panel.dart:507:19 • undefined_identifier
  error • Undefined name 'PerfectCameraKitGate' • docs/governance/MIRA_P5_CAPTURE_ROOT_CAUSE_AND_DEVICE_PROOF_2026-09-15/source/face_capture_panel.dart:515:14 • undefined_identifier
  error • Undefined name 'FaceMeshQualityGate' • docs/governance/MIRA_P5_CAPTURE_ROOT_CAUSE_AND_DEVICE_PROOF_2026-09-15/source/face_capture_panel.dart:520:12 • undefined_identifier
  error • Undefined class 'CaptureMirrorTick' • docs/governance/MIRA_P5_CAPTURE_ROOT_CAUSE_AND_DEVICE_PROOF_2026-09-15/source/face_capture_panel.dart:528:3 • undefined_class
  error • Undefined class 'CaptureMirrorTick' • docs/governance/MIRA_P5_CAPTURE_ROOT_CAUSE_AND_DEVICE_PROOF_2026-09-15/source/face_capture_panel.dart:559:25 • undefined_class
  error • Undefined name 'CaptureMirrorHaptics' • docs/governance/MIRA_P5_CAPTURE_ROOT_CAUSE_AND_DEVICE_PROOF_2026-09-15/source/face_capture_panel.dart:572:9 • undefined_identifier
  error • Undefined name 'CaptureMirrorHaptics' • docs/governance/MIRA_P5_CAPTURE_ROOT_CAUSE_AND_DEVICE_PROOF_2026-09-15/source/face_capture_panel.dart:575:9 • undefined_identifier
  error • Undefined name 'AppColors' • docs/governance/MIRA_P5_CAPTURE_ROOT_CAUSE_AND_DEVICE_PROOF_2026-09-15/source/face_capture_panel.dart:613:26 • undefined_identifier
  error • The name 'FaceGateResult' isn't a type, so it can't be used as a type argument • docs/governance/MIRA_P5_CAPTURE_ROOT_CAUSE_AND_DEVICE_PROOF_2026-09-15/source/face_capture_panel.dart:619:10 • non_type_as_type_argument
  error • Undefined name 'FaceGateResult' • docs/governance/MIRA_P5_CAPTURE_ROOT_CAUSE_AND_DEVICE_PROOF_2026-09-15/source/face_capture_panel.dart:625:22 • undefined_identifier
  error • Undefined name 'FaceGateValidator' • docs/governance/MIRA_P5_CAPTURE_ROOT_CAUSE_AND_DEVICE_PROOF_2026-09-15/source/face_capture_panel.dart:628:26 • undefined_identifier
  error • Undefined name 'ImageQualityEvaluator' • docs/governance/MIRA_P5_CAPTURE_ROOT_CAUSE_AND_DEVICE_PROOF_2026-09-15/source/face_capture_panel.dart:636:29 • undefined_identifier
  error • Undefined name 'FaceGateResult' • docs/governance/MIRA_P5_CAPTURE_ROOT_CAUSE_AND_DEVICE_PROOF_2026-09-15/source/face_capture_panel.dart:642:16 • undefined_identifier
  error • Undefined name 'FaceMeshQualityGate' • docs/governance/MIRA_P5_CAPTURE_ROOT_CAUSE_AND_DEVICE_PROOF_2026-09-15/source/face_capture_panel.dart:651:12 • undefined_identifier
  error • Undefined name 'FaceGateResult' • docs/governance/MIRA_P5_CAPTURE_ROOT_CAUSE_AND_DEVICE_PROOF_2026-09-15/source/face_capture_panel.dart:655:22 • undefined_identifier
  error • Undefined class 'FaceGateResult' • docs/governance/MIRA_P5_CAPTURE_ROOT_CAUSE_AND_DEVICE_PROOF_2026-09-15/source/face_capture_panel.dart:668:52 • undefined_class
  error • Undefined name 'FaceImageProcessor' • docs/governance/MIRA_P5_CAPTURE_ROOT_CAUSE_AND_DEVICE_PROOF_2026-09-15/source/face_capture_panel.dart:674:27 • undefined_identifier
  error • Undefined name 'PerfectCameraKitGate' • docs/governance/MIRA_P5_CAPTURE_ROOT_CAUSE_AND_DEVICE_PROOF_2026-09-15/source/face_capture_panel.dart:692:25 • undefined_identifier
  error • Undefined name 'PerfectCameraKitGate' • docs/governance/MIRA_P5_CAPTURE_ROOT_CAUSE_AND_DEVICE_PROOF_2026-09-15/source/face_capture_panel.dart:695:20 • undefined_identifier
  error • Undefined name 'PerfectCameraKitGate' • docs/governance/MIRA_P5_CAPTURE_ROOT_CAUSE_AND_DEVICE_PROOF_2026-09-15/source/face_capture_panel.dart:696:21 • undefined_identifier
  error • Undefined name 'PerfectCameraKitGate' • docs/governance/MIRA_P5_CAPTURE_ROOT_CAUSE_AND_DEVICE_PROOF_2026-09-15/source/face_capture_panel.dart:697:14 • undefined_identifier
  error • Undefined name 'PerfectCameraKitGate' • docs/governance/MIRA_P5_CAPTURE_ROOT_CAUSE_AND_DEVICE_PROOF_2026-09-15/source/face_capture_panel.dart:698:14 • undefined_identifier
  error • Undefined name 'PerfectCameraKitGate' • docs/governance/MIRA_P5_CAPTURE_ROOT_CAUSE_AND_DEVICE_PROOF_2026-09-15/source/face_capture_panel.dart:705:24 • undefined_identifier
  error • Undefined name 'CaptureLatchPhase' • docs/governance/MIRA_P5_CAPTURE_ROOT_CAUSE_AND_DEVICE_PROOF_2026-09-15/source/face_capture_panel.dart:718:57 • undefined_identifier
  error • Undefined name 'CaptureMirrorHaptics' • docs/governance/MIRA_P5_CAPTURE_ROOT_CAUSE_AND_DEVICE_PROOF_2026-09-15/source/face_capture_panel.dart:732:15 • undefined_identifier
  error • Undefined name 'AppColors' • docs/governance/MIRA_P5_CAPTURE_ROOT_CAUSE_AND_DEVICE_PROOF_2026-09-15/source/face_capture_panel.dart:761:28 • undefined_identifier
  error • Invalid constant value • docs/governance/MIRA_P5_CAPTURE_ROOT_CAUSE_AND_DEVICE_PROOF_2026-09-15/source/face_capture_panel.dart:894:52 • invalid_constant
  error • Undefined name 'AppColors' • docs/governance/MIRA_P5_CAPTURE_ROOT_CAUSE_AND_DEVICE_PROOF_2026-09-15/source/face_capture_panel.dart:894:52 • undefined_identifier
  error • Undefined name 'AppTypography' • docs/governance/MIRA_P5_CAPTURE_ROOT_CAUSE_AND_DEVICE_PROOF_2026-09-15/source/face_capture_panel.dart:898:22 • undefined_identifier
  error • Undefined name 'AppColors' • docs/governance/MIRA_P5_CAPTURE_ROOT_CAUSE_AND_DEVICE_PROOF_2026-09-15/source/face_capture_panel.dart:898:63 • undefined_identifier
  error • Invalid constant value • docs/governance/MIRA_P5_CAPTURE_ROOT_CAUSE_AND_DEVICE_PROOF_2026-09-15/source/face_capture_panel.dart:912:61 • invalid_constant
  error • Undefined name 'AppColors' • docs/governance/MIRA_P5_CAPTURE_ROOT_CAUSE_AND_DEVICE_PROOF_2026-09-15/source/face_capture_panel.dart:912:61 • undefined_identifier
  error • Undefined name 'AppTypography' • docs/governance/MIRA_P5_CAPTURE_ROOT_CAUSE_AND_DEVICE_PROOF_2026-09-15/source/face_capture_panel.dart:917:24 • undefined_identifier
  error • Undefined name 'AppColors' • docs/governance/MIRA_P5_CAPTURE_ROOT_CAUSE_AND_DEVICE_PROOF_2026-09-15/source/face_capture_panel.dart:917:65 • undefined_identifier
  error • Undefined name 'LiveCameraOverlayState' • docs/governance/MIRA_P5_CAPTURE_ROOT_CAUSE_AND_DEVICE_PROOF_2026-09-15/source/face_capture_panel.dart:956:19 • undefined_identifier
  error • Undefined name 'LiveCameraOverlayState' • docs/governance/MIRA_P5_CAPTURE_ROOT_CAUSE_AND_DEVICE_PROOF_2026-09-15/source/face_capture_panel.dart:958:23 • undefined_identifier
  error • Undefined name 'LiveCameraOverlayState' • docs/governance/MIRA_P5_CAPTURE_ROOT_CAUSE_AND_DEVICE_PROOF_2026-09-15/source/face_capture_panel.dart:960:27 • undefined_identifier
  error • Undefined name 'LiveCameraOverlayState' • docs/governance/MIRA_P5_CAPTURE_ROOT_CAUSE_AND_DEVICE_PROOF_2026-09-15/source/face_capture_panel.dart:961:27 • undefined_identifier
  error • Undefined name 'FaceImageProcessor' • docs/governance/MIRA_P5_CAPTURE_ROOT_CAUSE_AND_DEVICE_PROOF_2026-09-15/source/face_capture_panel.dart:984:25 • undefined_identifier
  error • Undefined name 'FaceImageProcessor' • docs/governance/MIRA_P5_CAPTURE_ROOT_CAUSE_AND_DEVICE_PROOF_2026-09-15/source/face_capture_panel.dart:1084:26 • undefined_identifier
  error • Undefined name 'FaceImageProcessor' • docs/governance/MIRA_P5_CAPTURE_ROOT_CAUSE_AND_DEVICE_PROOF_2026-09-15/source/face_capture_panel.dart:1085:27 • undefined_identifier
  error • Invalid constant value • docs/governance/MIRA_P5_CAPTURE_ROOT_CAUSE_AND_DEVICE_PROOF_2026-09-15/source/face_capture_panel.dart:1123:49 • invalid_constant
  error • Undefined name 'AppColors' • docs/governance/MIRA_P5_CAPTURE_ROOT_CAUSE_AND_DEVICE_PROOF_2026-09-15/source/face_capture_panel.dart:1123:49 • undefined_identifier
  error • Undefined name 'CaptureMirrorTokens' • docs/governance/MIRA_P5_CAPTURE_ROOT_CAUSE_AND_DEVICE_PROOF_2026-09-15/source/face_capture_panel.dart:1165:32 • undefined_identifier
  error • Undefined name 'AppColors' • docs/governance/MIRA_P5_CAPTURE_ROOT_CAUSE_AND_DEVICE_PROOF_2026-09-15/source/face_capture_panel.dart:1165:66 • undefined_identifier
  error • Undefined name 'AppColors' • docs/governance/MIRA_P5_CAPTURE_ROOT_CAUSE_AND_DEVICE_PROOF_2026-09-15/source/face_capture_panel.dart:1185:39 • undefined_identifier
  error • Undefined name 'AppColors' • docs/governance/MIRA_P5_CAPTURE_ROOT_CAUSE_AND_DEVICE_PROOF_2026-09-15/source/face_capture_panel.dart:1207:43 • undefined_identifier
  error • Undefined name 'AppColors' • docs/governance/MIRA_P5_CAPTURE_ROOT_CAUSE_AND_DEVICE_PROOF_2026-09-15/source/face_capture_panel.dart:1249:26 • undefined_identifier
  error • Undefined name 'AppColors' • docs/governance/MIRA_P5_CAPTURE_ROOT_CAUSE_AND_DEVICE_PROOF_2026-09-15/source/face_capture_panel.dart:1254:24 • undefined_identifier
  error • Undefined name 'AppTypography' • docs/governance/MIRA_P5_CAPTURE_ROOT_CAUSE_AND_DEVICE_PROOF_2026-09-15/source/face_capture_panel.dart:1261:22 • undefined_identifier
  error • Undefined name 'AppColors' • docs/governance/MIRA_P5_CAPTURE_ROOT_CAUSE_AND_DEVICE_PROOF_2026-09-15/source/face_capture_panel.dart:1262:24 • undefined_identifier
  error • Target of URI doesn't exist: '../../../../core/face_gate/face_gate_result.dart' • docs/governance/MIRA_UX_CAPTURE_MAP_BG_IMPL_2026-09-17/diffs/post_capture_minimal_gate.dart:7:8 • uri_does_not_exist
  error • Target of URI doesn't exist: '../../../../core/face_gate/face_gate_validator.dart' • docs/governance/MIRA_UX_CAPTURE_MAP_BG_IMPL_2026-09-17/diffs/post_capture_minimal_gate.dart:8:8 • uri_does_not_exist
  error • Target of URI doesn't exist: 'capture_quality_thresholds.dart' • docs/governance/MIRA_UX_CAPTURE_MAP_BG_IMPL_2026-09-17/diffs/post_capture_minimal_gate.dart:9:8 • uri_does_not_exist
  error • Target of URI doesn't exist: 'image_pixel_metrics.dart' • docs/governance/MIRA_UX_CAPTURE_MAP_BG_IMPL_2026-09-17/diffs/post_capture_minimal_gate.dart:10:8 • uri_does_not_exist
  error • The name 'FaceGateResult' isn't a type, so it can't be used as a type argument • docs/governance/MIRA_UX_CAPTURE_MAP_BG_IMPL_2026-09-17/diffs/post_capture_minimal_gate.dart:33:17 • non_type_as_type_argument
  error • Undefined name 'FaceGateResult' • docs/governance/MIRA_UX_CAPTURE_MAP_BG_IMPL_2026-09-17/diffs/post_capture_minimal_gate.dart:35:20 • undefined_identifier
  error • Undefined name 'FaceGateResult' • docs/governance/MIRA_UX_CAPTURE_MAP_BG_IMPL_2026-09-17/diffs/post_capture_minimal_gate.dart:45:20 • undefined_identifier
  error • Undefined name 'FaceGateResult' • docs/governance/MIRA_UX_CAPTURE_MAP_BG_IMPL_2026-09-17/diffs/post_capture_minimal_gate.dart:55:14 • undefined_identifier
  error • Undefined name 'FaceGateValidator' • docs/governance/MIRA_UX_CAPTURE_MAP_BG_IMPL_2026-09-17/diffs/post_capture_minimal_gate.dart:67:15 • undefined_identifier
  error • Undefined name 'ImagePixelMetrics' • docs/governance/MIRA_UX_CAPTURE_MAP_BG_IMPL_2026-09-17/diffs/post_capture_minimal_gate.dart:73:18 • undefined_identifier
  error • Undefined name 'CaptureQualityThresholds' • docs/governance/MIRA_UX_CAPTURE_MAP_BG_IMPL_2026-09-17/diffs/post_capture_minimal_gate.dart:74:16 • undefined_identifier
  error • Undefined name 'CaptureQualityThresholds' • docs/governance/MIRA_UX_CAPTURE_MAP_BG_IMPL_2026-09-17/diffs/post_capture_minimal_gate.dart:78:19 • undefined_identifier
  error • Undefined class 'FaceGateLimits' • lib/features/face_analysis_experience/capture/policy/strict_frontal_capture_policy.dart:39:16 • undefined_class
  error • Const variables must be initialized with a constant value • lib/features/face_analysis_experience/capture/policy/strict_frontal_capture_policy.dart:39:44 • const_initialized_with_non_constant_value
  error • The method 'FaceGateLimits' isn't defined for the type 'StrictFrontalCapturePolicy' • lib/features/face_analysis_experience/capture/policy/strict_frontal_capture_policy.dart:39:44 • undefined_method
   info • 'LocalFaceMapBuilder' is deprecated and shouldn't be used. Prefer server FaceHealthMap and MiraBeautyReport.faceIntelligence. See docs/architecture/local-face-map-builder-deprecation.md • lib/features/intelligence/domain/services/local_mira_report_builder.dart:45:27 • deprecated_member_use_from_same_package
   info • The import of '../../domain/catalog_offer_media.dart' is unnecessary because all of the used elements are also provided by the import of '../../domain/entities/catalog_product.dart' • lib/features/marketplace/data/datasources/marketplace_api_data_source.dart:8:8 • unnecessary_import
   info • The import of '../domain/catalog_offer_media.dart' is unnecessary because all of the used elements are also provided by the import of '../domain/entities/catalog_product.dart' • lib/features/marketplace/data/discover_catalog_query.dart:1:8 • unnecessary_import
   info • Use an initializing formal to assign a parameter to a field • lib/features/marketplace/data/discover_catalog_query.dart:9:9 • prefer_initializing_formals
   info • Use an initializing formal to assign a parameter to a field • lib/features/marketplace/data/discover_catalog_query.dart:24:9 • prefer_initializing_formals
   info • The import of '../domain/catalog_offer_media.dart' is unnecessary because all of the used elements are also provided by the import of '../domain/entities/catalog_product.dart' • lib/features/marketplace/data/discover_visual_preview_catalog.dart:1:8 • unnecessary_import
   info • The import of '../domain/catalog_product_options.dart' is unnecessary because all of the used elements are also provided by the import of '../domain/entities/catalog_product.dart' • lib/features/marketplace/data/discover_visual_preview_catalog.dart:2:8 • unnecessary_import
   info • The import of '../domain/catalog_service_template.dart' is unnecessary because all of the used elements are also provided by the import of '../domain/entities/catalog_service.dart' • lib/features/marketplace/data/discover_visual_preview_catalog.dart:3:8 • unnecessary_import
   info • Dangling library doc comment • lib/features/marketplace/domain/commerce_models.dart:1:1 • dangling_library_doc_comments
   info • The import of '../../domain/catalog_offer_media.dart' is unnecessary because all of the used elements are also provided by the import of '../../domain/entities/catalog_product.dart' • lib/features/marketplace/presentation/presentation/discover_presentation_catalog.dart:4:8 • unnecessary_import
   info • The import of '../../domain/catalog_offer_media.dart' is unnecessary because all of the used elements are also provided by the import of '../../domain/entities/catalog_product.dart' • lib/features/marketplace/presentation/presentation/presentation_models.dart:1:8 • unnecessary_import
warning • Unused import: '../../../../core/constants/marketplace_copy.dart' • lib/features/marketplace/presentation/screens/catalog_record_page.dart:3:8 • unused_import
warning • Unused import: '../../data/ad_link_record.dart' • lib/features/marketplace/presentation/screens/discover_presentation_screen.dart:22:8 • unused_import
warning • Unused import: 'catalog_record_page.dart' • lib/features/marketplace/presentation/screens/discover_presentation_screen.dart:32:8 • unused_import
warning • The value of the field '_contentMark' isn't used • lib/features/marketplace/presentation/screens/discover_presentation_screen.dart:93:16 • unused_field
warning • The value of the field '_category' isn't used • lib/features/marketplace/presentation/screens/discover_presentation_screen.dart:94:7 • unused_field
   info • The import of '../../domain/catalog_offer_media.dart' is unnecessary because all of the used elements are also provided by the import of '../../domain/entities/catalog_product.dart' • lib/features/marketplace/presentation/screens/product_detail_screen.dart:12:8 • unnecessary_import
   info • The import of '../../domain/catalog_product_options.dart' is unnecessary because all of the used elements are also provided by the import of '../../domain/entities/catalog_product.dart' • lib/features/marketplace/presentation/screens/product_detail_screen.dart:14:8 • unnecessary_import
   info • The import of '../../domain/catalog_offer_media.dart' is unnecessary because all of the used elements are also provided by the import of '../../domain/entities/catalog_service.dart' • lib/features/marketplace/presentation/screens/service_detail_screen.dart:11:8 • unnecessary_import
   info • The import of '../../domain/catalog_service_template.dart' is unnecessary because all of the used elements are also provided by the import of '../../domain/entities/catalog_service.dart' • lib/features/marketplace/presentation/screens/service_detail_screen.dart:12:8 • unnecessary_import
   info • The import of '../../domain/catalog_product_options.dart' is unnecessary because all of the used elements are also provided by the import of '../../domain/entities/catalog_product.dart' • lib/features/marketplace/presentation/widgets/product_option_selector.dart:5:8 • unnecessary_import
warning • Unused import: '../entities/suggested_piece_model.dart' • lib/features/outfit_analysis/domain/catalog/fashion_asset_catalog_data.dart:5:8 • unused_import
   info • Unnecessary 'const' keyword • lib/features/outfit_analysis/domain/catalog/fashion_asset_catalog_data.dart:20:16 • unnecessary_const
   info • Unnecessary 'const' keyword • lib/features/outfit_analysis/domain/catalog/fashion_asset_catalog_data.dart:21:14 • unnecessary_const
   info • Unnecessary 'const' keyword • lib/features/outfit_analysis/domain/catalog/fashion_asset_catalog_data.dart:22:13 • unnecessary_const
   info • Unnecessary 'const' keyword • lib/features/outfit_analysis/domain/catalog/fashion_asset_catalog_data.dart:23:17 • unnecessary_const
   info • Unnecessary 'const' keyword • lib/features/outfit_analysis/domain/catalog/fashion_asset_catalog_data.dart:33:16 • unnecessary_const
   info • Unnecessary 'const' keyword • lib/features/outfit_analysis/domain/catalog/fashion_asset_catalog_data.dart:38:21 • unnecessary_const
   info • Unnecessary 'const' keyword • lib/features/outfit_analysis/domain/catalog/fashion_asset_catalog_data.dart:39:21 • unnecessary_const
   info • Unnecessary 'const' keyword • lib/features/outfit_analysis/domain/catalog/fashion_asset_catalog_data.dart:40:24 • unnecessary_const
   info • Unnecessary 'const' keyword • lib/features/outfit_analysis/domain/catalog/fashion_asset_catalog_data.dart:70:16 • unnecessary_const
   info • Unnecessary 'const' keyword • lib/features/outfit_analysis/domain/catalog/fashion_asset_catalog_data.dart:71:14 • unnecessary_const
   info • Unnecessary 'const' keyword • lib/features/outfit_analysis/domain/catalog/fashion_asset_catalog_data.dart:72:13 • unnecessary_const
   info • Unnecessary 'const' keyword • lib/features/outfit_analysis/domain/catalog/fashion_asset_catalog_data.dart:73:17 • unnecessary_const
   info • Unnecessary 'const' keyword • lib/features/outfit_analysis/domain/catalog/fashion_asset_catalog_data.dart:83:16 • unnecessary_const
   info • Unnecessary 'const' keyword • lib/features/outfit_analysis/domain/catalog/fashion_asset_catalog_data.dart:88:21 • unnecessary_const
   info • Unnecessary 'const' keyword • lib/features/outfit_analysis/domain/catalog/fashion_asset_catalog_data.dart:89:21 • unnecessary_const
   info • Unnecessary 'const' keyword • lib/features/outfit_analysis/domain/catalog/fashion_asset_catalog_data.dart:90:24 • unnecessary_const
   info • Unnecessary 'const' keyword • lib/features/outfit_analysis/domain/catalog/fashion_asset_catalog_data.dart:120:16 • unnecessary_const
   info • Unnecessary 'const' keyword • lib/features/outfit_analysis/domain/catalog/fashion_asset_catalog_data.dart:121:14 • unnecessary_const
   info • Unnecessary 'const' keyword • lib/features/outfit_analysis/domain/catalog/fashion_asset_catalog_data.dart:122:13 • unnecessary_const
   info • Unnecessary 'const' keyword • lib/features/outfit_analysis/domain/catalog/fashion_asset_catalog_data.dart:123:17 • unnecessary_const
   info • Unnecessary 'const' keyword • lib/features/outfit_analysis/domain/catalog/fashion_asset_catalog_data.dart:133:16 • unnecessary_const
   info • Unnecessary 'const' keyword • lib/features/outfit_analysis/domain/catalog/fashion_asset_catalog_data.dart:138:21 • unnecessary_const
   info • Unnecessary 'const' keyword • lib/features/outfit_analysis/domain/catalog/fashion_asset_catalog_data.dart:139:21 • unnecessary_const
   info • Unnecessary 'const' keyword • lib/features/outfit_analysis/domain/catalog/fashion_asset_catalog_data.dart:140:24 • unnecessary_const
   info • Unnecessary 'const' keyword • lib/features/outfit_analysis/domain/catalog/fashion_asset_catalog_data.dart:170:16 • unnecessary_const
   info • Unnecessary 'const' keyword • lib/features/outfit_analysis/domain/catalog/fashion_asset_catalog_data.dart:171:14 • unnecessary_const
   info • Unnecessary 'const' keyword • lib/features/outfit_analysis/domain/catalog/fashion_asset_catalog_data.dart:172:13 • unnecessary_const
   info • Unnecessary 'const' keyword • lib/features/outfit_analysis/domain/catalog/fashion_asset_catalog_data.dart:173:17 • unnecessary_const
   info • Unnecessary 'const' keyword • lib/features/outfit_analysis/domain/catalog/fashion_asset_catalog_data.dart:183:16 • unnecessary_const
   info • Unnecessary 'const' keyword • lib/features/outfit_analysis/domain/catalog/fashion_asset_catalog_data.dart:188:21 • unnecessary_const
   info • Unnecessary 'const' keyword • lib/features/outfit_analysis/domain/catalog/fashion_asset_catalog_data.dart:189:21 • unnecessary_const
   info • Unnecessary 'const' keyword • lib/features/outfit_analysis/domain/catalog/fashion_asset_catalog_data.dart:190:24 • unnecessary_const
   info • Unnecessary 'const' keyword • lib/features/outfit_analysis/domain/catalog/fashion_asset_catalog_data.dart:220:16 • unnecessary_const
   info • Unnecessary 'const' keyword • lib/features/outfit_analysis/domain/catalog/fashion_asset_catalog_data.dart:221:14 • unnecessary_const
   info • Unnecessary 'const' keyword • lib/features/outfit_analysis/domain/catalog/fashion_asset_catalog_data.dart:222:13 • unnecessary_const
   info • Unnecessary 'const' keyword • lib/features/outfit_analysis/domain/catalog/fashion_asset_catalog_data.dart:223:17 • unnecessary_const
   info • Unnecessary 'const' keyword • lib/features/outfit_analysis/domain/catalog/fashion_asset_catalog_data.dart:233:16 • unnecessary_const
   info • Unnecessary 'const' keyword • lib/features/outfit_analysis/domain/catalog/fashion_asset_catalog_data.dart:238:21 • unnecessary_const
   info • Unnecessary 'const' keyword • lib/features/outfit_analysis/domain/catalog/fashion_asset_catalog_data.dart:239:21 • unnecessary_const
   info • Unnecessary 'const' keyword • lib/features/outfit_analysis/domain/catalog/fashion_asset_catalog_data.dart:240:24 • unnecessary_const
   info • Unnecessary 'const' keyword • lib/features/outfit_analysis/domain/catalog/fashion_asset_catalog_data.dart:270:16 • unnecessary_const
   info • Unnecessary 'const' keyword • lib/features/outfit_analysis/domain/catalog/fashion_asset_catalog_data.dart:271:14 • unnecessary_const
   info • Unnecessary 'const' keyword • lib/features/outfit_analysis/domain/catalog/fashion_asset_catalog_data.dart:272:13 • unnecessary_const
   info • Unnecessary 'const' keyword • lib/features/outfit_analysis/domain/catalog/fashion_asset_catalog_data.dart:273:17 • unnecessary_const
   info • Unnecessary 'const' keyword • lib/features/outfit_analysis/domain/catalog/fashion_asset_catalog_data.dart:283:16 • unnecessary_const
   info • Unnecessary 'const' keyword • lib/features/outfit_analysis/domain/catalog/fashion_asset_catalog_data.dart:288:21 • unnecessary_const
   info • Unnecessary 'const' keyword • lib/features/outfit_analysis/domain/catalog/fashion_asset_catalog_data.dart:289:21 • unnecessary_const
   info • Unnecessary 'const' keyword • lib/features/outfit_analysis/domain/catalog/fashion_asset_catalog_data.dart:290:24 • unnecessary_const
   info • Unnecessary 'const' keyword • lib/features/outfit_analysis/domain/catalog/fashion_asset_catalog_data.dart:320:16 • unnecessary_const
   info • Unnecessary 'const' keyword • lib/features/outfit_analysis/domain/catalog/fashion_asset_catalog_data.dart:321:14 • unnecessary_const
   info • Unnecessary 'const' keyword • lib/features/outfit_analysis/domain/catalog/fashion_asset_catalog_data.dart:322:13 • unnecessary_const
   info • Unnecessary 'const' keyword • lib/features/outfit_analysis/domain/catalog/fashion_asset_catalog_data.dart:323:17 • unnecessary_const
   info • Unnecessary 'const' keyword • lib/features/outfit_analysis/domain/catalog/fashion_asset_catalog_data.dart:333:16 • unnecessary_const
   info • Unnecessary 'const' keyword • lib/features/outfit_analysis/domain/catalog/fashion_asset_catalog_data.dart:338:21 • unnecessary_const
   info • Unnecessary 'const' keyword • lib/features/outfit_analysis/domain/catalog/fashion_asset_catalog_data.dart:339:21 • unnecessary_const
   info • Unnecessary 'const' keyword • lib/features/outfit_analysis/domain/catalog/fashion_asset_catalog_data.dart:340:24 • unnecessary_const
   info • Unnecessary 'const' keyword • lib/features/outfit_analysis/domain/catalog/fashion_asset_catalog_data.dart:370:16 • unnecessary_const
   info • Unnecessary 'const' keyword • lib/features/outfit_analysis/domain/catalog/fashion_asset_catalog_data.dart:371:14 • unnecessary_const
   info • Unnecessary 'const' keyword • lib/features/outfit_analysis/domain/catalog/fashion_asset_catalog_data.dart:372:13 • unnecessary_const
   info • Unnecessary 'const' keyword • lib/features/outfit_analysis/domain/catalog/fashion_asset_catalog_data.dart:373:17 • unnecessary_const
   info • Unnecessary 'const' keyword • lib/features/outfit_analysis/domain/catalog/fashion_asset_catalog_data.dart:383:16 • unnecessary_const
   info • Unnecessary 'const' keyword • lib/features/outfit_analysis/domain/catalog/fashion_asset_catalog_data.dart:388:21 • unnecessary_const
   info • Unnecessary 'const' keyword • lib/features/outfit_analysis/domain/catalog/fashion_asset_catalog_data.dart:389:21 • unnecessary_const
   info • Unnecessary 'const' keyword • lib/features/outfit_analysis/domain/catalog/fashion_asset_catalog_data.dart:390:24 • unnecessary_const
   info • Unnecessary 'const' keyword • lib/features/outfit_analysis/domain/catalog/fashion_asset_catalog_data.dart:420:16 • unnecessary_const
   info • Unnecessary 'const' keyword • lib/features/outfit_analysis/domain/catalog/fashion_asset_catalog_data.dart:421:14 • unnecessary_const
   info • Unnecessary 'const' keyword • lib/features/outfit_analysis/domain/catalog/fashion_asset_catalog_data.dart:422:13 • unnecessary_const
   info • Unnecessary 'const' keyword • lib/features/outfit_analysis/domain/catalog/fashion_asset_catalog_data.dart:423:17 • unnecessary_const
   info • Unnecessary 'const' keyword • lib/features/outfit_analysis/domain/catalog/fashion_asset_catalog_data.dart:433:16 • unnecessary_const
   info • Unnecessary 'const' keyword • lib/features/outfit_analysis/domain/catalog/fashion_asset_catalog_data.dart:438:21 • unnecessary_const
   info • Unnecessary 'const' keyword • lib/features/outfit_analysis/domain/catalog/fashion_asset_catalog_data.dart:439:21 • unnecessary_const
   info • Unnecessary 'const' keyword • lib/features/outfit_analysis/domain/catalog/fashion_asset_catalog_data.dart:440:24 • unnecessary_const
   info • Unnecessary 'const' keyword • lib/features/outfit_analysis/domain/catalog/fashion_asset_catalog_data.dart:470:16 • unnecessary_const
   info • Unnecessary 'const' keyword • lib/features/outfit_analysis/domain/catalog/fashion_asset_catalog_data.dart:471:14 • unnecessary_const
   info • Unnecessary 'const' keyword • lib/features/outfit_analysis/domain/catalog/fashion_asset_catalog_data.dart:472:13 • unnecessary_const
   info • Unnecessary 'const' keyword • lib/features/outfit_analysis/domain/catalog/fashion_asset_catalog_data.dart:473:17 • unnecessary_const
   info • Unnecessary 'const' keyword • lib/features/outfit_analysis/domain/catalog/fashion_asset_catalog_data.dart:483:16 • unnecessary_const
   info • Unnecessary 'const' keyword • lib/features/outfit_analysis/domain/catalog/fashion_asset_catalog_data.dart:488:21 • unnecessary_const
   info • Unnecessary 'const' keyword • lib/features/outfit_analysis/domain/catalog/fashion_asset_catalog_data.dart:489:21 • unnecessary_const
   info • Unnecessary 'const' keyword • lib/features/outfit_analysis/domain/catalog/fashion_asset_catalog_data.dart:490:24 • unnecessary_const
   info • Unnecessary 'const' keyword • lib/features/outfit_analysis/domain/catalog/fashion_asset_catalog_data.dart:520:16 • unnecessary_const
   info • Unnecessary 'const' keyword • lib/features/outfit_analysis/domain/catalog/fashion_asset_catalog_data.dart:521:14 • unnecessary_const
   info • Unnecessary 'const' keyword • lib/features/outfit_analysis/domain/catalog/fashion_asset_catalog_data.dart:522:13 • unnecessary_const
   info • Unnecessary 'const' keyword • lib/features/outfit_analysis/domain/catalog/fashion_asset_catalog_data.dart:523:17 • unnecessary_const
   info • Unnecessary 'const' keyword • lib/features/outfit_analysis/domain/catalog/fashion_asset_catalog_data.dart:533:16 • unnecessary_const
   info • Unnecessary 'const' keyword • lib/features/outfit_analysis/domain/catalog/fashion_asset_catalog_data.dart:538:21 • unnecessary_const
   info • Unnecessary 'const' keyword • lib/features/outfit_analysis/domain/catalog/fashion_asset_catalog_data.dart:539:21 • unnecessary_const
   info • Unnecessary 'const' keyword • lib/features/outfit_analysis/domain/catalog/fashion_asset_catalog_data.dart:540:24 • unnecessary_const
   info • Unnecessary 'const' keyword • lib/features/outfit_analysis/domain/catalog/fashion_asset_catalog_data.dart:570:16 • unnecessary_const
   info • Unnecessary 'const' keyword • lib/features/outfit_analysis/domain/catalog/fashion_asset_catalog_data.dart:571:14 • unnecessary_const
   info • Unnecessary 'const' keyword • lib/features/outfit_analysis/domain/catalog/fashion_asset_catalog_data.dart:572:13 • unnecessary_const
   info • Unnecessary 'const' keyword • lib/features/outfit_analysis/domain/catalog/fashion_asset_catalog_data.dart:573:17 • unnecessary_const
   info • Unnecessary 'const' keyword • lib/features/outfit_analysis/domain/catalog/fashion_asset_catalog_data.dart:583:16 • unnecessary_const
   info • Unnecessary 'const' keyword • lib/features/outfit_analysis/domain/catalog/fashion_asset_catalog_data.dart:588:21 • unnecessary_const
   info • Unnecessary 'const' keyword • lib/features/outfit_analysis/domain/catalog/fashion_asset_catalog_data.dart:589:21 • unnecessary_const
   info • Unnecessary 'const' keyword • lib/features/outfit_analysis/domain/catalog/fashion_asset_catalog_data.dart:590:24 • unnecessary_const
   info • Unnecessary 'const' keyword • lib/features/outfit_analysis/domain/catalog/fashion_asset_catalog_data.dart:620:16 • unnecessary_const
   info • Unnecessary 'const' keyword • lib/features/outfit_analysis/domain/catalog/fashion_asset_catalog_data.dart:621:14 • unnecessary_const
   info • Unnecessary 'const' keyword • lib/features/outfit_analysis/domain/catalog/fashion_asset_catalog_data.dart:622:13 • unnecessary_const
   info • Unnecessary 'const' keyword • lib/features/outfit_analysis/domain/catalog/fashion_asset_catalog_data.dart:623:17 • unnecessary_const
   info • Unnecessary 'const' keyword • lib/features/outfit_analysis/domain/catalog/fashion_asset_catalog_data.dart:633:16 • unnecessary_const
   info • Unnecessary 'const' keyword • lib/features/outfit_analysis/domain/catalog/fashion_asset_catalog_data.dart:638:21 • unnecessary_const
   info • Unnecessary 'const' keyword • lib/features/outfit_analysis/domain/catalog/fashion_asset_catalog_data.dart:639:21 • unnecessary_const
   info • Unnecessary 'const' keyword • lib/features/outfit_analysis/domain/catalog/fashion_asset_catalog_data.dart:640:24 • unnecessary_const
   info • Unnecessary 'const' keyword • lib/features/outfit_analysis/domain/catalog/fashion_asset_catalog_data.dart:670:16 • unnecessary_const
   info • Unnecessary 'const' keyword • lib/features/outfit_analysis/domain/catalog/fashion_asset_catalog_data.dart:671:14 • unnecessary_const
   info • Unnecessary 'const' keyword • lib/features/outfit_analysis/domain/catalog/fashion_asset_catalog_data.dart:672:13 • unnecessary_const
   info • Unnecessary 'const' keyword • lib/features/outfit_analysis/domain/catalog/fashion_asset_catalog_data.dart:673:17 • unnecessary_const
   info • Unnecessary 'const' keyword • lib/features/outfit_analysis/domain/catalog/fashion_asset_catalog_data.dart:683:16 • unnecessary_const
   info • Unnecessary 'const' keyword • lib/features/outfit_analysis/domain/catalog/fashion_asset_catalog_data.dart:688:21 • unnecessary_const
   info • Unnecessary 'const' keyword • lib/features/outfit_analysis/domain/catalog/fashion_asset_catalog_data.dart:689:21 • unnecessary_const
   info • Unnecessary 'const' keyword • lib/features/outfit_analysis/domain/catalog/fashion_asset_catalog_data.dart:690:24 • unnecessary_const
   info • Unnecessary 'const' keyword • lib/features/outfit_analysis/domain/catalog/fashion_asset_catalog_data.dart:720:16 • unnecessary_const
   info • Unnecessary 'const' keyword • lib/features/outfit_analysis/domain/catalog/fashion_asset_catalog_data.dart:721:14 • unnecessary_const
   info • Unnecessary 'const' keyword • lib/features/outfit_analysis/domain/catalog/fashion_asset_catalog_data.dart:722:13 • unnecessary_const
   info • Unnecessary 'const' keyword • lib/features/outfit_analysis/domain/catalog/fashion_asset_catalog_data.dart:723:17 • unnecessary_const
   info • Unnecessary 'const' keyword • lib/features/outfit_analysis/domain/catalog/fashion_asset_catalog_data.dart:733:16 • unnecessary_const
   info • Unnecessary 'const' keyword • lib/features/outfit_analysis/domain/catalog/fashion_asset_catalog_data.dart:738:21 • unnecessary_const
   info • Unnecessary 'const' keyword • lib/features/outfit_analysis/domain/catalog/fashion_asset_catalog_data.dart:739:21 • unnecessary_const
   info • Unnecessary 'const' keyword • lib/features/outfit_analysis/domain/catalog/fashion_asset_catalog_data.dart:740:24 • unnecessary_const
   info • Unnecessary 'const' keyword • lib/features/outfit_analysis/domain/catalog/fashion_asset_catalog_data.dart:770:16 • unnecessary_const
   info • Unnecessary 'const' keyword • lib/features/outfit_analysis/domain/catalog/fashion_asset_catalog_data.dart:771:14 • unnecessary_const
   info • Unnecessary 'const' keyword • lib/features/outfit_analysis/domain/catalog/fashion_asset_catalog_data.dart:772:13 • unnecessary_const
   info • Unnecessary 'const' keyword • lib/features/outfit_analysis/domain/catalog/fashion_asset_catalog_data.dart:773:17 • unnecessary_const
   info • Unnecessary 'const' keyword • lib/features/outfit_analysis/domain/catalog/fashion_asset_catalog_data.dart:783:16 • unnecessary_const
   info • Unnecessary 'const' keyword • lib/features/outfit_analysis/domain/catalog/fashion_asset_catalog_data.dart:788:21 • unnecessary_const
   info • Unnecessary 'const' keyword • lib/features/outfit_analysis/domain/catalog/fashion_asset_catalog_data.dart:789:21 • unnecessary_const
   info • Unnecessary 'const' keyword • lib/features/outfit_analysis/domain/catalog/fashion_asset_catalog_data.dart:790:24 • unnecessary_const
   info • Unnecessary 'const' keyword • lib/features/outfit_analysis/domain/catalog/fashion_asset_catalog_data.dart:820:16 • unnecessary_const
   info • Unnecessary 'const' keyword • lib/features/outfit_analysis/domain/catalog/fashion_asset_catalog_data.dart:821:14 • unnecessary_const
   info • Unnecessary 'const' keyword • lib/features/outfit_analysis/domain/catalog/fashion_asset_catalog_data.dart:822:13 • unnecessary_const
   info • Unnecessary 'const' keyword • lib/features/outfit_analysis/domain/catalog/fashion_asset_catalog_data.dart:823:17 • unnecessary_const
   info • Unnecessary 'const' keyword • lib/features/outfit_analysis/domain/catalog/fashion_asset_catalog_data.dart:833:16 • unnecessary_const
   info • Unnecessary 'const' keyword • lib/features/outfit_analysis/domain/catalog/fashion_asset_catalog_data.dart:838:21 • unnecessary_const
   info • Unnecessary 'const' keyword • lib/features/outfit_analysis/domain/catalog/fashion_asset_catalog_data.dart:839:21 • unnecessary_const
   info • Unnecessary 'const' keyword • lib/features/outfit_analysis/domain/catalog/fashion_asset_catalog_data.dart:840:24 • unnecessary_const
   info • Unnecessary 'const' keyword • lib/features/outfit_analysis/domain/catalog/fashion_asset_catalog_data.dart:870:16 • unnecessary_const
   info • Unnecessary 'const' keyword • lib/features/outfit_analysis/domain/catalog/fashion_asset_catalog_data.dart:871:14 • unnecessary_const
   info • Unnecessary 'const' keyword • lib/features/outfit_analysis/domain/catalog/fashion_asset_catalog_data.dart:872:13 • unnecessary_const
   info • Unnecessary 'const' keyword • lib/features/outfit_analysis/domain/catalog/fashion_asset_catalog_data.dart:873:17 • unnecessary_const
   info • Unnecessary 'const' keyword • lib/features/outfit_analysis/domain/catalog/fashion_asset_catalog_data.dart:883:16 • unnecessary_const
   info • Unnecessary 'const' keyword • lib/features/outfit_analysis/domain/catalog/fashion_asset_catalog_data.dart:888:21 • unnecessary_const
   info • Unnecessary 'const' keyword • lib/features/outfit_analysis/domain/catalog/fashion_asset_catalog_data.dart:889:21 • unnecessary_const
   info • Unnecessary 'const' keyword • lib/features/outfit_analysis/domain/catalog/fashion_asset_catalog_data.dart:890:24 • unnecessary_const
   info • Unnecessary 'const' keyword • lib/features/outfit_analysis/domain/catalog/fashion_asset_catalog_data.dart:920:16 • unnecessary_const
   info • Unnecessary 'const' keyword • lib/features/outfit_analysis/domain/catalog/fashion_asset_catalog_data.dart:921:14 • unnecessary_const
   info • Unnecessary 'const' keyword • lib/features/outfit_analysis/domain/catalog/fashion_asset_catalog_data.dart:922:13 • unnecessary_const
   info • Unnecessary 'const' keyword • lib/features/outfit_analysis/domain/catalog/fashion_asset_catalog_data.dart:923:17 • unnecessary_const
   info • Unnecessary 'const' keyword • lib/features/outfit_analysis/domain/catalog/fashion_asset_catalog_data.dart:933:16 • unnecessary_const
   info • Unnecessary 'const' keyword • lib/features/outfit_analysis/domain/catalog/fashion_asset_catalog_data.dart:938:21 • unnecessary_const
   info • Unnecessary 'const' keyword • lib/features/outfit_analysis/domain/catalog/fashion_asset_catalog_data.dart:939:21 • unnecessary_const
   info • Unnecessary 'const' keyword • lib/features/outfit_analysis/domain/catalog/fashion_asset_catalog_data.dart:940:24 • unnecessary_const
   info • Unnecessary 'const' keyword • lib/features/outfit_analysis/domain/catalog/fashion_asset_catalog_data.dart:970:16 • unnecessary_const
   info • Unnecessary 'const' keyword • lib/features/outfit_analysis/domain/catalog/fashion_asset_catalog_data.dart:971:14 • unnecessary_const
   info • Unnecessary 'const' keyword • lib/features/outfit_analysis/domain/catalog/fashion_asset_catalog_data.dart:972:13 • unnecessary_const
   info • Unnecessary 'const' keyword • lib/features/outfit_analysis/domain/catalog/fashion_asset_catalog_data.dart:973:17 • unnecessary_const
   info • Unnecessary 'const' keyword • lib/features/outfit_analysis/domain/catalog/fashion_asset_catalog_data.dart:983:16 • unnecessary_const
   info • Unnecessary 'const' keyword • lib/features/outfit_analysis/domain/catalog/fashion_asset_catalog_data.dart:988:21 • unnecessary_const
   info • Unnecessary 'const' keyword • lib/features/outfit_analysis/domain/catalog/fashion_asset_catalog_data.dart:989:21 • unnecessary_const
   info • Unnecessary 'const' keyword • lib/features/outfit_analysis/domain/catalog/fashion_asset_catalog_data.dart:990:24 • unnecessary_const
   info • Statements in an if should be enclosed in a block • lib/features/outfit_analysis/domain/catalog/fashion_color_library.dart:52:21 • curly_braces_in_flow_control_structures
   info • Statements in an if should be enclosed in a block • lib/features/outfit_analysis/domain/catalog/fashion_color_library.dart:53:26 • curly_braces_in_flow_control_structures
   info • Statements in an if should be enclosed in a block • lib/features/outfit_analysis/domain/catalog/fashion_color_library.dart:54:26 • curly_braces_in_flow_control_structures
   info • Unnecessary 'const' keyword • lib/features/outfit_analysis/domain/catalog/fashion_color_library_data.dart:12:10 • unnecessary_const
   info • Unnecessary 'const' keyword • lib/features/outfit_analysis/domain/catalog/fashion_color_library_data.dart:13:10 • unnecessary_const
   info • Unnecessary 'const' keyword • lib/features/outfit_analysis/domain/catalog/fashion_color_library_data.dart:20:10 • unnecessary_const
   info • Unnecessary 'const' keyword • lib/features/outfit_analysis/domain/catalog/fashion_color_library_data.dart:21:10 • unnecessary_const
   info • Unnecessary 'const' keyword • lib/features/outfit_analysis/domain/catalog/fashion_color_library_data.dart:28:10 • unnecessary_const
   info • Unnecessary 'const' keyword • lib/features/outfit_analysis/domain/catalog/fashion_color_library_data.dart:29:10 • unnecessary_const
   info • Unnecessary 'const' keyword • lib/features/outfit_analysis/domain/catalog/fashion_color_library_data.dart:36:10 • unnecessary_const
   info • Unnecessary 'const' keyword • lib/features/outfit_analysis/domain/catalog/fashion_color_library_data.dart:37:10 • unnecessary_const
   info • Unnecessary 'const' keyword • lib/features/outfit_analysis/domain/catalog/fashion_color_library_data.dart:44:10 • unnecessary_const
   info • Unnecessary 'const' keyword • lib/features/outfit_analysis/domain/catalog/fashion_color_library_data.dart:45:10 • unnecessary_const
   info • Unnecessary 'const' keyword • lib/features/outfit_analysis/domain/catalog/fashion_color_library_data.dart:52:10 • unnecessary_const
   info • Unnecessary 'const' keyword • lib/features/outfit_analysis/domain/catalog/fashion_color_library_data.dart:53:10 • unnecessary_const
   info • Unnecessary 'const' keyword • lib/features/outfit_analysis/domain/catalog/fashion_color_library_data.dart:60:10 • unnecessary_const
   info • Unnecessary 'const' keyword • lib/features/outfit_analysis/domain/catalog/fashion_color_library_data.dart:61:10 • unnecessary_const
   info • Unnecessary 'const' keyword • lib/features/outfit_analysis/domain/catalog/fashion_color_library_data.dart:68:10 • unnecessary_const
   info • Unnecessary 'const' keyword • lib/features/outfit_analysis/domain/catalog/fashion_color_library_data.dart:69:10 • unnecessary_const
   info • Unnecessary 'const' keyword • lib/features/outfit_analysis/domain/catalog/fashion_color_library_data.dart:76:10 • unnecessary_const
   info • Unnecessary 'const' keyword • lib/features/outfit_analysis/domain/catalog/fashion_color_library_data.dart:77:10 • unnecessary_const
   info • Unnecessary 'const' keyword • lib/features/outfit_analysis/domain/catalog/fashion_color_library_data.dart:84:10 • unnecessary_const
   info • Unnecessary 'const' keyword • lib/features/outfit_analysis/domain/catalog/fashion_color_library_data.dart:85:10 • unnecessary_const
   info • Unnecessary 'const' keyword • lib/features/outfit_analysis/domain/catalog/fashion_color_library_data.dart:92:10 • unnecessary_const
   info • Unnecessary 'const' keyword • lib/features/outfit_analysis/domain/catalog/fashion_color_library_data.dart:93:10 • unnecessary_const
   info • Unnecessary 'const' keyword • lib/features/outfit_analysis/domain/catalog/fashion_color_library_data.dart:100:10 • unnecessary_const
   info • Unnecessary 'const' keyword • lib/features/outfit_analysis/domain/catalog/fashion_color_library_data.dart:101:10 • unnecessary_const
   info • Unnecessary 'const' keyword • lib/features/outfit_analysis/domain/catalog/fashion_color_library_data.dart:108:10 • unnecessary_const
   info • Unnecessary 'const' keyword • lib/features/outfit_analysis/domain/catalog/fashion_color_library_data.dart:109:10 • unnecessary_const
   info • Unnecessary 'const' keyword • lib/features/outfit_analysis/domain/catalog/fashion_color_library_data.dart:116:10 • unnecessary_const
   info • Unnecessary 'const' keyword • lib/features/outfit_analysis/domain/catalog/fashion_color_library_data.dart:117:10 • unnecessary_const
   info • Unnecessary 'const' keyword • lib/features/outfit_analysis/domain/catalog/fashion_color_library_data.dart:124:10 • unnecessary_const
   info • Unnecessary 'const' keyword • lib/features/outfit_analysis/domain/catalog/fashion_color_library_data.dart:125:10 • unnecessary_const
   info • Unnecessary 'const' keyword • lib/features/outfit_analysis/domain/catalog/fashion_color_library_data.dart:132:10 • unnecessary_const
   info • Unnecessary 'const' keyword • lib/features/outfit_analysis/domain/catalog/fashion_color_library_data.dart:133:10 • unnecessary_const
   info • Unnecessary 'const' keyword • lib/features/outfit_analysis/domain/catalog/fashion_color_library_data.dart:140:10 • unnecessary_const
   info • Unnecessary 'const' keyword • lib/features/outfit_analysis/domain/catalog/fashion_color_library_data.dart:141:10 • unnecessary_const
   info • Unnecessary 'const' keyword • lib/features/outfit_analysis/domain/catalog/fashion_color_library_data.dart:148:10 • unnecessary_const
   info • Unnecessary 'const' keyword • lib/features/outfit_analysis/domain/catalog/fashion_color_library_data.dart:149:10 • unnecessary_const
   info • Unnecessary 'const' keyword • lib/features/outfit_analysis/domain/catalog/fashion_color_library_data.dart:156:10 • unnecessary_const
   info • Unnecessary 'const' keyword • lib/features/outfit_analysis/domain/catalog/fashion_color_library_data.dart:157:10 • unnecessary_const
   info • Unnecessary 'const' keyword • lib/features/outfit_analysis/domain/catalog/fashion_color_library_data.dart:164:10 • unnecessary_const
   info • Unnecessary 'const' keyword • lib/features/outfit_analysis/domain/catalog/fashion_color_library_data.dart:165:10 • unnecessary_const
   info • Unnecessary 'const' keyword • lib/features/outfit_analysis/domain/catalog/fashion_color_library_data.dart:172:10 • unnecessary_const
   info • Unnecessary 'const' keyword • lib/features/outfit_analysis/domain/catalog/fashion_color_library_data.dart:173:10 • unnecessary_const
   info • Unnecessary 'const' keyword • lib/features/outfit_analysis/domain/catalog/fashion_color_library_data.dart:180:10 • unnecessary_const
   info • Unnecessary 'const' keyword • lib/features/outfit_analysis/domain/catalog/fashion_color_library_data.dart:181:10 • unnecessary_const
   info • Unnecessary 'const' keyword • lib/features/outfit_analysis/domain/catalog/fashion_color_library_data.dart:188:10 • unnecessary_const
   info • Unnecessary 'const' keyword • lib/features/outfit_analysis/domain/catalog/fashion_color_library_data.dart:189:10 • unnecessary_const
   info • Unnecessary 'const' keyword • lib/features/outfit_analysis/domain/catalog/fashion_color_library_data.dart:196:10 • unnecessary_const
   info • Unnecessary 'const' keyword • lib/features/outfit_analysis/domain/catalog/fashion_color_library_data.dart:197:10 • unnecessary_const
   info • Unnecessary 'const' keyword • lib/features/outfit_analysis/domain/catalog/fashion_color_library_data.dart:204:10 • unnecessary_const
   info • Unnecessary 'const' keyword • lib/features/outfit_analysis/domain/catalog/fashion_color_library_data.dart:205:10 • unnecessary_const
   info • Unnecessary 'const' keyword • lib/features/outfit_analysis/domain/catalog/fashion_color_library_data.dart:212:10 • unnecessary_const
   info • Unnecessary 'const' keyword • lib/features/outfit_analysis/domain/catalog/fashion_color_library_data.dart:213:10 • unnecessary_const
   info • Unnecessary 'const' keyword • lib/features/outfit_analysis/domain/catalog/fashion_color_library_data.dart:220:10 • unnecessary_const
   info • Unnecessary 'const' keyword • lib/features/outfit_analysis/domain/catalog/fashion_color_library_data.dart:221:10 • unnecessary_const
   info • Unnecessary 'const' keyword • lib/features/outfit_analysis/domain/catalog/fashion_color_library_data.dart:228:10 • unnecessary_const
   info • Unnecessary 'const' keyword • lib/features/outfit_analysis/domain/catalog/fashion_color_library_data.dart:229:10 • unnecessary_const
   info • Unnecessary 'const' keyword • lib/features/outfit_analysis/domain/catalog/fashion_color_library_data.dart:236:10 • unnecessary_const
   info • Unnecessary 'const' keyword • lib/features/outfit_analysis/domain/catalog/fashion_color_library_data.dart:237:10 • unnecessary_const
   info • Unnecessary 'const' keyword • lib/features/outfit_analysis/domain/catalog/fashion_color_library_data.dart:244:10 • unnecessary_const
   info • Unnecessary 'const' keyword • lib/features/outfit_analysis/domain/catalog/fashion_color_library_data.dart:245:10 • unnecessary_const
   info • Unnecessary 'const' keyword • lib/features/outfit_analysis/domain/catalog/fashion_color_library_data.dart:252:10 • unnecessary_const
   info • Unnecessary 'const' keyword • lib/features/outfit_analysis/domain/catalog/fashion_color_library_data.dart:253:10 • unnecessary_const
   info • Unnecessary 'const' keyword • lib/features/outfit_analysis/domain/catalog/fashion_color_library_data.dart:260:10 • unnecessary_const
   info • Unnecessary 'const' keyword • lib/features/outfit_analysis/domain/catalog/fashion_color_library_data.dart:261:10 • unnecessary_const
   info • Unnecessary 'const' keyword • lib/features/outfit_analysis/domain/catalog/fashion_color_library_data.dart:268:10 • unnecessary_const
   info • Unnecessary 'const' keyword • lib/features/outfit_analysis/domain/catalog/fashion_color_library_data.dart:269:10 • unnecessary_const
   info • Unnecessary 'const' keyword • lib/features/outfit_analysis/domain/catalog/fashion_color_library_data.dart:276:10 • unnecessary_const
   info • Unnecessary 'const' keyword • lib/features/outfit_analysis/domain/catalog/fashion_color_library_data.dart:277:10 • unnecessary_const
   info • Unnecessary 'const' keyword • lib/features/outfit_analysis/domain/catalog/fashion_color_library_data.dart:284:10 • unnecessary_const
   info • Unnecessary 'const' keyword • lib/features/outfit_analysis/domain/catalog/fashion_color_library_data.dart:285:10 • unnecessary_const
   info • Unnecessary 'const' keyword • lib/features/outfit_analysis/domain/catalog/fashion_color_library_data.dart:292:10 • unnecessary_const
   info • Unnecessary 'const' keyword • lib/features/outfit_analysis/domain/catalog/fashion_color_library_data.dart:293:10 • unnecessary_const
   info • Unnecessary 'const' keyword • lib/features/outfit_analysis/domain/catalog/fashion_color_library_data.dart:300:10 • unnecessary_const
   info • Unnecessary 'const' keyword • lib/features/outfit_analysis/domain/catalog/fashion_color_library_data.dart:301:10 • unnecessary_const
   info • Unnecessary 'const' keyword • lib/features/outfit_analysis/domain/catalog/fashion_color_library_data.dart:308:10 • unnecessary_const
   info • Unnecessary 'const' keyword • lib/features/outfit_analysis/domain/catalog/fashion_color_library_data.dart:309:10 • unnecessary_const
   info • Unnecessary 'const' keyword • lib/features/outfit_analysis/domain/catalog/fashion_color_library_data.dart:316:10 • unnecessary_const
   info • Unnecessary 'const' keyword • lib/features/outfit_analysis/domain/catalog/fashion_color_library_data.dart:317:10 • unnecessary_const
   info • Unnecessary 'const' keyword • lib/features/outfit_analysis/domain/catalog/fashion_color_library_data.dart:324:10 • unnecessary_const
   info • Unnecessary 'const' keyword • lib/features/outfit_analysis/domain/catalog/fashion_color_library_data.dart:325:10 • unnecessary_const
   info • Unnecessary 'const' keyword • lib/features/outfit_analysis/domain/catalog/fashion_color_library_data.dart:332:10 • unnecessary_const
   info • Unnecessary 'const' keyword • lib/features/outfit_analysis/domain/catalog/fashion_color_library_data.dart:333:10 • unnecessary_const
   info • Unnecessary 'const' keyword • lib/features/outfit_analysis/domain/catalog/fashion_color_library_data.dart:340:10 • unnecessary_const
   info • Unnecessary 'const' keyword • lib/features/outfit_analysis/domain/catalog/fashion_color_library_data.dart:341:10 • unnecessary_const
   info • Unnecessary 'const' keyword • lib/features/outfit_analysis/domain/catalog/fashion_color_library_data.dart:348:10 • unnecessary_const
   info • Unnecessary 'const' keyword • lib/features/outfit_analysis/domain/catalog/fashion_color_library_data.dart:349:10 • unnecessary_const
   info • Unnecessary 'const' keyword • lib/features/outfit_analysis/domain/catalog/fashion_color_library_data.dart:356:10 • unnecessary_const
   info • Unnecessary 'const' keyword • lib/features/outfit_analysis/domain/catalog/fashion_color_library_data.dart:357:10 • unnecessary_const
   info • Unnecessary 'const' keyword • lib/features/outfit_analysis/domain/catalog/fashion_color_library_data.dart:364:10 • unnecessary_const
   info • Unnecessary 'const' keyword • lib/features/outfit_analysis/domain/catalog/fashion_color_library_data.dart:365:10 • unnecessary_const
   info • Unnecessary 'const' keyword • lib/features/outfit_analysis/domain/catalog/fashion_color_library_data.dart:372:10 • unnecessary_const
   info • Unnecessary 'const' keyword • lib/features/outfit_analysis/domain/catalog/fashion_color_library_data.dart:373:10 • unnecessary_const
   info • Unnecessary 'const' keyword • lib/features/outfit_analysis/domain/catalog/fashion_color_library_data.dart:380:10 • unnecessary_const
   info • Unnecessary 'const' keyword • lib/features/outfit_analysis/domain/catalog/fashion_color_library_data.dart:381:10 • unnecessary_const
   info • Unnecessary 'const' keyword • lib/features/outfit_analysis/domain/catalog/fashion_color_library_data.dart:388:10 • unnecessary_const
   info • Unnecessary 'const' keyword • lib/features/outfit_analysis/domain/catalog/fashion_color_library_data.dart:389:10 • unnecessary_const
   info • Unnecessary 'const' keyword • lib/features/outfit_analysis/domain/catalog/fashion_color_library_data.dart:396:10 • unnecessary_const
   info • Unnecessary 'const' keyword • lib/features/outfit_analysis/domain/catalog/fashion_color_library_data.dart:397:10 • unnecessary_const
   info • Unnecessary 'const' keyword • lib/features/outfit_analysis/domain/catalog/fashion_color_library_data.dart:404:10 • unnecessary_const
   info • Unnecessary 'const' keyword • lib/features/outfit_analysis/domain/catalog/fashion_color_library_data.dart:405:10 • unnecessary_const
   info • Unnecessary 'const' keyword • lib/features/outfit_analysis/domain/catalog/fashion_color_library_data.dart:412:10 • unnecessary_const
   info • Unnecessary 'const' keyword • lib/features/outfit_analysis/domain/catalog/fashion_color_library_data.dart:413:10 • unnecessary_const
   info • Unnecessary 'const' keyword • lib/features/outfit_analysis/domain/catalog/fashion_color_library_data.dart:420:10 • unnecessary_const
   info • Unnecessary 'const' keyword • lib/features/outfit_analysis/domain/catalog/fashion_color_library_data.dart:421:10 • unnecessary_const
   info • Unnecessary 'const' keyword • lib/features/outfit_analysis/domain/catalog/fashion_color_library_data.dart:428:10 • unnecessary_const
   info • Unnecessary 'const' keyword • lib/features/outfit_analysis/domain/catalog/fashion_color_library_data.dart:429:10 • unnecessary_const
   info • Unnecessary 'const' keyword • lib/features/outfit_analysis/domain/catalog/fashion_color_library_data.dart:436:10 • unnecessary_const
   info • Unnecessary 'const' keyword • lib/features/outfit_analysis/domain/catalog/fashion_color_library_data.dart:437:10 • unnecessary_const
   info • Unnecessary 'const' keyword • lib/features/outfit_analysis/domain/catalog/fashion_color_library_data.dart:444:10 • unnecessary_const
   info • Unnecessary 'const' keyword • lib/features/outfit_analysis/domain/catalog/fashion_color_library_data.dart:445:10 • unnecessary_const
   info • Unnecessary 'const' keyword • lib/features/outfit_analysis/domain/catalog/fashion_color_library_data.dart:452:10 • unnecessary_const
   info • Unnecessary 'const' keyword • lib/features/outfit_analysis/domain/catalog/fashion_color_library_data.dart:453:10 • unnecessary_const
   info • Unnecessary 'const' keyword • lib/features/outfit_analysis/domain/catalog/fashion_color_library_data.dart:460:10 • unnecessary_const
   info • Unnecessary 'const' keyword • lib/features/outfit_analysis/domain/catalog/fashion_color_library_data.dart:461:10 • unnecessary_const
   info • Unnecessary 'const' keyword • lib/features/outfit_analysis/domain/catalog/fashion_color_library_data.dart:468:10 • unnecessary_const
   info • Unnecessary 'const' keyword • lib/features/outfit_analysis/domain/catalog/fashion_color_library_data.dart:469:10 • unnecessary_const
   info • Unnecessary 'const' keyword • lib/features/outfit_analysis/domain/catalog/fashion_color_library_data.dart:476:10 • unnecessary_const
   info • Unnecessary 'const' keyword • lib/features/outfit_analysis/domain/catalog/fashion_color_library_data.dart:477:10 • unnecessary_const
   info • Unnecessary 'const' keyword • lib/features/outfit_analysis/domain/catalog/fashion_color_library_data.dart:484:10 • unnecessary_const
   info • Unnecessary 'const' keyword • lib/features/outfit_analysis/domain/catalog/fashion_color_library_data.dart:485:10 • unnecessary_const
   info • Unnecessary 'const' keyword • lib/features/outfit_analysis/domain/catalog/fashion_color_library_data.dart:492:10 • unnecessary_const
   info • Unnecessary 'const' keyword • lib/features/outfit_analysis/domain/catalog/fashion_color_library_data.dart:493:10 • unnecessary_const
   info • Unnecessary 'const' keyword • lib/features/outfit_analysis/domain/catalog/fashion_color_library_data.dart:500:10 • unnecessary_const
   info • Unnecessary 'const' keyword • lib/features/outfit_analysis/domain/catalog/fashion_color_library_data.dart:501:10 • unnecessary_const
   info • Unnecessary 'const' keyword • lib/features/outfit_analysis/domain/catalog/fashion_color_library_data.dart:508:10 • unnecessary_const
   info • Unnecessary 'const' keyword • lib/features/outfit_analysis/domain/catalog/fashion_color_library_data.dart:509:10 • unnecessary_const
   info • Unnecessary 'const' keyword • lib/features/outfit_analysis/domain/catalog/fashion_color_library_data.dart:516:10 • unnecessary_const
   info • Unnecessary 'const' keyword • lib/features/outfit_analysis/domain/catalog/fashion_color_library_data.dart:517:10 • unnecessary_const
   info • Unnecessary 'const' keyword • lib/features/outfit_analysis/domain/catalog/fashion_color_library_data.dart:524:10 • unnecessary_const
   info • Unnecessary 'const' keyword • lib/features/outfit_analysis/domain/catalog/fashion_color_library_data.dart:525:10 • unnecessary_const
   info • Unnecessary 'const' keyword • lib/features/outfit_analysis/domain/catalog/fashion_color_library_data.dart:532:10 • unnecessary_const
   info • Unnecessary 'const' keyword • lib/features/outfit_analysis/domain/catalog/fashion_color_library_data.dart:533:10 • unnecessary_const
   info • Unnecessary 'const' keyword • lib/features/outfit_analysis/domain/catalog/fashion_color_library_data.dart:540:10 • unnecessary_const
   info • Unnecessary 'const' keyword • lib/features/outfit_analysis/domain/catalog/fashion_color_library_data.dart:541:10 • unnecessary_const
   info • Unnecessary 'const' keyword • lib/features/outfit_analysis/domain/catalog/fashion_color_library_data.dart:548:10 • unnecessary_const
   info • Unnecessary 'const' keyword • lib/features/outfit_analysis/domain/catalog/fashion_color_library_data.dart:549:10 • unnecessary_const
   info • Unnecessary 'const' keyword • lib/features/outfit_analysis/domain/catalog/fashion_color_library_data.dart:556:10 • unnecessary_const
   info • Unnecessary 'const' keyword • lib/features/outfit_analysis/domain/catalog/fashion_color_library_data.dart:557:10 • unnecessary_const
   info • Unnecessary 'const' keyword • lib/features/outfit_analysis/domain/catalog/fashion_color_library_data.dart:564:10 • unnecessary_const
   info • Unnecessary 'const' keyword • lib/features/outfit_analysis/domain/catalog/fashion_color_library_data.dart:565:10 • unnecessary_const
   info • Unnecessary 'const' keyword • lib/features/outfit_analysis/domain/catalog/fashion_color_library_data.dart:572:10 • unnecessary_const
   info • Unnecessary 'const' keyword • lib/features/outfit_analysis/domain/catalog/fashion_color_library_data.dart:573:10 • unnecessary_const
   info • Unnecessary 'const' keyword • lib/features/outfit_analysis/domain/catalog/fashion_color_library_data.dart:580:10 • unnecessary_const
   info • Unnecessary 'const' keyword • lib/features/outfit_analysis/domain/catalog/fashion_color_library_data.dart:581:10 • unnecessary_const
   info • Unnecessary 'const' keyword • lib/features/outfit_analysis/domain/catalog/fashion_color_library_data.dart:588:10 • unnecessary_const
   info • Unnecessary 'const' keyword • lib/features/outfit_analysis/domain/catalog/fashion_color_library_data.dart:589:10 • unnecessary_const
   info • Unnecessary 'const' keyword • lib/features/outfit_analysis/domain/catalog/fashion_color_library_data.dart:596:10 • unnecessary_const
   info • Unnecessary 'const' keyword • lib/features/outfit_analysis/domain/catalog/fashion_color_library_data.dart:597:10 • unnecessary_const
   info • Unnecessary 'const' keyword • lib/features/outfit_analysis/domain/catalog/fashion_color_library_data.dart:604:10 • unnecessary_const
   info • Unnecessary 'const' keyword • lib/features/outfit_analysis/domain/catalog/fashion_color_library_data.dart:605:10 • unnecessary_const
   info • Unnecessary 'const' keyword • lib/features/outfit_analysis/domain/catalog/fashion_color_library_data.dart:612:10 • unnecessary_const
   info • Unnecessary 'const' keyword • lib/features/outfit_analysis/domain/catalog/fashion_color_library_data.dart:613:10 • unnecessary_const
   info • Unnecessary 'const' keyword • lib/features/outfit_analysis/domain/catalog/fashion_color_library_data.dart:620:10 • unnecessary_const
   info • Unnecessary 'const' keyword • lib/features/outfit_analysis/domain/catalog/fashion_color_library_data.dart:621:10 • unnecessary_const
   info • Unnecessary 'const' keyword • lib/features/outfit_analysis/domain/catalog/fashion_color_library_data.dart:628:10 • unnecessary_const
   info • Unnecessary 'const' keyword • lib/features/outfit_analysis/domain/catalog/fashion_color_library_data.dart:629:10 • unnecessary_const
   info • Unnecessary 'const' keyword • lib/features/outfit_analysis/domain/catalog/fashion_color_library_data.dart:636:10 • unnecessary_const
   info • Unnecessary 'const' keyword • lib/features/outfit_analysis/domain/catalog/fashion_color_library_data.dart:637:10 • unnecessary_const
   info • Unnecessary 'const' keyword • lib/features/outfit_analysis/domain/catalog/fashion_color_library_data.dart:644:10 • unnecessary_const
   info • Unnecessary 'const' keyword • lib/features/outfit_analysis/domain/catalog/fashion_color_library_data.dart:645:10 • unnecessary_const
   info • Unnecessary 'const' keyword • lib/features/outfit_analysis/domain/catalog/fashion_color_library_data.dart:652:10 • unnecessary_const
   info • Unnecessary 'const' keyword • lib/features/outfit_analysis/domain/catalog/fashion_color_library_data.dart:653:10 • unnecessary_const
   info • Unnecessary 'const' keyword • lib/features/outfit_analysis/domain/catalog/fashion_color_library_data.dart:660:10 • unnecessary_const
   info • Unnecessary 'const' keyword • lib/features/outfit_analysis/domain/catalog/fashion_color_library_data.dart:661:10 • unnecessary_const
   info • Unnecessary 'const' keyword • lib/features/outfit_analysis/domain/catalog/fashion_color_library_data.dart:668:10 • unnecessary_const
   info • Unnecessary 'const' keyword • lib/features/outfit_analysis/domain/catalog/fashion_color_library_data.dart:669:10 • unnecessary_const
   info • Unnecessary 'const' keyword • lib/features/outfit_analysis/domain/catalog/fashion_color_library_data.dart:676:10 • unnecessary_const
   info • Unnecessary 'const' keyword • lib/features/outfit_analysis/domain/catalog/fashion_color_library_data.dart:677:10 • unnecessary_const
   info • Unnecessary 'const' keyword • lib/features/outfit_analysis/domain/catalog/fashion_color_library_data.dart:684:10 • unnecessary_const
   info • Unnecessary 'const' keyword • lib/features/outfit_analysis/domain/catalog/fashion_color_library_data.dart:685:10 • unnecessary_const
   info • Unnecessary 'const' keyword • lib/features/outfit_analysis/domain/catalog/fashion_color_library_data.dart:692:10 • unnecessary_const
   info • Unnecessary 'const' keyword • lib/features/outfit_analysis/domain/catalog/fashion_color_library_data.dart:693:10 • unnecessary_const
   info • Unnecessary 'const' keyword • lib/features/outfit_analysis/domain/catalog/fashion_color_library_data.dart:700:10 • unnecessary_const
   info • Unnecessary 'const' keyword • lib/features/outfit_analysis/domain/catalog/fashion_color_library_data.dart:701:10 • unnecessary_const
   info • Unnecessary 'const' keyword • lib/features/outfit_analysis/domain/catalog/fashion_color_library_data.dart:708:10 • unnecessary_const
   info • Unnecessary 'const' keyword • lib/features/outfit_analysis/domain/catalog/fashion_color_library_data.dart:709:10 • unnecessary_const
   info • Unnecessary 'const' keyword • lib/features/outfit_analysis/domain/catalog/fashion_color_library_data.dart:716:10 • unnecessary_const
   info • Unnecessary 'const' keyword • lib/features/outfit_analysis/domain/catalog/fashion_color_library_data.dart:717:10 • unnecessary_const
   info • Unnecessary 'const' keyword • lib/features/outfit_analysis/domain/catalog/fashion_color_library_data.dart:724:10 • unnecessary_const
   info • Unnecessary 'const' keyword • lib/features/outfit_analysis/domain/catalog/fashion_color_library_data.dart:725:10 • unnecessary_const
   info • Unnecessary 'const' keyword • lib/features/outfit_analysis/domain/catalog/fashion_color_library_data.dart:732:10 • unnecessary_const
   info • Unnecessary 'const' keyword • lib/features/outfit_analysis/domain/catalog/fashion_color_library_data.dart:733:10 • unnecessary_const
   info • Unnecessary 'const' keyword • lib/features/outfit_analysis/domain/catalog/fashion_color_library_data.dart:740:10 • unnecessary_const
   info • Unnecessary 'const' keyword • lib/features/outfit_analysis/domain/catalog/fashion_color_library_data.dart:741:10 • unnecessary_const
   info • Unnecessary 'const' keyword • lib/features/outfit_analysis/domain/catalog/fashion_color_library_data.dart:748:10 • unnecessary_const
   info • Unnecessary 'const' keyword • lib/features/outfit_analysis/domain/catalog/fashion_color_library_data.dart:749:10 • unnecessary_const
   info • Unnecessary 'const' keyword • lib/features/outfit_analysis/domain/catalog/fashion_color_library_data.dart:756:10 • unnecessary_const
   info • Unnecessary 'const' keyword • lib/features/outfit_analysis/domain/catalog/fashion_color_library_data.dart:757:10 • unnecessary_const
   info • Unnecessary 'const' keyword • lib/features/outfit_analysis/domain/catalog/fashion_color_library_data.dart:764:10 • unnecessary_const
   info • Unnecessary 'const' keyword • lib/features/outfit_analysis/domain/catalog/fashion_color_library_data.dart:765:10 • unnecessary_const
   info • Unnecessary 'const' keyword • lib/features/outfit_analysis/domain/catalog/fashion_color_library_data.dart:772:10 • unnecessary_const
   info • Unnecessary 'const' keyword • lib/features/outfit_analysis/domain/catalog/fashion_color_library_data.dart:773:10 • unnecessary_const
   info • Unnecessary 'const' keyword • lib/features/outfit_analysis/domain/catalog/fashion_color_library_data.dart:780:10 • unnecessary_const
   info • Unnecessary 'const' keyword • lib/features/outfit_analysis/domain/catalog/fashion_color_library_data.dart:781:10 • unnecessary_const
   info • Unnecessary 'const' keyword • lib/features/outfit_analysis/domain/catalog/fashion_color_library_data.dart:788:10 • unnecessary_const
   info • Unnecessary 'const' keyword • lib/features/outfit_analysis/domain/catalog/fashion_color_library_data.dart:789:10 • unnecessary_const
   info • Unnecessary 'const' keyword • lib/features/outfit_analysis/domain/catalog/fashion_color_library_data.dart:796:10 • unnecessary_const
   info • Unnecessary 'const' keyword • lib/features/outfit_analysis/domain/catalog/fashion_color_library_data.dart:797:10 • unnecessary_const
   info • Unnecessary 'const' keyword • lib/features/outfit_analysis/domain/catalog/fashion_color_library_data.dart:804:10 • unnecessary_const
   info • Unnecessary 'const' keyword • lib/features/outfit_analysis/domain/catalog/fashion_color_library_data.dart:805:10 • unnecessary_const
   info • Unnecessary 'const' keyword • lib/features/outfit_analysis/domain/catalog/fashion_color_library_data.dart:812:10 • unnecessary_const
   info • Unnecessary 'const' keyword • lib/features/outfit_analysis/domain/catalog/fashion_color_library_data.dart:813:10 • unnecessary_const
   info • Unnecessary 'const' keyword • lib/features/outfit_analysis/domain/catalog/fashion_color_library_data.dart:820:10 • unnecessary_const
   info • Unnecessary 'const' keyword • lib/features/outfit_analysis/domain/catalog/fashion_color_library_data.dart:821:10 • unnecessary_const
   info • Unnecessary 'const' keyword • lib/features/outfit_analysis/domain/catalog/fashion_color_library_data.dart:828:10 • unnecessary_const
   info • Unnecessary 'const' keyword • lib/features/outfit_analysis/domain/catalog/fashion_color_library_data.dart:829:10 • unnecessary_const
   info • Unnecessary 'const' keyword • lib/features/outfit_analysis/domain/catalog/fashion_color_library_data.dart:836:10 • unnecessary_const
   info • Unnecessary 'const' keyword • lib/features/outfit_analysis/domain/catalog/fashion_color_library_data.dart:837:10 • unnecessary_const
   info • Unnecessary 'const' keyword • lib/features/outfit_analysis/domain/catalog/fashion_color_library_data.dart:844:10 • unnecessary_const
   info • Unnecessary 'const' keyword • lib/features/outfit_analysis/domain/catalog/fashion_color_library_data.dart:845:10 • unnecessary_const
   info • Unnecessary 'const' keyword • lib/features/outfit_analysis/domain/catalog/fashion_color_library_data.dart:852:10 • unnecessary_const
   info • Unnecessary 'const' keyword • lib/features/outfit_analysis/domain/catalog/fashion_color_library_data.dart:853:10 • unnecessary_const
   info • Unnecessary 'const' keyword • lib/features/outfit_analysis/domain/catalog/fashion_color_library_data.dart:860:10 • unnecessary_const
   info • Unnecessary 'const' keyword • lib/features/outfit_analysis/domain/catalog/fashion_color_library_data.dart:861:10 • unnecessary_const
   info • Unnecessary 'const' keyword • lib/features/outfit_analysis/domain/catalog/fashion_color_library_data.dart:868:10 • unnecessary_const
   info • Unnecessary 'const' keyword • lib/features/outfit_analysis/domain/catalog/fashion_color_library_data.dart:869:10 • unnecessary_const
   info • Unnecessary 'const' keyword • lib/features/outfit_analysis/domain/catalog/fashion_color_library_data.dart:876:10 • unnecessary_const
   info • Unnecessary 'const' keyword • lib/features/outfit_analysis/domain/catalog/fashion_color_library_data.dart:877:10 • unnecessary_const
   info • Unnecessary 'const' keyword • lib/features/outfit_analysis/domain/catalog/fashion_color_library_data.dart:884:10 • unnecessary_const
   info • Unnecessary 'const' keyword • lib/features/outfit_analysis/domain/catalog/fashion_color_library_data.dart:885:10 • unnecessary_const
   info • Unnecessary 'const' keyword • lib/features/outfit_analysis/domain/catalog/fashion_color_library_data.dart:892:10 • unnecessary_const
   info • Unnecessary 'const' keyword • lib/features/outfit_analysis/domain/catalog/fashion_color_library_data.dart:893:10 • unnecessary_const
   info • Unnecessary 'const' keyword • lib/features/outfit_analysis/domain/catalog/fashion_color_library_data.dart:900:10 • unnecessary_const
   info • Unnecessary 'const' keyword • lib/features/outfit_analysis/domain/catalog/fashion_color_library_data.dart:901:10 • unnecessary_const
   info • Unnecessary 'const' keyword • lib/features/outfit_analysis/domain/catalog/fashion_color_library_data.dart:908:10 • unnecessary_const
   info • Unnecessary 'const' keyword • lib/features/outfit_analysis/domain/catalog/fashion_color_library_data.dart:909:10 • unnecessary_const
   info • Unnecessary 'const' keyword • lib/features/outfit_analysis/domain/catalog/fashion_color_library_data.dart:916:10 • unnecessary_const
   info • Unnecessary 'const' keyword • lib/features/outfit_analysis/domain/catalog/fashion_color_library_data.dart:917:10 • unnecessary_const
   info • Unnecessary 'const' keyword • lib/features/outfit_analysis/domain/catalog/fashion_color_library_data.dart:924:10 • unnecessary_const
   info • Unnecessary 'const' keyword • lib/features/outfit_analysis/domain/catalog/fashion_color_library_data.dart:925:10 • unnecessary_const
   info • Unnecessary 'const' keyword • lib/features/outfit_analysis/domain/catalog/fashion_color_library_data.dart:932:10 • unnecessary_const
   info • Unnecessary 'const' keyword • lib/features/outfit_analysis/domain/catalog/fashion_color_library_data.dart:933:10 • unnecessary_const
   info • Unnecessary 'const' keyword • lib/features/outfit_analysis/domain/catalog/fashion_color_library_data.dart:940:10 • unnecessary_const
   info • Unnecessary 'const' keyword • lib/features/outfit_analysis/domain/catalog/fashion_color_library_data.dart:941:10 • unnecessary_const
   info • Unnecessary 'const' keyword • lib/features/outfit_analysis/domain/catalog/fashion_color_library_data.dart:948:10 • unnecessary_const
   info • Unnecessary 'const' keyword • lib/features/outfit_analysis/domain/catalog/fashion_color_library_data.dart:949:10 • unnecessary_const
   info • Unnecessary 'const' keyword • lib/features/outfit_analysis/domain/catalog/fashion_color_library_data.dart:956:10 • unnecessary_const
   info • Unnecessary 'const' keyword • lib/features/outfit_analysis/domain/catalog/fashion_color_library_data.dart:957:10 • unnecessary_const
   info • Unnecessary 'const' keyword • lib/features/outfit_analysis/domain/catalog/fashion_color_library_data.dart:964:10 • unnecessary_const
   info • Unnecessary 'const' keyword • lib/features/outfit_analysis/domain/catalog/fashion_color_library_data.dart:965:10 • unnecessary_const
   info • Unnecessary 'const' keyword • lib/features/outfit_analysis/domain/catalog/fashion_color_library_data.dart:972:10 • unnecessary_const
   info • Unnecessary 'const' keyword • lib/features/outfit_analysis/domain/catalog/fashion_color_library_data.dart:973:10 • unnecessary_const
   info • Unnecessary 'const' keyword • lib/features/outfit_analysis/domain/catalog/fashion_color_library_data.dart:980:10 • unnecessary_const
   info • Unnecessary 'const' keyword • lib/features/outfit_analysis/domain/catalog/fashion_color_library_data.dart:981:10 • unnecessary_const
   info • Unnecessary 'const' keyword • lib/features/outfit_analysis/domain/catalog/fashion_color_library_data.dart:988:10 • unnecessary_const
   info • Unnecessary 'const' keyword • lib/features/outfit_analysis/domain/catalog/fashion_color_library_data.dart:989:10 • unnecessary_const
   info • Unnecessary 'const' keyword • lib/features/outfit_analysis/domain/catalog/fashion_color_library_data.dart:996:10 • unnecessary_const
   info • Unnecessary 'const' keyword • lib/features/outfit_analysis/domain/catalog/fashion_color_library_data.dart:997:10 • unnecessary_const
   info • Unnecessary 'const' keyword • lib/features/outfit_analysis/domain/catalog/fashion_color_library_data.dart:1004:10 • unnecessary_const
   info • Unnecessary 'const' keyword • lib/features/outfit_analysis/domain/catalog/fashion_color_library_data.dart:1005:10 • unnecessary_const
   info • Unnecessary 'const' keyword • lib/features/outfit_analysis/domain/catalog/fashion_color_library_data.dart:1012:10 • unnecessary_const
   info • Unnecessary 'const' keyword • lib/features/outfit_analysis/domain/catalog/fashion_color_library_data.dart:1013:10 • unnecessary_const
   info • Unnecessary 'const' keyword • lib/features/outfit_analysis/domain/catalog/fashion_color_library_data.dart:1020:10 • unnecessary_const
   info • Unnecessary 'const' keyword • lib/features/outfit_analysis/domain/catalog/fashion_color_library_data.dart:1021:10 • unnecessary_const
   info • Unnecessary 'const' keyword • lib/features/outfit_analysis/domain/catalog/fashion_color_library_data.dart:1028:10 • unnecessary_const
   info • Unnecessary 'const' keyword • lib/features/outfit_analysis/domain/catalog/fashion_color_library_data.dart:1029:10 • unnecessary_const
   info • Unnecessary 'const' keyword • lib/features/outfit_analysis/domain/catalog/fashion_color_library_data.dart:1036:10 • unnecessary_const
   info • Unnecessary 'const' keyword • lib/features/outfit_analysis/domain/catalog/fashion_color_library_data.dart:1037:10 • unnecessary_const
   info • Unnecessary 'const' keyword • lib/features/outfit_analysis/domain/catalog/fashion_color_library_data.dart:1044:10 • unnecessary_const
   info • Unnecessary 'const' keyword • lib/features/outfit_analysis/domain/catalog/fashion_color_library_data.dart:1045:10 • unnecessary_const
   info • Unnecessary 'const' keyword • lib/features/outfit_analysis/domain/catalog/fashion_color_library_data.dart:1052:10 • unnecessary_const
   info • Unnecessary 'const' keyword • lib/features/outfit_analysis/domain/catalog/fashion_color_library_data.dart:1053:10 • unnecessary_const
   info • Unnecessary 'const' keyword • lib/features/outfit_analysis/domain/catalog/fashion_color_library_data.dart:1060:10 • unnecessary_const
   info • Unnecessary 'const' keyword • lib/features/outfit_analysis/domain/catalog/fashion_color_library_data.dart:1061:10 • unnecessary_const
   info • Unnecessary 'const' keyword • lib/features/outfit_analysis/domain/catalog/fashion_color_library_data.dart:1068:10 • unnecessary_const
   info • Unnecessary 'const' keyword • lib/features/outfit_analysis/domain/catalog/fashion_color_library_data.dart:1069:10 • unnecessary_const
   info • Unnecessary 'const' keyword • lib/features/outfit_analysis/domain/catalog/fashion_color_library_data.dart:1076:10 • unnecessary_const
   info • Unnecessary 'const' keyword • lib/features/outfit_analysis/domain/catalog/fashion_color_library_data.dart:1077:10 • unnecessary_const
   info • Unnecessary 'const' keyword • lib/features/outfit_analysis/domain/catalog/fashion_color_library_data.dart:1084:10 • unnecessary_const
   info • Unnecessary 'const' keyword • lib/features/outfit_analysis/domain/catalog/fashion_color_library_data.dart:1085:10 • unnecessary_const
   info • Unnecessary 'const' keyword • lib/features/outfit_analysis/domain/catalog/fashion_color_library_data.dart:1092:10 • unnecessary_const
   info • Unnecessary 'const' keyword • lib/features/outfit_analysis/domain/catalog/fashion_color_library_data.dart:1093:10 • unnecessary_const
   info • Unnecessary 'const' keyword • lib/features/outfit_analysis/domain/catalog/fashion_color_library_data.dart:1100:10 • unnecessary_const
   info • Unnecessary 'const' keyword • lib/features/outfit_analysis/domain/catalog/fashion_color_library_data.dart:1101:10 • unnecessary_const
   info • Unnecessary 'const' keyword • lib/features/outfit_analysis/domain/catalog/fashion_color_library_data.dart:1108:10 • unnecessary_const
   info • Unnecessary 'const' keyword • lib/features/outfit_analysis/domain/catalog/fashion_color_library_data.dart:1109:10 • unnecessary_const
   info • Unnecessary 'const' keyword • lib/features/outfit_analysis/domain/catalog/fashion_color_library_data.dart:1116:10 • unnecessary_const
   info • Unnecessary 'const' keyword • lib/features/outfit_analysis/domain/catalog/fashion_color_library_data.dart:1117:10 • unnecessary_const
   info • Unnecessary 'const' keyword • lib/features/outfit_analysis/domain/catalog/fashion_color_library_data.dart:1124:10 • unnecessary_const
   info • Unnecessary 'const' keyword • lib/features/outfit_analysis/domain/catalog/fashion_color_library_data.dart:1125:10 • unnecessary_const
   info • Unnecessary 'const' keyword • lib/features/outfit_analysis/domain/catalog/fashion_color_library_data.dart:1132:10 • unnecessary_const
   info • Unnecessary 'const' keyword • lib/features/outfit_analysis/domain/catalog/fashion_color_library_data.dart:1133:10 • unnecessary_const
   info • Unnecessary 'const' keyword • lib/features/outfit_analysis/domain/catalog/fashion_color_library_data.dart:1140:10 • unnecessary_const
   info • Unnecessary 'const' keyword • lib/features/outfit_analysis/domain/catalog/fashion_color_library_data.dart:1141:10 • unnecessary_const
   info • Unnecessary 'const' keyword • lib/features/outfit_analysis/domain/catalog/fashion_color_library_data.dart:1148:10 • unnecessary_const
   info • Unnecessary 'const' keyword • lib/features/outfit_analysis/domain/catalog/fashion_color_library_data.dart:1149:10 • unnecessary_const
   info • Unnecessary 'const' keyword • lib/features/outfit_analysis/domain/catalog/fashion_color_library_data.dart:1156:10 • unnecessary_const
   info • Unnecessary 'const' keyword • lib/features/outfit_analysis/domain/catalog/fashion_color_library_data.dart:1157:10 • unnecessary_const
   info • Unnecessary 'const' keyword • lib/features/outfit_analysis/domain/catalog/fashion_color_library_data.dart:1164:10 • unnecessary_const
   info • Unnecessary 'const' keyword • lib/features/outfit_analysis/domain/catalog/fashion_color_library_data.dart:1165:10 • unnecessary_const
   info • Unnecessary 'const' keyword • lib/features/outfit_analysis/domain/catalog/fashion_color_library_data.dart:1172:10 • unnecessary_const
   info • Unnecessary 'const' keyword • lib/features/outfit_analysis/domain/catalog/fashion_color_library_data.dart:1173:10 • unnecessary_const
   info • Unnecessary 'const' keyword • lib/features/outfit_analysis/domain/catalog/fashion_color_library_data.dart:1180:10 • unnecessary_const
   info • Unnecessary 'const' keyword • lib/features/outfit_analysis/domain/catalog/fashion_color_library_data.dart:1181:10 • unnecessary_const
   info • Unnecessary 'const' keyword • lib/features/outfit_analysis/domain/catalog/fashion_color_library_data.dart:1188:10 • unnecessary_const
   info • Unnecessary 'const' keyword • lib/features/outfit_analysis/domain/catalog/fashion_color_library_data.dart:1189:10 • unnecessary_const
   info • Unnecessary 'const' keyword • lib/features/outfit_analysis/domain/catalog/fashion_color_library_data.dart:1196:10 • unnecessary_const
   info • Unnecessary 'const' keyword • lib/features/outfit_analysis/domain/catalog/fashion_color_library_data.dart:1197:10 • unnecessary_const
   info • Unnecessary 'const' keyword • lib/features/outfit_analysis/domain/catalog/fashion_color_library_data.dart:1204:10 • unnecessary_const
   info • Unnecessary 'const' keyword • lib/features/outfit_analysis/domain/catalog/fashion_color_library_data.dart:1205:10 • unnecessary_const
   info • Unnecessary 'const' keyword • lib/features/outfit_analysis/domain/catalog/fashion_color_library_data.dart:1212:10 • unnecessary_const
   info • Unnecessary 'const' keyword • lib/features/outfit_analysis/domain/catalog/fashion_color_library_data.dart:1213:10 • unnecessary_const
   info • Unnecessary 'const' keyword • lib/features/outfit_analysis/domain/catalog/fashion_color_library_data.dart:1220:10 • unnecessary_const
   info • Unnecessary 'const' keyword • lib/features/outfit_analysis/domain/catalog/fashion_color_library_data.dart:1221:10 • unnecessary_const
   info • Unnecessary 'const' keyword • lib/features/outfit_analysis/domain/catalog/fashion_color_library_data.dart:1228:10 • unnecessary_const
   info • Unnecessary 'const' keyword • lib/features/outfit_analysis/domain/catalog/fashion_color_library_data.dart:1229:10 • unnecessary_const
   info • Unnecessary 'const' keyword • lib/features/outfit_analysis/domain/catalog/fashion_color_library_data.dart:1236:10 • unnecessary_const
   info • Unnecessary 'const' keyword • lib/features/outfit_analysis/domain/catalog/fashion_color_library_data.dart:1237:10 • unnecessary_const
   info • Unnecessary 'const' keyword • lib/features/outfit_analysis/domain/catalog/fashion_color_library_data.dart:1244:10 • unnecessary_const
   info • Unnecessary 'const' keyword • lib/features/outfit_analysis/domain/catalog/fashion_color_library_data.dart:1245:10 • unnecessary_const
   info • Unnecessary 'const' keyword • lib/features/outfit_analysis/domain/catalog/fashion_color_library_data.dart:1252:10 • unnecessary_const
   info • Unnecessary 'const' keyword • lib/features/outfit_analysis/domain/catalog/fashion_color_library_data.dart:1253:10 • unnecessary_const
   info • Unnecessary 'const' keyword • lib/features/outfit_analysis/domain/catalog/fashion_color_library_data.dart:1260:10 • unnecessary_const
   info • Unnecessary 'const' keyword • lib/features/outfit_analysis/domain/catalog/fashion_color_library_data.dart:1261:10 • unnecessary_const
   info • Unnecessary 'const' keyword • lib/features/outfit_analysis/domain/catalog/fashion_color_library_data.dart:1268:10 • unnecessary_const
   info • Unnecessary 'const' keyword • lib/features/outfit_analysis/domain/catalog/fashion_color_library_data.dart:1269:10 • unnecessary_const
   info • Unnecessary 'const' keyword • lib/features/outfit_analysis/domain/catalog/fashion_color_library_data.dart:1276:10 • unnecessary_const
   info • Unnecessary 'const' keyword • lib/features/outfit_analysis/domain/catalog/fashion_color_library_data.dart:1277:10 • unnecessary_const
   info • Unnecessary 'const' keyword • lib/features/outfit_analysis/domain/catalog/fashion_color_library_data.dart:1284:10 • unnecessary_const
   info • Unnecessary 'const' keyword • lib/features/outfit_analysis/domain/catalog/fashion_color_library_data.dart:1285:10 • unnecessary_const
   info • Unnecessary 'const' keyword • lib/features/outfit_analysis/domain/catalog/fashion_color_library_data.dart:1292:10 • unnecessary_const
   info • Unnecessary 'const' keyword • lib/features/outfit_analysis/domain/catalog/fashion_color_library_data.dart:1293:10 • unnecessary_const
   info • Unnecessary 'const' keyword • lib/features/outfit_analysis/domain/catalog/fashion_color_library_data.dart:1300:10 • unnecessary_const
   info • Unnecessary 'const' keyword • lib/features/outfit_analysis/domain/catalog/fashion_color_library_data.dart:1301:10 • unnecessary_const
   info • Unnecessary 'const' keyword • lib/features/outfit_analysis/domain/catalog/fashion_color_library_data.dart:1308:10 • unnecessary_const
   info • Unnecessary 'const' keyword • lib/features/outfit_analysis/domain/catalog/fashion_color_library_data.dart:1309:10 • unnecessary_const
   info • Unnecessary 'const' keyword • lib/features/outfit_analysis/domain/catalog/fashion_color_library_data.dart:1316:10 • unnecessary_const
   info • Unnecessary 'const' keyword • lib/features/outfit_analysis/domain/catalog/fashion_color_library_data.dart:1317:10 • unnecessary_const
   info • Unnecessary 'const' keyword • lib/features/outfit_analysis/domain/catalog/fashion_color_library_data.dart:1324:10 • unnecessary_const
   info • Unnecessary 'const' keyword • lib/features/outfit_analysis/domain/catalog/fashion_color_library_data.dart:1325:10 • unnecessary_const
   info • Unnecessary 'const' keyword • lib/features/outfit_analysis/domain/catalog/fashion_color_library_data.dart:1332:10 • unnecessary_const
   info • Unnecessary 'const' keyword • lib/features/outfit_analysis/domain/catalog/fashion_color_library_data.dart:1333:10 • unnecessary_const
   info • Unnecessary 'const' keyword • lib/features/outfit_analysis/domain/catalog/fashion_color_library_data.dart:1340:10 • unnecessary_const
   info • Unnecessary 'const' keyword • lib/features/outfit_analysis/domain/catalog/fashion_color_library_data.dart:1341:10 • unnecessary_const
   info • Unnecessary 'const' keyword • lib/features/outfit_analysis/domain/catalog/fashion_color_library_data.dart:1348:10 • unnecessary_const
   info • Unnecessary 'const' keyword • lib/features/outfit_analysis/domain/catalog/fashion_color_library_data.dart:1349:10 • unnecessary_const
   info • Unnecessary 'const' keyword • lib/features/outfit_analysis/domain/catalog/fashion_color_library_data.dart:1356:10 • unnecessary_const
   info • Unnecessary 'const' keyword • lib/features/outfit_analysis/domain/catalog/fashion_color_library_data.dart:1357:10 • unnecessary_const
   info • Unnecessary 'const' keyword • lib/features/outfit_analysis/domain/catalog/fashion_color_library_data.dart:1364:10 • unnecessary_const
   info • Unnecessary 'const' keyword • lib/features/outfit_analysis/domain/catalog/fashion_color_library_data.dart:1365:10 • unnecessary_const
   info • Unnecessary 'const' keyword • lib/features/outfit_analysis/domain/catalog/fashion_color_library_data.dart:1372:10 • unnecessary_const
   info • Unnecessary 'const' keyword • lib/features/outfit_analysis/domain/catalog/fashion_color_library_data.dart:1373:10 • unnecessary_const
   info • Unnecessary 'const' keyword • lib/features/outfit_analysis/domain/catalog/fashion_color_library_data.dart:1380:10 • unnecessary_const
   info • Unnecessary 'const' keyword • lib/features/outfit_analysis/domain/catalog/fashion_color_library_data.dart:1381:10 • unnecessary_const
   info • Unnecessary 'const' keyword • lib/features/outfit_analysis/domain/catalog/fashion_color_library_data.dart:1388:10 • unnecessary_const
   info • Unnecessary 'const' keyword • lib/features/outfit_analysis/domain/catalog/fashion_color_library_data.dart:1389:10 • unnecessary_const
   info • Unnecessary 'const' keyword • lib/features/outfit_analysis/domain/catalog/fashion_color_library_data.dart:1396:10 • unnecessary_const
   info • Unnecessary 'const' keyword • lib/features/outfit_analysis/domain/catalog/fashion_color_library_data.dart:1397:10 • unnecessary_const
   info • Unnecessary 'const' keyword • lib/features/outfit_analysis/domain/catalog/fashion_color_library_data.dart:1404:10 • unnecessary_const
   info • Unnecessary 'const' keyword • lib/features/outfit_analysis/domain/catalog/fashion_color_library_data.dart:1405:10 • unnecessary_const
   info • Unnecessary 'const' keyword • lib/features/outfit_analysis/domain/catalog/fashion_color_library_data.dart:1412:10 • unnecessary_const
   info • Unnecessary 'const' keyword • lib/features/outfit_analysis/domain/catalog/fashion_color_library_data.dart:1413:10 • unnecessary_const
   info • Unnecessary 'const' keyword • lib/features/outfit_analysis/domain/catalog/fashion_color_library_data.dart:1420:10 • unnecessary_const
   info • Unnecessary 'const' keyword • lib/features/outfit_analysis/domain/catalog/fashion_color_library_data.dart:1421:10 • unnecessary_const
   info • Unnecessary 'const' keyword • lib/features/outfit_analysis/domain/catalog/fashion_color_library_data.dart:1428:10 • unnecessary_const
   info • Unnecessary 'const' keyword • lib/features/outfit_analysis/domain/catalog/fashion_color_library_data.dart:1429:10 • unnecessary_const
   info • Unnecessary 'const' keyword • lib/features/outfit_analysis/domain/catalog/fashion_color_library_data.dart:1436:10 • unnecessary_const
   info • Unnecessary 'const' keyword • lib/features/outfit_analysis/domain/catalog/fashion_color_library_data.dart:1437:10 • unnecessary_const
   info • Unnecessary 'const' keyword • lib/features/outfit_analysis/domain/catalog/fashion_color_library_data.dart:1444:10 • unnecessary_const
   info • Unnecessary 'const' keyword • lib/features/outfit_analysis/domain/catalog/fashion_color_library_data.dart:1445:10 • unnecessary_const
   info • Unnecessary 'const' keyword • lib/features/outfit_analysis/domain/catalog/fashion_color_library_data.dart:1452:10 • unnecessary_const
   info • Unnecessary 'const' keyword • lib/features/outfit_analysis/domain/catalog/fashion_color_library_data.dart:1453:10 • unnecessary_const
   info • Unnecessary 'const' keyword • lib/features/outfit_analysis/domain/catalog/fashion_color_library_data.dart:1460:10 • unnecessary_const
   info • Unnecessary 'const' keyword • lib/features/outfit_analysis/domain/catalog/fashion_color_library_data.dart:1461:10 • unnecessary_const
   info • Unnecessary 'const' keyword • lib/features/outfit_analysis/domain/catalog/fashion_color_library_data.dart:1468:10 • unnecessary_const
   info • Unnecessary 'const' keyword • lib/features/outfit_analysis/domain/catalog/fashion_color_library_data.dart:1469:10 • unnecessary_const
   info • Unnecessary 'const' keyword • lib/features/outfit_analysis/domain/catalog/fashion_color_library_data.dart:1476:10 • unnecessary_const
   info • Unnecessary 'const' keyword • lib/features/outfit_analysis/domain/catalog/fashion_color_library_data.dart:1477:10 • unnecessary_const
   info • Unnecessary 'const' keyword • lib/features/outfit_analysis/domain/catalog/fashion_color_library_data.dart:1484:10 • unnecessary_const
   info • Unnecessary 'const' keyword • lib/features/outfit_analysis/domain/catalog/fashion_color_library_data.dart:1485:10 • unnecessary_const
   info • Unnecessary 'const' keyword • lib/features/outfit_analysis/domain/catalog/fashion_color_library_data.dart:1492:10 • unnecessary_const
   info • Unnecessary 'const' keyword • lib/features/outfit_analysis/domain/catalog/fashion_color_library_data.dart:1493:10 • unnecessary_const
   info • Unnecessary 'const' keyword • lib/features/outfit_analysis/domain/catalog/fashion_color_library_data.dart:1500:10 • unnecessary_const
   info • Unnecessary 'const' keyword • lib/features/outfit_analysis/domain/catalog/fashion_color_library_data.dart:1501:10 • unnecessary_const
   info • Unnecessary 'const' keyword • lib/features/outfit_analysis/domain/catalog/fashion_color_library_data.dart:1508:10 • unnecessary_const
   info • Unnecessary 'const' keyword • lib/features/outfit_analysis/domain/catalog/fashion_color_library_data.dart:1509:10 • unnecessary_const
   info • Unnecessary 'const' keyword • lib/features/outfit_analysis/domain/catalog/fashion_color_library_data.dart:1516:10 • unnecessary_const
   info • Unnecessary 'const' keyword • lib/features/outfit_analysis/domain/catalog/fashion_color_library_data.dart:1517:10 • unnecessary_const
   info • Unnecessary 'const' keyword • lib/features/outfit_analysis/domain/catalog/fashion_color_library_data.dart:1524:10 • unnecessary_const
   info • Unnecessary 'const' keyword • lib/features/outfit_analysis/domain/catalog/fashion_color_library_data.dart:1525:10 • unnecessary_const
   info • Unnecessary 'const' keyword • lib/features/outfit_analysis/domain/catalog/fashion_color_library_data.dart:1532:10 • unnecessary_const
   info • Unnecessary 'const' keyword • lib/features/outfit_analysis/domain/catalog/fashion_color_library_data.dart:1533:10 • unnecessary_const
   info • Unnecessary 'const' keyword • lib/features/outfit_analysis/domain/catalog/fashion_color_library_data.dart:1540:10 • unnecessary_const
   info • Unnecessary 'const' keyword • lib/features/outfit_analysis/domain/catalog/fashion_color_library_data.dart:1541:10 • unnecessary_const
   info • Unnecessary 'const' keyword • lib/features/outfit_analysis/domain/catalog/fashion_color_library_data.dart:1548:10 • unnecessary_const
   info • Unnecessary 'const' keyword • lib/features/outfit_analysis/domain/catalog/fashion_color_library_data.dart:1549:10 • unnecessary_const
   info • Unnecessary 'const' keyword • lib/features/outfit_analysis/domain/catalog/fashion_color_library_data.dart:1556:10 • unnecessary_const
   info • Unnecessary 'const' keyword • lib/features/outfit_analysis/domain/catalog/fashion_color_library_data.dart:1557:10 • unnecessary_const
   info • Unnecessary 'const' keyword • lib/features/outfit_analysis/domain/catalog/fashion_color_library_data.dart:1564:10 • unnecessary_const
   info • Unnecessary 'const' keyword • lib/features/outfit_analysis/domain/catalog/fashion_color_library_data.dart:1565:10 • unnecessary_const
   info • Unnecessary 'const' keyword • lib/features/outfit_analysis/domain/catalog/fashion_color_library_data.dart:1572:10 • unnecessary_const
   info • Unnecessary 'const' keyword • lib/features/outfit_analysis/domain/catalog/fashion_color_library_data.dart:1573:10 • unnecessary_const
   info • Unnecessary 'const' keyword • lib/features/outfit_analysis/domain/catalog/fashion_color_library_data.dart:1580:10 • unnecessary_const
   info • Unnecessary 'const' keyword • lib/features/outfit_analysis/domain/catalog/fashion_color_library_data.dart:1581:10 • unnecessary_const
   info • Unnecessary 'const' keyword • lib/features/outfit_analysis/domain/catalog/fashion_color_library_data.dart:1588:10 • unnecessary_const
   info • Unnecessary 'const' keyword • lib/features/outfit_analysis/domain/catalog/fashion_color_library_data.dart:1589:10 • unnecessary_const
   info • Unnecessary 'const' keyword • lib/features/outfit_analysis/domain/catalog/fashion_color_library_data.dart:1596:10 • unnecessary_const
   info • Unnecessary 'const' keyword • lib/features/outfit_analysis/domain/catalog/fashion_color_library_data.dart:1597:10 • unnecessary_const
   info • Unnecessary 'const' keyword • lib/features/outfit_analysis/domain/catalog/fashion_color_library_data.dart:1604:10 • unnecessary_const
   info • Unnecessary 'const' keyword • lib/features/outfit_analysis/domain/catalog/fashion_color_library_data.dart:1605:10 • unnecessary_const
   info • Unnecessary 'const' keyword • lib/features/outfit_analysis/domain/catalog/fashion_color_library_data.dart:1612:10 • unnecessary_const
   info • Unnecessary 'const' keyword • lib/features/outfit_analysis/domain/catalog/fashion_color_library_data.dart:1613:10 • unnecessary_const
   info • Unnecessary 'const' keyword • lib/features/outfit_analysis/domain/catalog/fashion_color_library_data.dart:1620:10 • unnecessary_const
   info • Unnecessary 'const' keyword • lib/features/outfit_analysis/domain/catalog/fashion_color_library_data.dart:1621:10 • unnecessary_const
   info • Unnecessary 'const' keyword • lib/features/outfit_analysis/domain/catalog/fashion_color_library_data.dart:1628:10 • unnecessary_const
   info • Unnecessary 'const' keyword • lib/features/outfit_analysis/domain/catalog/fashion_color_library_data.dart:1629:10 • unnecessary_const
   info • Unnecessary 'const' keyword • lib/features/outfit_analysis/domain/catalog/fashion_color_library_data.dart:1636:10 • unnecessary_const
   info • Unnecessary 'const' keyword • lib/features/outfit_analysis/domain/catalog/fashion_color_library_data.dart:1637:10 • unnecessary_const
   info • Unnecessary 'const' keyword • lib/features/outfit_analysis/domain/catalog/fashion_color_library_data.dart:1644:10 • unnecessary_const
   info • Unnecessary 'const' keyword • lib/features/outfit_analysis/domain/catalog/fashion_color_library_data.dart:1645:10 • unnecessary_const
   info • Unnecessary 'const' keyword • lib/features/outfit_analysis/domain/catalog/fashion_color_library_data.dart:1652:10 • unnecessary_const
   info • Unnecessary 'const' keyword • lib/features/outfit_analysis/domain/catalog/fashion_color_library_data.dart:1653:10 • unnecessary_const
   info • Unnecessary 'const' keyword • lib/features/outfit_analysis/domain/catalog/fashion_color_library_data.dart:1660:10 • unnecessary_const
   info • Unnecessary 'const' keyword • lib/features/outfit_analysis/domain/catalog/fashion_color_library_data.dart:1661:10 • unnecessary_const
   info • Unnecessary 'const' keyword • lib/features/outfit_analysis/domain/catalog/fashion_color_library_data.dart:1668:10 • unnecessary_const
   info • Unnecessary 'const' keyword • lib/features/outfit_analysis/domain/catalog/fashion_color_library_data.dart:1669:10 • unnecessary_const
   info • Unnecessary 'const' keyword • lib/features/outfit_analysis/domain/catalog/fashion_color_library_data.dart:1676:10 • unnecessary_const
   info • Unnecessary 'const' keyword • lib/features/outfit_analysis/domain/catalog/fashion_color_library_data.dart:1677:10 • unnecessary_const
   info • Unnecessary 'const' keyword • lib/features/outfit_analysis/domain/catalog/fashion_color_library_data.dart:1684:10 • unnecessary_const
   info • Unnecessary 'const' keyword • lib/features/outfit_analysis/domain/catalog/fashion_color_library_data.dart:1685:10 • unnecessary_const
   info • Unnecessary 'const' keyword • lib/features/outfit_analysis/domain/catalog/fashion_color_library_data.dart:1692:10 • unnecessary_const
   info • Unnecessary 'const' keyword • lib/features/outfit_analysis/domain/catalog/fashion_color_library_data.dart:1693:10 • unnecessary_const
   info • Unnecessary 'const' keyword • lib/features/outfit_analysis/domain/catalog/fashion_color_library_data.dart:1700:10 • unnecessary_const
   info • Unnecessary 'const' keyword • lib/features/outfit_analysis/domain/catalog/fashion_color_library_data.dart:1701:10 • unnecessary_const
   info • Unnecessary 'const' keyword • lib/features/outfit_analysis/domain/catalog/fashion_color_library_data.dart:1708:10 • unnecessary_const
   info • Unnecessary 'const' keyword • lib/features/outfit_analysis/domain/catalog/fashion_color_library_data.dart:1709:10 • unnecessary_const
   info • Unnecessary 'const' keyword • lib/features/outfit_analysis/domain/catalog/fashion_color_library_data.dart:1716:10 • unnecessary_const
   info • Unnecessary 'const' keyword • lib/features/outfit_analysis/domain/catalog/fashion_color_library_data.dart:1717:10 • unnecessary_const
   info • Unnecessary 'const' keyword • lib/features/outfit_analysis/domain/catalog/fashion_color_library_data.dart:1724:10 • unnecessary_const
   info • Unnecessary 'const' keyword • lib/features/outfit_analysis/domain/catalog/fashion_color_library_data.dart:1725:10 • unnecessary_const
   info • Unnecessary 'const' keyword • lib/features/outfit_analysis/domain/catalog/fashion_color_library_data.dart:1732:10 • unnecessary_const
   info • Unnecessary 'const' keyword • lib/features/outfit_analysis/domain/catalog/fashion_color_library_data.dart:1733:10 • unnecessary_const
   info • Unnecessary 'const' keyword • lib/features/outfit_analysis/domain/catalog/fashion_color_library_data.dart:1740:10 • unnecessary_const
   info • Unnecessary 'const' keyword • lib/features/outfit_analysis/domain/catalog/fashion_color_library_data.dart:1741:10 • unnecessary_const
   info • Unnecessary 'const' keyword • lib/features/outfit_analysis/domain/catalog/fashion_color_library_data.dart:1748:10 • unnecessary_const
   info • Unnecessary 'const' keyword • lib/features/outfit_analysis/domain/catalog/fashion_color_library_data.dart:1749:10 • unnecessary_const
   info • Unnecessary 'const' keyword • lib/features/outfit_analysis/domain/catalog/fashion_color_library_data.dart:1756:10 • unnecessary_const
   info • Unnecessary 'const' keyword • lib/features/outfit_analysis/domain/catalog/fashion_color_library_data.dart:1757:10 • unnecessary_const
   info • Unnecessary 'const' keyword • lib/features/outfit_analysis/domain/catalog/fashion_color_library_data.dart:1764:10 • unnecessary_const
   info • Unnecessary 'const' keyword • lib/features/outfit_analysis/domain/catalog/fashion_color_library_data.dart:1765:10 • unnecessary_const
   info • Unnecessary 'const' keyword • lib/features/outfit_analysis/domain/catalog/fashion_color_library_data.dart:1772:10 • unnecessary_const
   info • Unnecessary 'const' keyword • lib/features/outfit_analysis/domain/catalog/fashion_color_library_data.dart:1773:10 • unnecessary_const
   info • Unnecessary 'const' keyword • lib/features/outfit_analysis/domain/catalog/fashion_color_library_data.dart:1780:10 • unnecessary_const
   info • Unnecessary 'const' keyword • lib/features/outfit_analysis/domain/catalog/fashion_color_library_data.dart:1781:10 • unnecessary_const
   info • Unnecessary 'const' keyword • lib/features/outfit_analysis/domain/catalog/fashion_color_library_data.dart:1788:10 • unnecessary_const
   info • Unnecessary 'const' keyword • lib/features/outfit_analysis/domain/catalog/fashion_color_library_data.dart:1789:10 • unnecessary_const
   info • Unnecessary 'const' keyword • lib/features/outfit_analysis/domain/catalog/fashion_color_library_data.dart:1796:10 • unnecessary_const
   info • Unnecessary 'const' keyword • lib/features/outfit_analysis/domain/catalog/fashion_color_library_data.dart:1797:10 • unnecessary_const
   info • Unnecessary 'const' keyword • lib/features/outfit_analysis/domain/catalog/fashion_color_library_data.dart:1804:10 • unnecessary_const
   info • Unnecessary 'const' keyword • lib/features/outfit_analysis/domain/catalog/fashion_color_library_data.dart:1805:10 • unnecessary_const
   info • Unnecessary 'const' keyword • lib/features/outfit_analysis/domain/catalog/fashion_color_library_data.dart:1812:10 • unnecessary_const
   info • Unnecessary 'const' keyword • lib/features/outfit_analysis/domain/catalog/fashion_color_library_data.dart:1813:10 • unnecessary_const
   info • Unnecessary 'const' keyword • lib/features/outfit_analysis/domain/catalog/fashion_color_library_data.dart:1820:10 • unnecessary_const
   info • Unnecessary 'const' keyword • lib/features/outfit_analysis/domain/catalog/fashion_color_library_data.dart:1821:10 • unnecessary_const
   info • Unnecessary 'const' keyword • lib/features/outfit_analysis/domain/catalog/fashion_color_library_data.dart:1828:10 • unnecessary_const
   info • Unnecessary 'const' keyword • lib/features/outfit_analysis/domain/catalog/fashion_color_library_data.dart:1829:10 • unnecessary_const
   info • Unnecessary 'const' keyword • lib/features/outfit_analysis/domain/catalog/fashion_color_library_data.dart:1836:10 • unnecessary_const
   info • Unnecessary 'const' keyword • lib/features/outfit_analysis/domain/catalog/fashion_color_library_data.dart:1837:10 • unnecessary_const
   info • Unnecessary 'const' keyword • lib/features/outfit_analysis/domain/catalog/fashion_color_library_data.dart:1844:10 • unnecessary_const
   info • Unnecessary 'const' keyword • lib/features/outfit_analysis/domain/catalog/fashion_color_library_data.dart:1845:10 • unnecessary_const
   info • Unnecessary 'const' keyword • lib/features/outfit_analysis/domain/catalog/fashion_color_library_data.dart:1852:10 • unnecessary_const
   info • Unnecessary 'const' keyword • lib/features/outfit_analysis/domain/catalog/fashion_color_library_data.dart:1853:10 • unnecessary_const
   info • Unnecessary 'const' keyword • lib/features/outfit_analysis/domain/catalog/fashion_color_library_data.dart:1860:10 • unnecessary_const
   info • Unnecessary 'const' keyword • lib/features/outfit_analysis/domain/catalog/fashion_color_library_data.dart:1861:10 • unnecessary_const
   info • Unnecessary 'const' keyword • lib/features/outfit_analysis/domain/catalog/fashion_color_library_data.dart:1868:10 • unnecessary_const
   info • Unnecessary 'const' keyword • lib/features/outfit_analysis/domain/catalog/fashion_color_library_data.dart:1869:10 • unnecessary_const
   info • Unnecessary 'const' keyword • lib/features/outfit_analysis/domain/catalog/fashion_color_library_data.dart:1876:10 • unnecessary_const
   info • Unnecessary 'const' keyword • lib/features/outfit_analysis/domain/catalog/fashion_color_library_data.dart:1877:10 • unnecessary_const
   info • Unnecessary 'const' keyword • lib/features/outfit_analysis/domain/catalog/fashion_color_library_data.dart:1884:10 • unnecessary_const
   info • Unnecessary 'const' keyword • lib/features/outfit_analysis/domain/catalog/fashion_color_library_data.dart:1885:10 • unnecessary_const
   info • Unnecessary 'const' keyword • lib/features/outfit_analysis/domain/catalog/fashion_color_library_data.dart:1892:10 • unnecessary_const
   info • Unnecessary 'const' keyword • lib/features/outfit_analysis/domain/catalog/fashion_color_library_data.dart:1893:10 • unnecessary_const
   info • Unnecessary 'const' keyword • lib/features/outfit_analysis/domain/catalog/fashion_color_library_data.dart:1900:10 • unnecessary_const
   info • Unnecessary 'const' keyword • lib/features/outfit_analysis/domain/catalog/fashion_color_library_data.dart:1901:10 • unnecessary_const
   info • Unnecessary 'const' keyword • lib/features/outfit_analysis/domain/catalog/fashion_color_library_data.dart:1908:10 • unnecessary_const
   info • Unnecessary 'const' keyword • lib/features/outfit_analysis/domain/catalog/fashion_color_library_data.dart:1909:10 • unnecessary_const
   info • Unnecessary 'const' keyword • lib/features/outfit_analysis/domain/catalog/fashion_color_library_data.dart:1916:10 • unnecessary_const
   info • Unnecessary 'const' keyword • lib/features/outfit_analysis/domain/catalog/fashion_color_library_data.dart:1917:10 • unnecessary_const
   info • Unnecessary 'const' keyword • lib/features/outfit_analysis/domain/catalog/fashion_color_library_data.dart:1924:10 • unnecessary_const
   info • Unnecessary 'const' keyword • lib/features/outfit_analysis/domain/catalog/fashion_color_library_data.dart:1925:10 • unnecessary_const
   info • Unnecessary 'const' keyword • lib/features/outfit_analysis/domain/catalog/fashion_color_library_data.dart:1932:10 • unnecessary_const
   info • Unnecessary 'const' keyword • lib/features/outfit_analysis/domain/catalog/fashion_color_library_data.dart:1933:10 • unnecessary_const
   info • Unnecessary 'const' keyword • lib/features/outfit_analysis/domain/catalog/fashion_color_library_data.dart:1940:10 • unnecessary_const
   info • Unnecessary 'const' keyword • lib/features/outfit_analysis/domain/catalog/fashion_color_library_data.dart:1941:10 • unnecessary_const
   info • Unnecessary 'const' keyword • lib/features/outfit_analysis/domain/catalog/fashion_color_library_data.dart:1948:10 • unnecessary_const
   info • Unnecessary 'const' keyword • lib/features/outfit_analysis/domain/catalog/fashion_color_library_data.dart:1949:10 • unnecessary_const
   info • Unnecessary 'const' keyword • lib/features/outfit_analysis/domain/catalog/fashion_color_library_data.dart:1956:10 • unnecessary_const
   info • Unnecessary 'const' keyword • lib/features/outfit_analysis/domain/catalog/fashion_color_library_data.dart:1957:10 • unnecessary_const
   info • Unnecessary 'const' keyword • lib/features/outfit_analysis/domain/catalog/fashion_color_library_data.dart:1964:10 • unnecessary_const
   info • Unnecessary 'const' keyword • lib/features/outfit_analysis/domain/catalog/fashion_color_library_data.dart:1965:10 • unnecessary_const
   info • Unnecessary 'const' keyword • lib/features/outfit_analysis/domain/catalog/fashion_color_library_data.dart:1972:10 • unnecessary_const
   info • Unnecessary 'const' keyword • lib/features/outfit_analysis/domain/catalog/fashion_color_library_data.dart:1973:10 • unnecessary_const
   info • Unnecessary 'const' keyword • lib/features/outfit_analysis/domain/catalog/fashion_color_library_data.dart:1980:10 • unnecessary_const
   info • Unnecessary 'const' keyword • lib/features/outfit_analysis/domain/catalog/fashion_color_library_data.dart:1981:10 • unnecessary_const
   info • Unnecessary 'const' keyword • lib/features/outfit_analysis/domain/catalog/fashion_compatibility_data.dart:9:20 • unnecessary_const
   info • Unnecessary 'const' keyword • lib/features/outfit_analysis/domain/catalog/fashion_compatibility_data.dart:14:20 • unnecessary_const
   info • Unnecessary 'const' keyword • lib/features/outfit_analysis/domain/catalog/fashion_compatibility_data.dart:19:20 • unnecessary_const
   info • Unnecessary 'const' keyword • lib/features/outfit_analysis/domain/catalog/fashion_compatibility_data.dart:24:20 • unnecessary_const
   info • Unnecessary 'const' keyword • lib/features/outfit_analysis/domain/catalog/fashion_compatibility_data.dart:29:20 • unnecessary_const
   info • Unnecessary 'const' keyword • lib/features/outfit_analysis/domain/catalog/fashion_compatibility_data.dart:34:20 • unnecessary_const
   info • Unnecessary 'const' keyword • lib/features/outfit_analysis/domain/catalog/fashion_compatibility_data.dart:39:20 • unnecessary_const
   info • Unnecessary 'const' keyword • lib/features/outfit_analysis/domain/catalog/fashion_compatibility_data.dart:44:20 • unnecessary_const
   info • Unnecessary 'const' keyword • lib/features/outfit_analysis/domain/catalog/fashion_compatibility_data.dart:49:20 • unnecessary_const
   info • Unnecessary 'const' keyword • lib/features/outfit_analysis/domain/catalog/fashion_compatibility_data.dart:54:20 • unnecessary_const
   info • Unnecessary 'const' keyword • lib/features/outfit_analysis/domain/catalog/fashion_compatibility_data.dart:59:20 • unnecessary_const
   info • Unnecessary 'const' keyword • lib/features/outfit_analysis/domain/catalog/fashion_compatibility_data.dart:64:20 • unnecessary_const
   info • Unnecessary 'const' keyword • lib/features/outfit_analysis/domain/catalog/fashion_compatibility_data.dart:69:20 • unnecessary_const
warning • The operand can't be 'null', so the condition is always 'true' • lib/features/outfit_analysis/domain/helpers/outfit_body_region_map.dart:71:30 • unnecessary_null_comparison
warning • The operand can't be 'null', so the condition is always 'true' • lib/features/outfit_analysis/domain/helpers/outfit_body_region_map.dart:71:51 • unnecessary_null_comparison
warning • The operand can't be 'null', so the condition is always 'true' • lib/features/outfit_analysis/domain/helpers/outfit_body_region_map.dart:71:67 • unnecessary_null_comparison
warning • Unused import: '../catalog/fashion_catalog_types.dart' • lib/features/outfit_analysis/domain/intelligence/fashion_context_engines.dart:2:8 • unused_import
   info • Unnecessary 'const' keyword • lib/features/outfit_analysis/domain/intelligence/fashion_embedding_data.dart:5:23 • unnecessary_const
   info • Unnecessary 'const' keyword • lib/features/outfit_analysis/domain/intelligence/fashion_embedding_data.dart:6:23 • unnecessary_const
   info • Unnecessary 'const' keyword • lib/features/outfit_analysis/domain/intelligence/fashion_embedding_data.dart:7:26 • unnecessary_const
   info • Unnecessary 'const' keyword • lib/features/outfit_analysis/domain/intelligence/fashion_embedding_data.dart:8:27 • unnecessary_const
   info • Unnecessary 'const' keyword • lib/features/outfit_analysis/domain/intelligence/fashion_embedding_data.dart:9:24 • unnecessary_const
   info • Unnecessary 'const' keyword • lib/features/outfit_analysis/domain/intelligence/fashion_embedding_data.dart:10:30 • unnecessary_const
   info • Unnecessary 'const' keyword • lib/features/outfit_analysis/domain/intelligence/fashion_embedding_data.dart:11:21 • unnecessary_const
   info • Unnecessary 'const' keyword • lib/features/outfit_analysis/domain/intelligence/fashion_embedding_data.dart:12:24 • unnecessary_const
   info • Unnecessary 'const' keyword • lib/features/outfit_analysis/domain/intelligence/fashion_embedding_data.dart:13:24 • unnecessary_const
   info • Unnecessary 'const' keyword • lib/features/outfit_analysis/domain/intelligence/fashion_embedding_data.dart:14:24 • unnecessary_const
   info • Unnecessary 'const' keyword • lib/features/outfit_analysis/domain/intelligence/fashion_embedding_data.dart:15:28 • unnecessary_const
   info • Unnecessary 'const' keyword • lib/features/outfit_analysis/domain/intelligence/fashion_embedding_data.dart:16:21 • unnecessary_const
   info • Unnecessary 'const' keyword • lib/features/outfit_analysis/domain/intelligence/fashion_embedding_data.dart:17:21 • unnecessary_const
   info • Unnecessary 'const' keyword • lib/features/outfit_analysis/domain/intelligence/fashion_embedding_data.dart:18:22 • unnecessary_const
   info • Unnecessary 'const' keyword • lib/features/outfit_analysis/domain/intelligence/fashion_embedding_data.dart:19:25 • unnecessary_const
   info • Unnecessary 'const' keyword • lib/features/outfit_analysis/domain/intelligence/fashion_embedding_data.dart:20:26 • unnecessary_const
   info • Unnecessary 'const' keyword • lib/features/outfit_analysis/domain/intelligence/fashion_embedding_data.dart:21:27 • unnecessary_const
   info • Unnecessary 'const' keyword • lib/features/outfit_analysis/domain/intelligence/fashion_embedding_data.dart:22:22 • unnecessary_const
   info • Unnecessary 'const' keyword • lib/features/outfit_analysis/domain/intelligence/fashion_embedding_data.dart:23:21 • unnecessary_const
   info • Unnecessary 'const' keyword • lib/features/outfit_analysis/domain/intelligence/fashion_embedding_data.dart:24:30 • unnecessary_const
warning • Unused import: '../catalog/fashion_catalog_types.dart' • lib/features/outfit_analysis/domain/intelligence/fashion_knowledge_graph.dart:2:8 • unused_import
   info • Unnecessary 'const' keyword • lib/features/outfit_analysis/domain/intelligence/fashion_knowledge_graph_data.dart:7:23 • unnecessary_const
   info • Unnecessary 'const' keyword • lib/features/outfit_analysis/domain/intelligence/fashion_knowledge_graph_data.dart:51:24 • unnecessary_const
   info • Unnecessary 'const' keyword • lib/features/outfit_analysis/domain/intelligence/fashion_knowledge_graph_data.dart:60:23 • unnecessary_const
   info • Unnecessary 'const' keyword • lib/features/outfit_analysis/domain/intelligence/fashion_knowledge_graph_data.dart:83:26 • unnecessary_const
   info • Unnecessary 'const' keyword • lib/features/outfit_analysis/domain/intelligence/fashion_knowledge_graph_data.dart:99:27 • unnecessary_const
   info • Unnecessary 'const' keyword • lib/features/outfit_analysis/domain/intelligence/fashion_knowledge_graph_data.dart:108:21 • unnecessary_const
   info • Unnecessary 'const' keyword • lib/features/outfit_analysis/domain/intelligence/fashion_knowledge_graph_data.dart:117:24 • unnecessary_const
   info • Unnecessary 'const' keyword • lib/features/outfit_analysis/domain/intelligence/fashion_knowledge_graph_data.dart:133:22 • unnecessary_const
   info • Unnecessary 'const' keyword • lib/features/outfit_analysis/domain/intelligence/fashion_knowledge_graph_data.dart:142:28 • unnecessary_const
   info • Unnecessary 'const' keyword • lib/features/outfit_analysis/domain/intelligence/fashion_knowledge_graph_data.dart:151:25 • unnecessary_const
   info • Unnecessary 'const' keyword • lib/features/outfit_analysis/domain/intelligence/fashion_knowledge_graph_data.dart:160:22 • unnecessary_const
warning • Unused import: '../../../../core/ai/models/mira_occasion.dart' • lib/features/outfit_analysis/domain/intelligence/fashion_ranking_engine.dart:1:8 • unused_import
warning • Unused import: '../catalog/fashion_catalog_types.dart' • lib/features/outfit_analysis/domain/intelligence/fashion_ranking_engine.dart:3:8 • unused_import
warning • Unused import: '../catalog/fashion_catalog_types.dart' • lib/features/outfit_analysis/domain/intelligence/fashion_similarity_search.dart:4:8 • unused_import
warning • Unused import: '../catalog/fashion_catalog_types.dart' • lib/features/outfit_analysis/domain/intelligence/fashion_trend_engine.dart:2:8 • unused_import
warning • Unused import: 'fashion_intelligence_types.dart' • lib/features/outfit_analysis/domain/intelligence/fashion_trend_engine.dart:4:8 • unused_import
warning • Unused import: '../catalog/fashion_catalog_types.dart' • lib/features/outfit_analysis/domain/intelligence/fashion_wardrobe_engines.dart:2:8 • unused_import
   info • Statements in an if should be enclosed in a block • lib/features/outfit_analysis/domain/services/deterministic_outfit_engine.dart:329:7 • curly_braces_in_flow_control_structures
   info • Statements in an if should be enclosed in a block • lib/features/outfit_analysis/domain/services/deterministic_outfit_engine.dart:567:11 • curly_braces_in_flow_control_structures
   info • Statements in an if should be enclosed in a block • lib/features/outfit_analysis/domain/services/deterministic_outfit_engine.dart:585:7 • curly_braces_in_flow_control_structures
   info • Unnecessary constructor invocation • lib/features/outfit_analysis/domain/services/outfit_segment_color_extractor.dart:133:26 • prefer_collection_literals
   info • The import of 'dart:ui' is unnecessary because all of the used elements are also provided by the import of 'package:flutter/painting.dart' • lib/features/outfit_analysis/presentation/geometry/outfit_image_mask_alignment.dart:1:8 • unnecessary_import
   info • Use 'isNotEmpty' instead of 'length' to test whether the collection is empty • lib/features/outfit_analysis/presentation/screens/outfit_history_screen.dart:61:30 • prefer_is_empty
   info • The import of '../../../../shared/delight/analysis_celebration.dart' is unnecessary because all of the used elements are also provided by the import of '../../../../shared/widgets/premium/premium_exports.dart' • lib/features/outfit_analysis/presentation/screens/outfit_result_screen.dart:4:8 • unnecessary_import
   info • 'red' is deprecated and shouldn't be used. Use (*.r * 255.0).round().clamp(0, 255) • lib/features/outfit_analysis/presentation/utils/fashion_color_binding.dart:78:20 • deprecated_member_use
   info • 'green' is deprecated and shouldn't be used. Use (*.g * 255.0).round().clamp(0, 255) • lib/features/outfit_analysis/presentation/utils/fashion_color_binding.dart:78:27 • deprecated_member_use
   info • 'blue' is deprecated and shouldn't be used. Use (*.b * 255.0).round().clamp(0, 255) • lib/features/outfit_analysis/presentation/utils/fashion_color_binding.dart:78:36 • deprecated_member_use
   info • 'red' is deprecated and shouldn't be used. Use (*.r * 255.0).round().clamp(0, 255) • lib/features/outfit_analysis/presentation/utils/fashion_color_binding.dart:79:20 • deprecated_member_use
   info • 'green' is deprecated and shouldn't be used. Use (*.g * 255.0).round().clamp(0, 255) • lib/features/outfit_analysis/presentation/utils/fashion_color_binding.dart:79:27 • deprecated_member_use
   info • 'blue' is deprecated and shouldn't be used. Use (*.b * 255.0).round().clamp(0, 255) • lib/features/outfit_analysis/presentation/utils/fashion_color_binding.dart:79:36 • deprecated_member_use
   info • The import of 'dart:typed_data' is unnecessary because all of the used elements are also provided by the import of 'package:flutter/services.dart' • lib/features/outfit_analysis/presentation/utils/outfit_camera_frame_utils.dart:3:8 • unnecessary_import
   info • The import of 'dart:ui' is unnecessary because all of the used elements are also provided by the import of 'package:flutter/services.dart' • lib/features/outfit_analysis/presentation/utils/outfit_camera_frame_utils.dart:4:8 • unnecessary_import
   info • The import of '../../../../../shared/delight/staggered_entrance.dart' is unnecessary because all of the used elements are also provided by the import of '../../../../../shared/widgets/premium/premium_exports.dart' • lib/features/outfit_analysis/presentation/widgets/engagement/outfit_result_story_shell.dart:11:8 • unnecessary_import
   info • The import of '../../../../../shared/delight/analysis_celebration.dart' is unnecessary because all of the used elements are also provided by the import of '../../../../../shared/widgets/premium/premium_exports.dart' • lib/features/outfit_analysis/presentation/widgets/engagement/outfit_result_story_shell.dart:12:8 • unnecessary_import
   info • The private field _validating could be 'final' • lib/features/outfit_analysis/presentation/widgets/outfit_live_capture_panel.dart:43:8 • prefer_final_fields
   info • The import of 'dart:typed_data' is unnecessary because all of the used elements are also provided by the import of 'package:flutter/foundation.dart' • lib/features/results_experience/domain/face_map_session_provenance.dart:3:8 • unnecessary_import
  error • The method 'toLinearPath' isn't defined for the type 'FaceRegionPolygon' • lib/features/results_experience/presentation/geometry/landmark_aligned_face_geometry.dart:82:27 • undefined_method
   info • The import of 'dart:ui' is unnecessary because all of the used elements are also provided by the import of 'package:flutter/painting.dart' • lib/features/results_experience/presentation/geometry/shared_image_mask_fit.dart:2:8 • unnecessary_import
  error • The method 'toLinearPath' isn't defined for the type 'FaceRegionPolygon' • lib/features/results_experience/presentation/geometry/skin_face_map_visual_path_builder.dart:29:25 • undefined_method
warning • The '!' will have no effect because the receiver can't be null • lib/features/results_experience/presentation/widgets/executive_summary_hero.dart:89:37 • unnecessary_non_null_assertion
warning • Unused import: '../../contracts/result_enums.dart' • lib/features/results_experience/presentation/widgets/metrics_overview_section.dart:5:8 • unused_import
warning • Unused import: '../../../../shared/theme/colors.dart' • lib/features/results_experience/presentation/widgets/results_confidence_chip.dart:3:8 • unused_import
   info • The type of the right operand ('ScoreCategory') isn't a subtype or a supertype of the left operand ('ConfidenceState') • lib/features/results_experience/validation/result_experience_validators.dart:152:30 • unrelated_type_equality_checks
warning • Unused import: 'dart:ui' • lib/features/skin_analysis/domain/image_quality/image_quality_evaluator.dart:2:8 • unused_import
   info • Unnecessary braces in a string interpolation • lib/features/skin_analysis/presentation/capture/perfect_camera_kit_gate.dart:152:52 • unnecessary_brace_in_string_interps
   info • Unnecessary braces in a string interpolation • lib/features/skin_analysis/presentation/capture/perfect_camera_kit_gate.dart:436:59 • unnecessary_brace_in_string_interps
  error • The getter 'anatomicalMidlineX' isn't defined for the type 'FaceMeshFrame' • lib/features/skin_analysis/presentation/capture/skin_capture_gate_snapshot.dart:144:26 • undefined_getter
  error • The getter 'anatomicalLeftIsLowerX' isn't defined for the type 'FaceMeshFrame' • lib/features/skin_analysis/presentation/capture/skin_capture_gate_snapshot.dart:150:41 • undefined_getter
  error • The method 'suppressReason' isn't defined for the type 'RegionPathUtils' • lib/features/skin_analysis/presentation/capture/skin_capture_gate_snapshot.dart:157:38 • undefined_method
  error • The getter 'anatomicalLeftIsLowerX' isn't defined for the type 'FaceMeshFrame' • lib/features/skin_analysis/presentation/capture/skin_capture_gate_snapshot.dart:164:39 • undefined_getter
  error • The getter 'yawDegrees' isn't defined for the type 'FaceMeshFrame' • lib/features/skin_analysis/presentation/capture/skin_capture_gate_snapshot.dart:179:23 • undefined_getter
  error • The getter 'pitchDegrees' isn't defined for the type 'FaceMeshFrame' • lib/features/skin_analysis/presentation/capture/skin_capture_gate_snapshot.dart:180:25 • undefined_getter
  error • The getter 'rollDegrees' isn't defined for the type 'FaceMeshFrame' • lib/features/skin_analysis/presentation/capture/skin_capture_gate_snapshot.dart:181:24 • undefined_getter
  error • The getter 'yawDegrees' isn't defined for the type 'FaceMeshFrame' • lib/features/skin_analysis/presentation/capture/skin_capture_live_stabilizer.dart:56:23 • undefined_getter
  error • The getter 'pitchDegrees' isn't defined for the type 'FaceMeshFrame' • lib/features/skin_analysis/presentation/capture/skin_capture_live_stabilizer.dart:57:25 • undefined_getter
  error • The getter 'rollDegrees' isn't defined for the type 'FaceMeshFrame' • lib/features/skin_analysis/presentation/capture/skin_capture_live_stabilizer.dart:58:24 • undefined_getter
   info • The import of 'dart:ui' is unnecessary because all of the used elements are also provided by the import of 'package:flutter/services.dart' • lib/features/skin_analysis/presentation/live_face_map/face_mesh_service.dart:7:8 • unnecessary_import
  error • Target of URI doesn't exist: 'package:pigeon/pigeon.dart' • packages/camera_avfoundation_fullrange/pigeons/messages.dart:5:8 • uri_does_not_exist
  error • Undefined name 'ConfigurePigeon' used as an annotation • packages/camera_avfoundation_fullrange/pigeons/messages.dart:7:1 • undefined_annotation
  error • The function 'PigeonOptions' isn't defined • packages/camera_avfoundation_fullrange/pigeons/messages.dart:8:3 • undefined_function
  error • Undefined class 'Uint8List' • packages/camera_avfoundation_fullrange/pigeons/messages.dart:151:9 • undefined_class
  error • Undefined name 'HostApi' used as an annotation • packages/camera_avfoundation_fullrange/pigeons/messages.dart:190:1 • undefined_annotation
  error • Undefined name 'async' used as an annotation • packages/camera_avfoundation_fullrange/pigeons/messages.dart:196:3 • undefined_annotation
  error • Undefined name 'ObjCSelector' used as an annotation • packages/camera_avfoundation_fullrange/pigeons/messages.dart:197:3 • undefined_annotation
  error • Undefined name 'async' used as an annotation • packages/camera_avfoundation_fullrange/pigeons/messages.dart:201:3 • undefined_annotation
  error • Undefined name 'ObjCSelector' used as an annotation • packages/camera_avfoundation_fullrange/pigeons/messages.dart:202:3 • undefined_annotation
  error • Undefined name 'async' used as an annotation • packages/camera_avfoundation_fullrange/pigeons/messages.dart:206:3 • undefined_annotation
  error • Undefined name 'ObjCSelector' used as an annotation • packages/camera_avfoundation_fullrange/pigeons/messages.dart:207:3 • undefined_annotation
  error • Undefined name 'async' used as an annotation • packages/camera_avfoundation_fullrange/pigeons/messages.dart:211:3 • undefined_annotation
  error • Undefined name 'async' used as an annotation • packages/camera_avfoundation_fullrange/pigeons/messages.dart:215:3 • undefined_annotation
  error • Undefined name 'async' used as an annotation • packages/camera_avfoundation_fullrange/pigeons/messages.dart:222:3 • undefined_annotation
  error • Undefined name 'async' used as an annotation • packages/camera_avfoundation_fullrange/pigeons/messages.dart:227:3 • undefined_annotation
  error • Undefined name 'ObjCSelector' used as an annotation • packages/camera_avfoundation_fullrange/pigeons/messages.dart:228:3 • undefined_annotation
  error • Undefined name 'async' used as an annotation • packages/camera_avfoundation_fullrange/pigeons/messages.dart:232:3 • undefined_annotation
  error • Undefined name 'ObjCSelector' used as an annotation • packages/camera_avfoundation_fullrange/pigeons/messages.dart:233:3 • undefined_annotation
  error • Undefined name 'async' used as an annotation • packages/camera_avfoundation_fullrange/pigeons/messages.dart:238:3 • undefined_annotation
  error • Undefined name 'async' used as an annotation • packages/camera_avfoundation_fullrange/pigeons/messages.dart:243:3 • undefined_annotation
  error • Undefined name 'async' used as an annotation • packages/camera_avfoundation_fullrange/pigeons/messages.dart:247:3 • undefined_annotation
  error • Undefined name 'async' used as an annotation • packages/camera_avfoundation_fullrange/pigeons/messages.dart:252:3 • undefined_annotation
  error • Undefined name 'ObjCSelector' used as an annotation • packages/camera_avfoundation_fullrange/pigeons/messages.dart:253:3 • undefined_annotation
  error • Undefined name 'async' used as an annotation • packages/camera_avfoundation_fullrange/pigeons/messages.dart:257:3 • undefined_annotation
  error • Undefined name 'async' used as an annotation • packages/camera_avfoundation_fullrange/pigeons/messages.dart:261:3 • undefined_annotation
  error • Undefined name 'async' used as an annotation • packages/camera_avfoundation_fullrange/pigeons/messages.dart:265:3 • undefined_annotation
  error • Undefined name 'async' used as an annotation • packages/camera_avfoundation_fullrange/pigeons/messages.dart:269:3 • undefined_annotation
  error • Undefined name 'ObjCSelector' used as an annotation • packages/camera_avfoundation_fullrange/pigeons/messages.dart:270:3 • undefined_annotation
  error • Undefined name 'async' used as an annotation • packages/camera_avfoundation_fullrange/pigeons/messages.dart:274:3 • undefined_annotation
  error • Undefined name 'ObjCSelector' used as an annotation • packages/camera_avfoundation_fullrange/pigeons/messages.dart:275:3 • undefined_annotation
  error • Undefined name 'async' used as an annotation • packages/camera_avfoundation_fullrange/pigeons/messages.dart:281:3 • undefined_annotation
  error • Undefined name 'ObjCSelector' used as an annotation • packages/camera_avfoundation_fullrange/pigeons/messages.dart:282:3 • undefined_annotation
  error • Undefined name 'async' used as an annotation • packages/camera_avfoundation_fullrange/pigeons/messages.dart:286:3 • undefined_annotation
  error • Undefined name 'ObjCSelector' used as an annotation • packages/camera_avfoundation_fullrange/pigeons/messages.dart:287:3 • undefined_annotation
  error • Undefined name 'async' used as an annotation • packages/camera_avfoundation_fullrange/pigeons/messages.dart:291:3 • undefined_annotation
  error • Undefined name 'ObjCSelector' used as an annotation • packages/camera_avfoundation_fullrange/pigeons/messages.dart:292:3 • undefined_annotation
  error • Undefined name 'async' used as an annotation • packages/camera_avfoundation_fullrange/pigeons/messages.dart:296:3 • undefined_annotation
  error • Undefined name 'ObjCSelector' used as an annotation • packages/camera_avfoundation_fullrange/pigeons/messages.dart:297:3 • undefined_annotation
  error • Undefined name 'async' used as an annotation • packages/camera_avfoundation_fullrange/pigeons/messages.dart:301:3 • undefined_annotation
  error • Undefined name 'ObjCSelector' used as an annotation • packages/camera_avfoundation_fullrange/pigeons/messages.dart:302:3 • undefined_annotation
  error • Undefined name 'async' used as an annotation • packages/camera_avfoundation_fullrange/pigeons/messages.dart:308:3 • undefined_annotation
  error • Undefined name 'ObjCSelector' used as an annotation • packages/camera_avfoundation_fullrange/pigeons/messages.dart:309:3 • undefined_annotation
  error • Undefined name 'async' used as an annotation • packages/camera_avfoundation_fullrange/pigeons/messages.dart:313:3 • undefined_annotation
  error • Undefined name 'ObjCSelector' used as an annotation • packages/camera_avfoundation_fullrange/pigeons/messages.dart:314:3 • undefined_annotation
  error • Undefined name 'async' used as an annotation • packages/camera_avfoundation_fullrange/pigeons/messages.dart:318:3 • undefined_annotation
  error • Undefined name 'ObjCSelector' used as an annotation • packages/camera_avfoundation_fullrange/pigeons/messages.dart:319:3 • undefined_annotation
  error • Undefined name 'async' used as an annotation • packages/camera_avfoundation_fullrange/pigeons/messages.dart:323:3 • undefined_annotation
  error • Undefined name 'ObjCSelector' used as an annotation • packages/camera_avfoundation_fullrange/pigeons/messages.dart:324:3 • undefined_annotation
  error • Undefined name 'async' used as an annotation • packages/camera_avfoundation_fullrange/pigeons/messages.dart:328:3 • undefined_annotation
  error • Undefined name 'ObjCSelector' used as an annotation • packages/camera_avfoundation_fullrange/pigeons/messages.dart:329:3 • undefined_annotation
  error • Undefined name 'async' used as an annotation • packages/camera_avfoundation_fullrange/pigeons/messages.dart:333:3 • undefined_annotation
  error • Undefined name 'ObjCSelector' used as an annotation • packages/camera_avfoundation_fullrange/pigeons/messages.dart:334:3 • undefined_annotation
  error • Undefined name 'async' used as an annotation • packages/camera_avfoundation_fullrange/pigeons/messages.dart:338:3 • undefined_annotation
  error • Undefined name 'async' used as an annotation • packages/camera_avfoundation_fullrange/pigeons/messages.dart:342:3 • undefined_annotation
  error • Undefined name 'async' used as an annotation • packages/camera_avfoundation_fullrange/pigeons/messages.dart:348:3 • undefined_annotation
  error • Undefined name 'async' used as an annotation • packages/camera_avfoundation_fullrange/pigeons/messages.dart:352:3 • undefined_annotation
  error • Undefined name 'ObjCSelector' used as an annotation • packages/camera_avfoundation_fullrange/pigeons/messages.dart:353:3 • undefined_annotation
  error • Undefined name 'EventChannelApi' used as an annotation • packages/camera_avfoundation_fullrange/pigeons/messages.dart:357:1 • undefined_annotation
  error • Undefined name 'FlutterApi' used as an annotation • packages/camera_avfoundation_fullrange/pigeons/messages.dart:363:1 • undefined_annotation
  error • Undefined name 'FlutterApi' used as an annotation • packages/camera_avfoundation_fullrange/pigeons/messages.dart:372:1 • undefined_annotation
  error • Undefined name 'ObjCSelector' used as an annotation • packages/camera_avfoundation_fullrange/pigeons/messages.dart:375:3 • undefined_annotation
  error • Undefined name 'ObjCSelector' used as an annotation • packages/camera_avfoundation_fullrange/pigeons/messages.dart:382:3 • undefined_annotation
  error • Target of URI doesn't exist: 'package:mockito/annotations.dart' • packages/camera_avfoundation_fullrange/test/avfoundation_camera_test.dart:16:8 • uri_does_not_exist
  error • Target of URI doesn't exist: 'package:mockito/mockito.dart' • packages/camera_avfoundation_fullrange/test/avfoundation_camera_test.dart:17:8 • uri_does_not_exist
  error • Undefined name 'GenerateNiceMocks' used as an annotation • packages/camera_avfoundation_fullrange/test/avfoundation_camera_test.dart:21:1 • undefined_annotation
  error • The name 'MockSpec' isn't a type, so it can't be used as a type argument • packages/camera_avfoundation_fullrange/test/avfoundation_camera_test.dart:21:21 • non_type_as_type_argument
  error • The function 'MockSpec' isn't defined • packages/camera_avfoundation_fullrange/test/avfoundation_camera_test.dart:21:39 • undefined_function
  error • The values in a const list literal must be constants • packages/camera_avfoundation_fullrange/test/avfoundation_camera_test.dart:21:39 • non_constant_list_element
  error • The function 'when' isn't defined • packages/camera_avfoundation_fullrange/test/avfoundation_camera_test.dart:34:7 • undefined_function
  error • Undefined name 'any' • packages/camera_avfoundation_fullrange/test/avfoundation_camera_test.dart:34:27 • undefined_identifier
  error • Undefined name 'any' • packages/camera_avfoundation_fullrange/test/avfoundation_camera_test.dart:34:32 • undefined_identifier
  error • Undefined class 'VerificationResult' • packages/camera_avfoundation_fullrange/test/avfoundation_camera_test.dart:49:13 • undefined_class
  error • The function 'verify' isn't defined • packages/camera_avfoundation_fullrange/test/avfoundation_camera_test.dart:49:47 • undefined_function
  error • Undefined name 'captureAny' • packages/camera_avfoundation_fullrange/test/avfoundation_camera_test.dart:50:24 • undefined_identifier
  error • Undefined name 'captureAny' • packages/camera_avfoundation_fullrange/test/avfoundation_camera_test.dart:50:36 • undefined_identifier
  error • The function 'when' isn't defined • packages/camera_avfoundation_fullrange/test/avfoundation_camera_test.dart:64:9 • undefined_function
  error • Undefined name 'any' • packages/camera_avfoundation_fullrange/test/avfoundation_camera_test.dart:64:29 • undefined_identifier
  error • Undefined name 'any' • packages/camera_avfoundation_fullrange/test/avfoundation_camera_test.dart:64:34 • undefined_identifier
  error • Undefined class 'VerificationResult' • packages/camera_avfoundation_fullrange/test/avfoundation_camera_test.dart:88:15 • undefined_class
  error • The function 'verify' isn't defined • packages/camera_avfoundation_fullrange/test/avfoundation_camera_test.dart:88:49 • undefined_function
  error • Undefined name 'captureAny' • packages/camera_avfoundation_fullrange/test/avfoundation_camera_test.dart:89:26 • undefined_identifier
  error • Undefined name 'captureAny' • packages/camera_avfoundation_fullrange/test/avfoundation_camera_test.dart:89:38 • undefined_identifier
  error • The function 'when' isn't defined • packages/camera_avfoundation_fullrange/test/avfoundation_camera_test.dart:110:9 • undefined_function
  error • Undefined name 'any' • packages/camera_avfoundation_fullrange/test/avfoundation_camera_test.dart:110:29 • undefined_identifier
  error • Undefined name 'any' • packages/camera_avfoundation_fullrange/test/avfoundation_camera_test.dart:110:34 • undefined_identifier
  error • The function 'when' isn't defined • packages/camera_avfoundation_fullrange/test/avfoundation_camera_test.dart:148:9 • undefined_function
  error • Undefined name 'any' • packages/camera_avfoundation_fullrange/test/avfoundation_camera_test.dart:148:33 • undefined_identifier
  error • Undefined name 'any' • packages/camera_avfoundation_fullrange/test/avfoundation_camera_test.dart:148:38 • undefined_identifier
  error • Undefined class 'VerificationResult' • packages/camera_avfoundation_fullrange/test/avfoundation_camera_test.dart:205:13 • undefined_class
  error • The function 'verify' isn't defined • packages/camera_avfoundation_fullrange/test/avfoundation_camera_test.dart:205:47 • undefined_function
  error • Undefined name 'captureAny' • packages/camera_avfoundation_fullrange/test/avfoundation_camera_test.dart:206:28 • undefined_identifier
  error • Undefined name 'captureAny' • packages/camera_avfoundation_fullrange/test/avfoundation_camera_test.dart:206:40 • undefined_identifier
  error • Undefined class 'VerificationResult' • packages/camera_avfoundation_fullrange/test/avfoundation_camera_test.dart:243:13 • undefined_class
  error • The function 'verify' isn't defined • packages/camera_avfoundation_fullrange/test/avfoundation_camera_test.dart:243:47 • undefined_function
  error • Undefined name 'captureAny' • packages/camera_avfoundation_fullrange/test/avfoundation_camera_test.dart:244:25 • undefined_identifier
  error • The function 'when' isn't defined • packages/camera_avfoundation_fullrange/test/avfoundation_camera_test.dart:255:7 • undefined_function
  error • Undefined name 'any' • packages/camera_avfoundation_fullrange/test/avfoundation_camera_test.dart:255:27 • undefined_identifier
  error • Undefined name 'any' • packages/camera_avfoundation_fullrange/test/avfoundation_camera_test.dart:255:32 • undefined_identifier
  error • The function 'when' isn't defined • packages/camera_avfoundation_fullrange/test/avfoundation_camera_test.dart:370:7 • undefined_function
  error • Undefined name 'any' • packages/camera_avfoundation_fullrange/test/avfoundation_camera_test.dart:370:27 • undefined_identifier
  error • Undefined name 'any' • packages/camera_avfoundation_fullrange/test/avfoundation_camera_test.dart:370:32 • undefined_identifier
  error • The function 'when' isn't defined • packages/camera_avfoundation_fullrange/test/avfoundation_camera_test.dart:410:9 • undefined_function
  error • The function 'when' isn't defined • packages/camera_avfoundation_fullrange/test/avfoundation_camera_test.dart:436:9 • undefined_function
  error • The function 'when' isn't defined • packages/camera_avfoundation_fullrange/test/avfoundation_camera_test.dart:457:7 • undefined_function
  error • The function 'verify' isn't defined • packages/camera_avfoundation_fullrange/test/avfoundation_camera_test.dart:467:7 • undefined_function
  error • The function 'verify' isn't defined • packages/camera_avfoundation_fullrange/test/avfoundation_camera_test.dart:473:7 • undefined_function
  error • Undefined name 'any' • packages/camera_avfoundation_fullrange/test/avfoundation_camera_test.dart:473:42 • undefined_identifier
  error • The function 'verify' isn't defined • packages/camera_avfoundation_fullrange/test/avfoundation_camera_test.dart:486:9 • undefined_function
  error • The function 'when' isn't defined • packages/camera_avfoundation_fullrange/test/avfoundation_camera_test.dart:492:7 • undefined_function
  error • The function 'verify' isn't defined • packages/camera_avfoundation_fullrange/test/avfoundation_camera_test.dart:502:7 • undefined_function
  error • The function 'verify' isn't defined • packages/camera_avfoundation_fullrange/test/avfoundation_camera_test.dart:508:7 • undefined_function
  error • The function 'verify' isn't defined • packages/camera_avfoundation_fullrange/test/avfoundation_camera_test.dart:520:7 • undefined_function
  error • The function 'verify' isn't defined • packages/camera_avfoundation_fullrange/test/avfoundation_camera_test.dart:526:7 • undefined_function
  error • The function 'verify' isn't defined • packages/camera_avfoundation_fullrange/test/avfoundation_camera_test.dart:532:7 • undefined_function
  error • The function 'verify' isn't defined • packages/camera_avfoundation_fullrange/test/avfoundation_camera_test.dart:538:7 • undefined_function
  error • The function 'verify' isn't defined • packages/camera_avfoundation_fullrange/test/avfoundation_camera_test.dart:544:7 • undefined_function
  error • The function 'verify' isn't defined • packages/camera_avfoundation_fullrange/test/avfoundation_camera_test.dart:550:7 • undefined_function
  error • The function 'verify' isn't defined • packages/camera_avfoundation_fullrange/test/avfoundation_camera_test.dart:556:7 • undefined_function
  error • Undefined class 'VerificationResult' • packages/camera_avfoundation_fullrange/test/avfoundation_camera_test.dart:563:13 • undefined_class
  error • The function 'verify' isn't defined • packages/camera_avfoundation_fullrange/test/avfoundation_camera_test.dart:563:47 • undefined_function
  error • Undefined name 'captureAny' • packages/camera_avfoundation_fullrange/test/avfoundation_camera_test.dart:564:34 • undefined_identifier
  error • Undefined class 'VerificationResult' • packages/camera_avfoundation_fullrange/test/avfoundation_camera_test.dart:574:13 • undefined_class
  error • The function 'verify' isn't defined • packages/camera_avfoundation_fullrange/test/avfoundation_camera_test.dart:574:47 • undefined_function
  error • Undefined name 'captureAny' • packages/camera_avfoundation_fullrange/test/avfoundation_camera_test.dart:575:34 • undefined_identifier
  error • The function 'when' isn't defined • packages/camera_avfoundation_fullrange/test/avfoundation_camera_test.dart:583:7 • undefined_function
  error • The function 'when' isn't defined • packages/camera_avfoundation_fullrange/test/avfoundation_camera_test.dart:596:7 • undefined_function
  error • The function 'verify' isn't defined • packages/camera_avfoundation_fullrange/test/avfoundation_camera_test.dart:617:7 • undefined_function
  error • The function 'verify' isn't defined • packages/camera_avfoundation_fullrange/test/avfoundation_camera_test.dart:625:7 • undefined_function
  error • The function 'verify' isn't defined • packages/camera_avfoundation_fullrange/test/avfoundation_camera_test.dart:631:7 • undefined_function
  error • Undefined class 'VerificationResult' • packages/camera_avfoundation_fullrange/test/avfoundation_camera_test.dart:638:13 • undefined_class
  error • The function 'verify' isn't defined • packages/camera_avfoundation_fullrange/test/avfoundation_camera_test.dart:638:47 • undefined_function
  error • Undefined name 'captureAny' • packages/camera_avfoundation_fullrange/test/avfoundation_camera_test.dart:639:31 • undefined_identifier
  error • Undefined class 'VerificationResult' • packages/camera_avfoundation_fullrange/test/avfoundation_camera_test.dart:649:13 • undefined_class
  error • The function 'verify' isn't defined • packages/camera_avfoundation_fullrange/test/avfoundation_camera_test.dart:649:47 • undefined_function
  error • Undefined name 'captureAny' • packages/camera_avfoundation_fullrange/test/avfoundation_camera_test.dart:650:31 • undefined_identifier
  error • The function 'when' isn't defined • packages/camera_avfoundation_fullrange/test/avfoundation_camera_test.dart:665:7 • undefined_function
  error • The function 'when' isn't defined • packages/camera_avfoundation_fullrange/test/avfoundation_camera_test.dart:674:7 • undefined_function
  error • The function 'verify' isn't defined • packages/camera_avfoundation_fullrange/test/avfoundation_camera_test.dart:686:7 • undefined_function
  error • The function 'when' isn't defined • packages/camera_avfoundation_fullrange/test/avfoundation_camera_test.dart:694:9 • undefined_function
  error • Undefined name 'any' • packages/camera_avfoundation_fullrange/test/avfoundation_camera_test.dart:694:35 • undefined_identifier
  error • The function 'when' isn't defined • packages/camera_avfoundation_fullrange/test/avfoundation_camera_test.dart:714:7 • undefined_function
  error • The function 'verify' isn't defined • packages/camera_avfoundation_fullrange/test/avfoundation_camera_test.dart:725:7 • undefined_function
  error • The function 'when' isn't defined • packages/camera_avfoundation_fullrange/test/avfoundation_camera_test.dart:731:7 • undefined_function
  error • The function 'verify' isn't defined • packages/camera_avfoundation_fullrange/test/avfoundation_camera_test.dart:742:7 • undefined_function
  error • The function 'when' isn't defined • packages/camera_avfoundation_fullrange/test/avfoundation_camera_test.dart:750:7 • undefined_function
  error • The function 'verify' isn't defined • packages/camera_avfoundation_fullrange/test/avfoundation_camera_test.dart:761:7 • undefined_function
  error • The function 'when' isn't defined • packages/camera_avfoundation_fullrange/test/avfoundation_camera_test.dart:769:7 • undefined_function
  error • The function 'verify' isn't defined • packages/camera_avfoundation_fullrange/test/avfoundation_camera_test.dart:780:7 • undefined_function
  error • The function 'when' isn't defined • packages/camera_avfoundation_fullrange/test/avfoundation_camera_test.dart:788:7 • undefined_function
  error • Undefined name 'any' • packages/camera_avfoundation_fullrange/test/avfoundation_camera_test.dart:789:51 • undefined_identifier
  error • The function 'when' isn't defined • packages/camera_avfoundation_fullrange/test/avfoundation_camera_test.dart:799:7 • undefined_function
  error • The function 'when' isn't defined • packages/camera_avfoundation_fullrange/test/avfoundation_camera_test.dart:804:7 • undefined_function
  error • The function 'when' isn't defined • packages/camera_avfoundation_fullrange/test/avfoundation_camera_test.dart:809:7 • undefined_function
  error • The function 'when' isn't defined • packages/camera_avfoundation_fullrange/test/avfoundation_camera_test.dart:814:7 • undefined_function
  error • The function 'when' isn't defined • packages/camera_avfoundation_fullrange/test/avfoundation_camera_test.dart:830:7 • undefined_function
  error • Undefined name 'any' • packages/camera_avfoundation_fullrange/test/avfoundation_camera_test.dart:831:51 • undefined_identifier
  error • The function 'when' isn't defined • packages/camera_avfoundation_fullrange/test/avfoundation_camera_test.dart:848:9 • undefined_function
  error • Undefined name 'any' • packages/camera_avfoundation_fullrange/test/avfoundation_camera_test.dart:849:53 • undefined_identifier
  error • The function 'when' isn't defined • packages/camera_avfoundation_fullrange/test/avfoundation_camera_test.dart:912:9 • undefined_function
  error • Undefined name 'any' • packages/camera_avfoundation_fullrange/test/avfoundation_camera_test.dart:912:35 • undefined_identifier
  error • The function 'verify' isn't defined • packages/camera_avfoundation_fullrange/test/avfoundation_camera_test.dart:937:7 • undefined_function
  error • The function 'verify' isn't defined • packages/camera_avfoundation_fullrange/test/avfoundation_camera_test.dart:945:7 • undefined_function
  error • The function 'verify' isn't defined • packages/camera_avfoundation_fullrange/test/avfoundation_camera_test.dart:951:7 • undefined_function
  error • The function 'verify' isn't defined • packages/camera_avfoundation_fullrange/test/avfoundation_camera_test.dart:957:7 • undefined_function
  error • The function 'verify' isn't defined • packages/camera_avfoundation_fullrange/test/avfoundation_camera_test.dart:969:7 • undefined_function
  error • The function 'verify' isn't defined • packages/camera_avfoundation_fullrange/test/avfoundation_camera_test.dart:980:7 • undefined_function
  error • The function 'verify' isn't defined • packages/camera_avfoundation_fullrange/test/avfoundation_camera_test.dart:981:7 • undefined_function
  error • The function 'verify' isn't defined • packages/camera_avfoundation_fullrange/test/avfoundation_camera_test.dart:987:7 • undefined_function
  error • The function 'verify' isn't defined • packages/camera_avfoundation_fullrange/test/avfoundation_camera_test.dart:993:7 • undefined_function
  error • Target of URI doesn't exist: 'package:mockito/mockito.dart' • packages/camera_avfoundation_fullrange/test/avfoundation_camera_test.mocks.dart:9:8 • uri_does_not_exist
  error • Target of URI doesn't exist: 'package:mockito/src/dummies.dart' • packages/camera_avfoundation_fullrange/test/avfoundation_camera_test.mocks.dart:10:8 • uri_does_not_exist
  error • Missing concrete implementation of 'getter class CameraApi.pigeonVar_binaryMessenger' • packages/camera_avfoundation_fullrange/test/avfoundation_camera_test.mocks.dart:29:7 • non_abstract_class_inherits_abstract_member
  error • The named parameter 'returnValue' isn't defined • packages/camera_avfoundation_fullrange/test/avfoundation_camera_test.mocks.dart:34:13 • undefined_named_parameter
  error • The named parameter 'returnValueForMissingStub' isn't defined • packages/camera_avfoundation_fullrange/test/avfoundation_camera_test.mocks.dart:38:13 • undefined_named_parameter
  error • The named parameter 'returnValue' isn't defined • packages/camera_avfoundation_fullrange/test/avfoundation_camera_test.mocks.dart:49:13 • undefined_named_parameter
  error • The named parameter 'returnValueForMissingStub' isn't defined • packages/camera_avfoundation_fullrange/test/avfoundation_camera_test.mocks.dart:52:13 • undefined_named_parameter
  error • The named parameter 'returnValue' isn't defined • packages/camera_avfoundation_fullrange/test/avfoundation_camera_test.mocks.dart:66:13 • undefined_named_parameter
  error • The named parameter 'returnValueForMissingStub' isn't defined • packages/camera_avfoundation_fullrange/test/avfoundation_camera_test.mocks.dart:67:13 • undefined_named_parameter
  error • The named parameter 'returnValue' isn't defined • packages/camera_avfoundation_fullrange/test/avfoundation_camera_test.mocks.dart:78:13 • undefined_named_parameter
  error • The named parameter 'returnValueForMissingStub' isn't defined • packages/camera_avfoundation_fullrange/test/avfoundation_camera_test.mocks.dart:79:13 • undefined_named_parameter
  error • The named parameter 'returnValue' isn't defined • packages/camera_avfoundation_fullrange/test/avfoundation_camera_test.mocks.dart:87:13 • undefined_named_parameter
  error • The named parameter 'returnValueForMissingStub' isn't defined • packages/camera_avfoundation_fullrange/test/avfoundation_camera_test.mocks.dart:88:13 • undefined_named_parameter
  error • The named parameter 'returnValue' isn't defined • packages/camera_avfoundation_fullrange/test/avfoundation_camera_test.mocks.dart:96:13 • undefined_named_parameter
  error • The named parameter 'returnValueForMissingStub' isn't defined • packages/camera_avfoundation_fullrange/test/avfoundation_camera_test.mocks.dart:97:13 • undefined_named_parameter
  error • The named parameter 'returnValue' isn't defined • packages/camera_avfoundation_fullrange/test/avfoundation_camera_test.mocks.dart:105:13 • undefined_named_parameter
  error • The named parameter 'returnValueForMissingStub' isn't defined • packages/camera_avfoundation_fullrange/test/avfoundation_camera_test.mocks.dart:106:13 • undefined_named_parameter
  error • The named parameter 'returnValue' isn't defined • packages/camera_avfoundation_fullrange/test/avfoundation_camera_test.mocks.dart:114:13 • undefined_named_parameter
  error • The named parameter 'returnValueForMissingStub' isn't defined • packages/camera_avfoundation_fullrange/test/avfoundation_camera_test.mocks.dart:115:13 • undefined_named_parameter
  error • The named parameter 'returnValue' isn't defined • packages/camera_avfoundation_fullrange/test/avfoundation_camera_test.mocks.dart:125:13 • undefined_named_parameter
  error • The named parameter 'returnValueForMissingStub' isn't defined • packages/camera_avfoundation_fullrange/test/avfoundation_camera_test.mocks.dart:126:13 • undefined_named_parameter
  error • The named parameter 'returnValue' isn't defined • packages/camera_avfoundation_fullrange/test/avfoundation_camera_test.mocks.dart:134:13 • undefined_named_parameter
  error • The named parameter 'returnValueForMissingStub' isn't defined • packages/camera_avfoundation_fullrange/test/avfoundation_camera_test.mocks.dart:135:13 • undefined_named_parameter
  error • The named parameter 'returnValue' isn't defined • packages/camera_avfoundation_fullrange/test/avfoundation_camera_test.mocks.dart:143:13 • undefined_named_parameter
  error • The named parameter 'returnValueForMissingStub' isn't defined • packages/camera_avfoundation_fullrange/test/avfoundation_camera_test.mocks.dart:146:13 • undefined_named_parameter
  error • The named parameter 'returnValue' isn't defined • packages/camera_avfoundation_fullrange/test/avfoundation_camera_test.mocks.dart:156:13 • undefined_named_parameter
  error • The named parameter 'returnValueForMissingStub' isn't defined • packages/camera_avfoundation_fullrange/test/avfoundation_camera_test.mocks.dart:157:13 • undefined_named_parameter
  error • The named parameter 'returnValue' isn't defined • packages/camera_avfoundation_fullrange/test/avfoundation_camera_test.mocks.dart:165:13 • undefined_named_parameter
  error • The named parameter 'returnValueForMissingStub' isn't defined • packages/camera_avfoundation_fullrange/test/avfoundation_camera_test.mocks.dart:166:13 • undefined_named_parameter
  error • The named parameter 'returnValue' isn't defined • packages/camera_avfoundation_fullrange/test/avfoundation_camera_test.mocks.dart:174:13 • undefined_named_parameter
  error • The named parameter 'returnValueForMissingStub' isn't defined • packages/camera_avfoundation_fullrange/test/avfoundation_camera_test.mocks.dart:180:13 • undefined_named_parameter
  error • The named parameter 'returnValue' isn't defined • packages/camera_avfoundation_fullrange/test/avfoundation_camera_test.mocks.dart:193:13 • undefined_named_parameter
  error • The named parameter 'returnValueForMissingStub' isn't defined • packages/camera_avfoundation_fullrange/test/avfoundation_camera_test.mocks.dart:194:13 • undefined_named_parameter
  error • The named parameter 'returnValue' isn't defined • packages/camera_avfoundation_fullrange/test/avfoundation_camera_test.mocks.dart:202:13 • undefined_named_parameter
  error • The named parameter 'returnValueForMissingStub' isn't defined • packages/camera_avfoundation_fullrange/test/avfoundation_camera_test.mocks.dart:203:13 • undefined_named_parameter
  error • The named parameter 'returnValue' isn't defined • packages/camera_avfoundation_fullrange/test/avfoundation_camera_test.mocks.dart:211:13 • undefined_named_parameter
  error • The named parameter 'returnValueForMissingStub' isn't defined • packages/camera_avfoundation_fullrange/test/avfoundation_camera_test.mocks.dart:212:13 • undefined_named_parameter
  error • The named parameter 'returnValue' isn't defined • packages/camera_avfoundation_fullrange/test/avfoundation_camera_test.mocks.dart:220:13 • undefined_named_parameter
  error • The named parameter 'returnValueForMissingStub' isn't defined • packages/camera_avfoundation_fullrange/test/avfoundation_camera_test.mocks.dart:221:13 • undefined_named_parameter
  error • The named parameter 'returnValue' isn't defined • packages/camera_avfoundation_fullrange/test/avfoundation_camera_test.mocks.dart:229:13 • undefined_named_parameter
  error • The named parameter 'returnValueForMissingStub' isn't defined • packages/camera_avfoundation_fullrange/test/avfoundation_camera_test.mocks.dart:230:13 • undefined_named_parameter
  error • The named parameter 'returnValue' isn't defined • packages/camera_avfoundation_fullrange/test/avfoundation_camera_test.mocks.dart:238:13 • undefined_named_parameter
  error • The named parameter 'returnValueForMissingStub' isn't defined • packages/camera_avfoundation_fullrange/test/avfoundation_camera_test.mocks.dart:239:13 • undefined_named_parameter
  error • The named parameter 'returnValue' isn't defined • packages/camera_avfoundation_fullrange/test/avfoundation_camera_test.mocks.dart:247:13 • undefined_named_parameter
  error • The named parameter 'returnValueForMissingStub' isn't defined • packages/camera_avfoundation_fullrange/test/avfoundation_camera_test.mocks.dart:248:13 • undefined_named_parameter
  error • The named parameter 'returnValue' isn't defined • packages/camera_avfoundation_fullrange/test/avfoundation_camera_test.mocks.dart:256:13 • undefined_named_parameter
  error • The named parameter 'returnValueForMissingStub' isn't defined • packages/camera_avfoundation_fullrange/test/avfoundation_camera_test.mocks.dart:257:13 • undefined_named_parameter
  error • The named parameter 'returnValue' isn't defined • packages/camera_avfoundation_fullrange/test/avfoundation_camera_test.mocks.dart:265:13 • undefined_named_parameter
  error • The named parameter 'returnValueForMissingStub' isn't defined • packages/camera_avfoundation_fullrange/test/avfoundation_camera_test.mocks.dart:266:13 • undefined_named_parameter
  error • The named parameter 'returnValue' isn't defined • packages/camera_avfoundation_fullrange/test/avfoundation_camera_test.mocks.dart:274:13 • undefined_named_parameter
  error • The named parameter 'returnValueForMissingStub' isn't defined • packages/camera_avfoundation_fullrange/test/avfoundation_camera_test.mocks.dart:275:13 • undefined_named_parameter
  error • The named parameter 'returnValue' isn't defined • packages/camera_avfoundation_fullrange/test/avfoundation_camera_test.mocks.dart:283:13 • undefined_named_parameter
  error • The named parameter 'returnValueForMissingStub' isn't defined • packages/camera_avfoundation_fullrange/test/avfoundation_camera_test.mocks.dart:284:13 • undefined_named_parameter
  error • The named parameter 'returnValue' isn't defined • packages/camera_avfoundation_fullrange/test/avfoundation_camera_test.mocks.dart:292:13 • undefined_named_parameter
  error • The named parameter 'returnValueForMissingStub' isn't defined • packages/camera_avfoundation_fullrange/test/avfoundation_camera_test.mocks.dart:293:13 • undefined_named_parameter
  error • The named parameter 'returnValue' isn't defined • packages/camera_avfoundation_fullrange/test/avfoundation_camera_test.mocks.dart:301:13 • undefined_named_parameter
  error • The named parameter 'returnValueForMissingStub' isn't defined • packages/camera_avfoundation_fullrange/test/avfoundation_camera_test.mocks.dart:302:13 • undefined_named_parameter
  error • The named parameter 'returnValue' isn't defined • packages/camera_avfoundation_fullrange/test/avfoundation_camera_test.mocks.dart:312:13 • undefined_named_parameter
  error • The named parameter 'returnValueForMissingStub' isn't defined • packages/camera_avfoundation_fullrange/test/avfoundation_camera_test.mocks.dart:313:13 • undefined_named_parameter
  error • The named parameter 'returnValue' isn't defined • packages/camera_avfoundation_fullrange/test/avfoundation_camera_test.mocks.dart:323:13 • undefined_named_parameter
  error • The named parameter 'returnValueForMissingStub' isn't defined • packages/camera_avfoundation_fullrange/test/avfoundation_camera_test.mocks.dart:324:13 • undefined_named_parameter
  error • The named parameter 'returnValue' isn't defined • packages/camera_avfoundation_fullrange/test/avfoundation_camera_test.mocks.dart:332:13 • undefined_named_parameter
  error • The named parameter 'returnValueForMissingStub' isn't defined • packages/camera_avfoundation_fullrange/test/avfoundation_camera_test.mocks.dart:333:13 • undefined_named_parameter
  error • The named parameter 'returnValue' isn't defined • packages/camera_avfoundation_fullrange/test/avfoundation_camera_test.mocks.dart:341:13 • undefined_named_parameter
  error • The named parameter 'returnValueForMissingStub' isn't defined • packages/camera_avfoundation_fullrange/test/avfoundation_camera_test.mocks.dart:342:13 • undefined_named_parameter
  error • The named parameter 'returnValue' isn't defined • packages/camera_avfoundation_fullrange/test/avfoundation_camera_test.mocks.dart:350:13 • undefined_named_parameter
  error • The named parameter 'returnValueForMissingStub' isn't defined • packages/camera_avfoundation_fullrange/test/avfoundation_camera_test.mocks.dart:351:13 • undefined_named_parameter
  error • The named parameter 'returnValue' isn't defined • packages/camera_avfoundation_fullrange/test/avfoundation_camera_test.mocks.dart:359:13 • undefined_named_parameter
  error • The named parameter 'returnValueForMissingStub' isn't defined • packages/camera_avfoundation_fullrange/test/avfoundation_camera_test.mocks.dart:360:13 • undefined_named_parameter
   info • Statements in an if should be enclosed in a block • scripts/asset_factory.dart:54:51 • curly_braces_in_flow_control_structures
   info • Statements in an if should be enclosed in a block • scripts/asset_factory.dart:55:8 • curly_braces_in_flow_control_structures
   info • Statements in an if should be enclosed in a block • scripts/fashion_pipeline.dart:50:51 • curly_braces_in_flow_control_structures
   info • Statements in an if should be enclosed in a block • scripts/fashion_pipeline.dart:51:8 • curly_braces_in_flow_control_structures
   info • The import of 'dart:ui' is unnecessary because all of the used elements are also provided by the import of 'package:flutter/material.dart' • test/face_analysis_experience/phase_9c_capture_mirror_test.dart:1:8 • unnecessary_import
   info • The import of 'dart:ui' is unnecessary because all of the used elements are also provided by the import of 'package:flutter/material.dart' • test/face_analysis_experience/phase_9d_analysis_motion_test.dart:1:8 • unnecessary_import
   info • The import of 'package:mirra/features/face_analysis_experience/guidance/guidance.dart' is unnecessary because all of the used elements are also provided by the import of 'package:mirra/features/face_analysis_experience/presentation/result/result_mirror.dart' • test/face_analysis_experience/phase_9h_personal_guidance_test.dart:3:8 • unnecessary_import
   info • The import of 'package:mirra/features/face_analysis_experience/advisor_context/advisor_context.dart' is unnecessary because all of the used elements are also provided by the import of 'package:mirra/features/face_analysis_experience/presentation/result/result_mirror.dart' • test/face_analysis_experience/phase_9i_advisor_context_test.dart:4:8 • unnecessary_import
   info • The import of 'package:mirra/features/face_analysis_experience/guidance/guidance.dart' is unnecessary because all of the used elements are also provided by the import of 'package:mirra/features/face_analysis_experience/presentation/result/result_mirror.dart' • test/face_analysis_experience/phase_9i_advisor_context_test.dart:5:8 • unnecessary_import
warning • Unused import: 'package:mirra/features/intelligence/domain/entities/face_intelligence_report.dart' • test/face_analysis_experience/phase_9i_advisor_context_test.dart:8:8 • unused_import
   info • The import of 'package:mirra/features/face_analysis_experience/presentation/shared/shared.dart' is unnecessary because all of the used elements are also provided by the import of 'package:mirra/features/face_analysis_experience/presentation/result/result_mirror.dart' • test/face_analysis_experience/phase_9k_premium_polish_test.dart:5:8 • unnecessary_import
   info • The import of 'package:mirra/features/face_analysis_experience/presentation/result/policy/face_result_motion_policy.dart' is unnecessary because all of the used elements are also provided by the import of 'package:mirra/features/face_analysis_experience/presentation/result/result_mirror.dart' • test/face_analysis_experience/phase_9k_premium_polish_test.dart:6:8 • unnecessary_import
   info • The import of 'package:mirra/features/face_analysis_experience/presentation/analysis/policy/analysis_motion_timing_policy.dart' is unnecessary because all of the used elements are also provided by the import of 'package:mirra/features/face_analysis_experience/presentation/analysis/analysis_motion.dart' • test/face_analysis_experience/phase_9k_premium_polish_test.dart:7:8 • unnecessary_import
   info • 'value' is deprecated and shouldn't be used. Use component accessors like .r or .g, or toARGB32 for an explicit conversion • test/face_analysis_experience/phase_9k_premium_polish_test.dart:103:41 • deprecated_member_use
  error • The named parameter 'limits' isn't defined • test/face_analysis_experience/strict_frontal_geometry_contract_test.dart:29:11 • undefined_named_parameter
  error • The named parameter 'limits' isn't defined • test/face_analysis_experience/strict_frontal_geometry_contract_test.dart:38:11 • undefined_named_parameter
  error • The named parameter 'limits' isn't defined • test/face_analysis_experience/strict_frontal_geometry_contract_test.dart:47:11 • undefined_named_parameter
  error • The named parameter 'limits' isn't defined • test/face_analysis_experience/strict_frontal_geometry_contract_test.dart:59:11 • undefined_named_parameter
  error • The named parameter 'limits' isn't defined • test/face_analysis_experience/strict_frontal_geometry_contract_test.dart:68:11 • undefined_named_parameter
  error • The method 'isCanonicalAlignedCapturePath' isn't defined for the type 'FaceImageProcessor' • test/face_analysis_experience/strict_frontal_geometry_contract_test.dart:76:28 • undefined_method
  error • The getter 'alignedNamePrefix' isn't defined for the type 'FaceAlignmentLimits' • test/face_analysis_experience/strict_frontal_geometry_contract_test.dart:77:39 • undefined_getter
  error • The method 'isCanonicalAlignedCapturePath' isn't defined for the type 'FaceImageProcessor' • test/face_analysis_experience/strict_frontal_geometry_contract_test.dart:82:28 • undefined_method
   info • 'red' is deprecated and shouldn't be used. Use (*.r * 255.0).round().clamp(0, 255) • test/fashion_color_binding_restore_test.dart:9:17 • deprecated_member_use
   info • 'green' is deprecated and shouldn't be used. Use (*.g * 255.0).round().clamp(0, 255) • test/fashion_color_binding_restore_test.dart:10:16 • deprecated_member_use
   info • 'red' is deprecated and shouldn't be used. Use (*.r * 255.0).round().clamp(0, 255) • test/fashion_color_binding_restore_test.dart:16:17 • deprecated_member_use
   info • 'blue' is deprecated and shouldn't be used. Use (*.b * 255.0).round().clamp(0, 255) • test/fashion_color_binding_restore_test.dart:16:36 • deprecated_member_use
warning • Unused import: 'package:mirra/features/outfit_analysis/domain/catalog/fashion_catalog_types.dart' • test/fashion_intelligence_engine_test.dart:2:8 • unused_import
warning • Unused import: 'package:mirra/features/marketplace/presentation/presentation/discover_presentation_catalog.dart' • test/features/marketplace/asset_video_port_test.dart:4:8 • unused_import
warning • The value of the local variable 'port' isn't used • test/features/marketplace/asset_video_port_test.dart:39:11 • unused_local_variable
warning • The value of the local variable 'port' isn't used • test/features/marketplace/asset_video_port_test.dart:135:11 • unused_local_variable
warning • Unused import: 'package:mirra/features/marketplace/presentation/presentation/presentation_models.dart' • test/features/marketplace/catalog_media_url_test.dart:8:8 • unused_import
   info • The import of 'package:flutter/foundation.dart' is unnecessary because all of the used elements are also provided by the import of 'package:flutter/material.dart' • test/features/marketplace/controllable_video_controller.dart:3:8 • unnecessary_import
   info • The import of 'dart:async' is unnecessary because all of the used elements are also provided by the import of 'package:flutter_test/flutter_test.dart' • test/features/marketplace/discover_ad_feed_test.dart:1:8 • unnecessary_import
warning • Unused import: 'package:mirra/features/marketplace/presentation/presentation/discover_view_count.dart' • test/features/marketplace/discover_ad_presentation_test.dart:6:8 • unused_import
warning • Unused import: 'package:mirra/features/marketplace/presentation/presentation/discover_visual_chrome.dart' • test/features/marketplace/discover_ad_presentation_test.dart:7:8 • unused_import
warning • The '!' will have no effect because the receiver can't be null • test/features/marketplace/discover_ad_rc4_test.dart:214:47 • unnecessary_non_null_assertion
warning • The '!' will have no effect because the receiver can't be null • test/features/marketplace/discover_ad_rc5_test.dart:188:51 • unnecessary_non_null_assertion
warning • The '!' will have no effect because the receiver can't be null • test/features/marketplace/discover_ad_rc5_test.dart:192:47 • unnecessary_non_null_assertion
warning • The '!' will have no effect because the receiver can't be null • test/features/marketplace/discover_ad_rc6_test.dart:211:47 • unnecessary_non_null_assertion
   info • The import of 'dart:typed_data' is unnecessary because all of the used elements are also provided by the import of 'package:flutter/services.dart' • test/features/marketplace/discover_fonts.dart:2:8 • unnecessary_import
   info • The import of 'dart:typed_data' is unnecessary because all of the used elements are also provided by the import of 'package:flutter/services.dart' • test/features/marketplace/discover_visual_capture_test.dart:2:8 • unnecessary_import
warning • A value for optional parameter 'delay' isn't ever given • test/features/skin_analysis/skin_analysis_bloc_attempt_test.dart:27:19 • unused_element_parameter
   info • 'value' is deprecated and shouldn't be used. Use component accessors like .r or .g, or toARGB32 for an explicit conversion • test/outfit_analysis/fashion_ui_restructure_binding_test.dart:14:21 • deprecated_member_use
   info • 'value' is deprecated and shouldn't be used. Use component accessors like .r or .g, or toARGB32 for an explicit conversion • test/outfit_analysis/fashion_ui_restructure_binding_test.dart:14:52 • deprecated_member_use
   info • 'value' is deprecated and shouldn't be used. Use component accessors like .r or .g, or toARGB32 for an explicit conversion • test/outfit_analysis/fashion_ui_restructure_binding_test.dart:22:20 • deprecated_member_use
   info • The import of 'dart:ui' is unnecessary because all of the used elements are also provided by the import of 'package:flutter_test/flutter_test.dart' • test/outfit_analysis/outfit_body_silhouette_clamp_test.dart:1:8 • unnecessary_import
   info • 'blue' is deprecated and shouldn't be used. Use (*.b * 255.0).round().clamp(0, 255) • test/outfit_analysis/outfit_device_visual_closure_test.dart:13:17 • deprecated_member_use
   info • 'red' is deprecated and shouldn't be used. Use (*.r * 255.0).round().clamp(0, 255) • test/outfit_analysis/outfit_device_visual_closure_test.dart:13:37 • deprecated_member_use
   info • 'red' is deprecated and shouldn't be used. Use (*.r * 255.0).round().clamp(0, 255) • test/outfit_analysis/outfit_device_visual_closure_test.dart:14:16 • deprecated_member_use
   info • 'blue' is deprecated and shouldn't be used. Use (*.b * 255.0).round().clamp(0, 255) • test/outfit_analysis/outfit_device_visual_closure_test.dart:20:17 • deprecated_member_use
   info • 'red' is deprecated and shouldn't be used. Use (*.r * 255.0).round().clamp(0, 255) • test/outfit_analysis/outfit_device_visual_closure_test.dart:20:37 • deprecated_member_use
   info • The import of 'dart:ui' is unnecessary because all of the used elements are also provided by the import of 'package:flutter_test/flutter_test.dart' • test/outfit_body_silhouette_builder_test.dart:1:8 • unnecessary_import
   info • The import of 'package:mirra/features/outfit_analysis/domain/entities/outfit_photo_trust.dart' is unnecessary because all of the used elements are also provided by the import of 'package:mirra/features/outfit_analysis/domain/helpers/outfit_result_trust.dart' • test/outfit_photo_trust_test.dart:11:8 • unnecessary_import
   info • The import of 'package:mirra/features/outfit_analysis/domain/entities/outfit_analysis_mode.dart' is unnecessary because all of the used elements are also provided by the import of 'package:mirra/features/outfit_analysis/domain/services/deterministic_outfit_engine.dart' • test/outfit_result_sections_test.dart:4:8 • unnecessary_import
warning • Unused import: 'package:mirra/features/outfit_analysis/domain/entities/outfit_score_result.dart' • test/outfit_score_engine_test.dart:4:8 • unused_import
   info • The import of 'package:mirra/features/skin_analysis/domain/image_quality/capture_quality_thresholds.dart' is unnecessary because all of the used elements are also provided by the import of 'package:mirra/features/skin_analysis/domain/image_quality/quality_confidence_mapper.dart' • test/phase2_image_quality_test.dart:7:8 • unnecessary_import
   info • The import of 'dart:ui' is unnecessary because all of the used elements are also provided by the import of 'package:flutter/material.dart' • test/phase4_5_face_production_test.dart:2:8 • unnecessary_import
   info • The import of 'package:mirra/features/skin_analysis/presentation/live_face_map/face_tracking_quality.dart' is unnecessary because all of the used elements are also provided by the import of 'package:mirra/features/skin_analysis/presentation/live_face_map/models/face_mesh_models.dart' • test/phase4a_face_foundation_test.dart:10:8 • unnecessary_import
   info • 'LocalFaceMapBuilder' is deprecated and shouldn't be used. Prefer server FaceHealthMap and MiraBeautyReport.faceIntelligence. See docs/architecture/local-face-map-builder-deprecation.md • test/phase4f_face_validation_test.dart:11:14 • deprecated_member_use_from_same_package
   info • The import of 'dart:ui' is unnecessary because all of the used elements are also provided by the import of 'package:flutter_test/flutter_test.dart' • test/results_experience/face_explorer_controller_test.dart:3:8 • unnecessary_import
   info • The import of 'package:mirra/features/results_experience/domain/perfect_mask_data_kind_contract.dart' is unnecessary because all of the used elements are also provided by the import of 'package:mirra/features/results_experience/domain/face_map_overlay_decision.dart' • test/results_experience/face_map_overlay_decision_test.dart:5:8 • unnecessary_import
  error • The named parameter 'limits' isn't defined • test/results_experience/landmark_aligned_face_geometry_test.dart:32:9 • undefined_named_parameter
  error • The named parameter 'limits' isn't defined • test/results_experience/landmark_aligned_face_geometry_test.dart:43:9 • undefined_named_parameter
   info • The import of 'dart:ui' is unnecessary because all of the used elements are also provided by the import of 'package:flutter/painting.dart' • test/results_experience/shared_image_mask_fit_test.dart:1:8 • unnecessary_import
  error • Undefined name 'FaceMapBaseMode' • test/results_experience/skin_face_first_privacy_contract_test.dart:44:9 • undefined_identifier
  error • Undefined name 'FaceMapBaseMode' • test/results_experience/skin_face_first_privacy_contract_test.dart:45:13 • undefined_identifier
  error • Undefined name 'FaceMapBaseMode' • test/results_experience/skin_face_first_privacy_contract_test.dart:56:14 • undefined_identifier
  error • The method 'toLinearPath' isn't defined for the type 'FaceRegionPolygon' • test/results_experience/skin_face_map_premium_visual_test.dart:48:24 • undefined_method
  error • The method 'toLinearPath' isn't defined for the type 'FaceRegionPolygon' • test/results_experience/skin_face_map_premium_visual_test.dart:127:33 • undefined_method
  error • The method 'toLinearPath' isn't defined for the type 'FaceRegionPolygon' • test/results_experience/skin_face_map_premium_visual_test.dart:128:46 • undefined_method
   info • 'selectedFill' is deprecated and shouldn't be used. Consumer Face Explorer uses Perfect masks only • test/results_experience/skin_face_map_premium_visual_test.dart:152:44 • deprecated_member_use_from_same_package
  error • The named parameter 'yawDegrees' isn't defined • test/skin_analysis/skin_capture_mesh_gate_closure_test.dart:93:13 • undefined_named_parameter
  error • The named parameter 'pitchDegrees' isn't defined • test/skin_analysis/skin_capture_mesh_gate_closure_test.dart:94:13 • undefined_named_parameter
  error • The named parameter 'rollDegrees' isn't defined • test/skin_analysis/skin_capture_mesh_gate_closure_test.dart:95:13 • undefined_named_parameter
   info • The local variable '_frontalLandmarks' starts with an underscore • test/skin_analysis/skin_capture_mesh_gate_closure_test.dart:105:28 • no_leading_underscores_for_local_identifiers
  error • The method 'suppressReason' isn't defined for the type 'RegionPathUtils' • test/skin_analysis/skin_capture_mesh_gate_closure_test.dart:176:25 • undefined_method
  error • The named parameter 'yawDegrees' isn't defined • test/skin_analysis/skin_capture_precision_ease_final_test.dart:65:7 • undefined_named_parameter
  error • The named parameter 'pitchDegrees' isn't defined • test/skin_analysis/skin_capture_precision_ease_final_test.dart:66:7 • undefined_named_parameter
  error • The named parameter 'rollDegrees' isn't defined • test/skin_analysis/skin_capture_precision_ease_final_test.dart:67:7 • undefined_named_parameter
  error • The method 'suppressReason' isn't defined for the type 'RegionPathUtils' • test/skin_analysis/skin_cheek_midline_pitch_calibration_test.dart:36:25 • undefined_method
  error • The method 'suppressReason' isn't defined for the type 'RegionPathUtils' • test/skin_analysis/skin_cheek_midline_pitch_calibration_test.dart:56:25 • undefined_method
  error • The method 'suppressReason' isn't defined for the type 'RegionPathUtils' • test/skin_analysis/skin_cheek_midline_pitch_calibration_test.dart:76:25 • undefined_method
  error • The method 'suppressReason' isn't defined for the type 'RegionPathUtils' • test/skin_analysis/skin_cheek_midline_pitch_calibration_test.dart:102:25 • undefined_method
  error • The method 'suppressReason' isn't defined for the type 'RegionPathUtils' • test/skin_analysis/skin_cheek_midline_pitch_calibration_test.dart:113:25 • undefined_method
  error • The method 'suppressReason' isn't defined for the type 'RegionPathUtils' • test/skin_analysis/skin_cheek_midline_pitch_calibration_test.dart:125:25 • undefined_method
  error • The method 'suppressReason' isn't defined for the type 'RegionPathUtils' • test/skin_analysis/skin_cheek_midline_visual_forensic_test.dart:71:25 • undefined_method

2224 issues found. (ran in 6.8s)
FLUTTER_ANALYZE_EXIT:1
